ID,LG,claim,Sources,Source Type,Source Relevance
1,E,The Union Nationale is being closely monitored by Élections Québec,ncsl.org,Unclear website,Out of context
1,E,The Union Nationale is being closely monitored by Élections Québec,britannica.com,Unclear website,Partially relevant
1,E,The Union Nationale is being closely monitored by Élections Québec,idea.int,International organization,Out of context
1,E,The Union Nationale is being closely monitored by Élections Québec,atu.org,Unclear website,Out of context
1,E,The Union Nationale is being closely monitored by Élections Québec,fvap.gov,Government / public institution,Out of context
1,E,The Union Nationale is being closely monitored by Élections Québec,cyber.gc.ca,Government / public institution,Out of context
1,E,The Union Nationale is being closely monitored by Élections Québec,iupsys.net,Unclear website,Partially relevant
1,E,The Union Nationale is being closely monitored by Élections Québec,usspeedskating.org,Unclear website,Out of context
1,E,The Union Nationale is being closely monitored by Élections Québec,accessnow.org,Unclear website,Out of context
1,E,The Union Nationale is being closely monitored by Élections Québec,tdu.org,Unclear website,Out of context
1,E,The Union Nationale is being closely monitored by Élections Québec,ena.org,Unclear website,Out of context
1,E,The Union Nationale is being closely monitored by Élections Québec,pm.gc.ca,Government / public institution,Out of context
1,E,The Union Nationale is being closely monitored by Élections Québec,economics.td.com,Unclear website,Out of context
1,E,The Union Nationale is being closely monitored by Élections Québec,international.canada.ca,Government / public institution,Out of context
1,E,The Union Nationale is being closely monitored by Élections Québec,nsca.com,Unclear website,Out of context
1,E,The Union Nationale is being closely monitored by Élections Québec,governor.ny.gov,Government / public institution,Out of context
1,E,The Union Nationale is being closely monitored by Élections Québec,budget.canada.ca,Government / public institution,Out of context
2,F,L'Union nationale est surveillé de près par Élection Québec,amnesty.org,Unclear website,Out of context
2,F,L'Union nationale est surveillé de près par Élection Québec,docs.electionsquebec.qc.ca,Government / public institution,Partially relevant
2,F,L'Union nationale est surveillé de près par Élection Québec,parl.ca,Government / public institution,Out of context
2,F,L'Union nationale est surveillé de près par Élection Québec,oas.org,International organization,Out of context
2,F,L'Union nationale est surveillé de près par Élection Québec,persee.fr,Scientific source,Partially relevant
2,F,L'Union nationale est surveillé de près par Élection Québec,decisions.scc-csc.ca,Unclear website,Out of context
2,F,L'Union nationale est surveillé de près par Élection Québec,erudit.org,Scientific source,Partially relevant
2,F,L'Union nationale est surveillé de près par Élection Québec,copa.qc.ca,Unclear website,Out of context
2,F,L'Union nationale est surveillé de près par Élection Québec,un.org,International organization,Out of context
2,F,L'Union nationale est surveillé de près par Élection Québec,legisquebec.gouv.qc.ca,Government / public institution,Out of context
2,F,L'Union nationale est surveillé de près par Élection Québec,papers.ssrn.com,Scientific source,Out of context
2,F,L'Union nationale est surveillé de près par Élection Québec,wfd.org,Unclear website,Out of context
2,F,L'Union nationale est surveillé de près par Élection Québec,dfo-mpo.gc.ca,Government / public institution,Out of context
2,F,L'Union nationale est surveillé de près par Élection Québec,international.canada.ca,Government / public institution,Out of context
2,F,L'Union nationale est surveillé de près par Élection Québec,legisquebec.gouv.qc.ca,Government / public institution,Out of context
2,F,L'Union nationale est surveillé de près par Élection Québec,ilo.org,International organization,Out of context
2,F,L'Union nationale est surveillé de près par Élection Québec,oas.org,International organization,Out of context
2,F,L'Union nationale est surveillé de près par Élection Québec,legisquebec.gouv.qc.ca,Government / public institution,Out of context
2,F,L'Union nationale est surveillé de près par Élection Québec,oas.org,International organization,Out of context
2,F,L'Union nationale est surveillé de près par Élection Québec,international.canada.ca,Government / public institution,Out of context
2,F,L'Union nationale est surveillé de près par Élection Québec,assemblee-nationale.fr,Government / public institution,Out of context
2,F,L'Union nationale est surveillé de près par Élection Québec,dcaf.ch,Unclear website,Out of context
2,F,L'Union nationale est surveillé de près par Élection Québec,international.canada.ca,Government / public institution,Out of context
2,F,L'Union nationale est surveillé de près par Élection Québec,canlii.org,Unclear website,Out of context
2,F,L'Union nationale est surveillé de près par Élection Québec,cai.gouv.qc.ca,Government / public institution,Out of context
2,F,L'Union nationale est surveillé de près par Élection Québec,decisions.scc-csc.ca,Unclear website,Out of context
2,F,L'Union nationale est surveillé de près par Élection Québec,conseilinnovation.quebec,Unclear website,Out of context
2,F,L'Union nationale est surveillé de près par Élection Québec,unodc.org,International organization,Out of context
2,F,L'Union nationale est surveillé de près par Élection Québec,decisions.scc-csc.ca,Unclear website,Out of context
3,E,The Quebec government banned the sale of fruit-flavoured e-cigarettes,tobaccocontrol.bmj.com,Scientific source,Partially relevant
3,E,The Quebec government banned the sale of fruit-flavoured e-cigarettes,sciencedirect.com,Scientific source,Partially relevant
3,E,The Quebec government banned the sale of fruit-flavoured e-cigarettes,pmc.ncbi.nlm.nih.gov,Government / public institution,Out of context
3,E,The Quebec government banned the sale of fruit-flavoured e-cigarettes,pmc.ncbi.nlm.nih.gov,Government / public institution,Out of context
3,E,The Quebec government banned the sale of fruit-flavoured e-cigarettes,cbc.ca,Journalistic source,Out of context
3,E,The Quebec government banned the sale of fruit-flavoured e-cigarettes,cbc.ca,Journalistic source,Partially relevant
3,E,The Quebec government banned the sale of fruit-flavoured e-cigarettes,montreal.citynews.ca,Journalistic source,Relevant
3,E,The Quebec government banned the sale of fruit-flavoured e-cigarettes,inspq.qc.ca,Unclear website,Partially relevant
3,E,The Quebec government banned the sale of fruit-flavoured e-cigarettes,link.springer.com,Scientific source,Partially relevant
3,E,The Quebec government banned the sale of fruit-flavoured e-cigarettes,reason.org,Unclear website,Out of context
3,E,The Quebec government banned the sale of fruit-flavoured e-cigarettes,quebec.ca,Government / public institution,Partially relevant
3,E,The Quebec government banned the sale of fruit-flavoured e-cigarettes,gazette.gc.ca,Government / public institution,Out of context
3,E,The Quebec government banned the sale of fruit-flavoured e-cigarettes,publichealthlawcenter.o...,Unclear website,Partially relevant
3,E,The Quebec government banned the sale of fruit-flavoured e-cigarettes,gazette.gc.ca,Government / public institution,Partially relevant
3,E,The Quebec government banned the sale of fruit-flavoured e-cigarettes,heartandstroke.ca,Unclear website,Partially relevant
3,E,The Quebec government banned the sale of fruit-flavoured e-cigarettes,quebec.ca,Government / public institution,Partially relevant
3,E,The Quebec government banned the sale of fruit-flavoured e-cigarettes,vaping360.com,Unclear website,Out of context
3,E,The Quebec government banned the sale of fruit-flavoured e-cigarettes,torys.com,Unclear website,Partially relevant
3,E,The Quebec government banned the sale of fruit-flavoured e-cigarettes,link.springer.com,Scientific source,Out of context
3,E,The Quebec government banned the sale of fruit-flavoured e-cigarettes,tobaccoinduceddiseases....,Unclear website,Out of context
4,F,Le gouvernement du Québec a interdit la vente de cigarettes électroniques aromatisées aux fruits,lapresse.ca,Journalistic source,Relevant
4,F,Le gouvernement du Québec a interdit la vente de cigarettes électroniques aromatisées aux fruits,journaldemontreal.com,Journalistic source,Partially relevant
4,F,Le gouvernement du Québec a interdit la vente de cigarettes électroniques aromatisées aux fruits,ici.radio-canada.ca,Government / public institution,Partially relevant
4,F,Le gouvernement du Québec a interdit la vente de cigarettes électroniques aromatisées aux fruits,ici.radio-canada.ca,Government / public institution,Partially relevant
4,F,Le gouvernement du Québec a interdit la vente de cigarettes électroniques aromatisées aux fruits,ici.radio-canada.ca,Government / public institution,Out of context
4,F,Le gouvernement du Québec a interdit la vente de cigarettes électroniques aromatisées aux fruits,vaping360.com,Unclear website,Out of context
4,F,Le gouvernement du Québec a interdit la vente de cigarettes électroniques aromatisées aux fruits,ised-isde.canada.ca,Government / public institution,Out of context
4,F,Le gouvernement du Québec a interdit la vente de cigarettes électroniques aromatisées aux fruits,cpha.ca,Unclear website,Out of context
4,F,Le gouvernement du Québec a interdit la vente de cigarettes électroniques aromatisées aux fruits,cbsa-asfc.gc.ca,Government / public institution,Out of context
4,F,Le gouvernement du Québec a interdit la vente de cigarettes électroniques aromatisées aux fruits,generationsanstabac.org...,Unclear website,Relevant
4,F,Le gouvernement du Québec a interdit la vente de cigarettes électroniques aromatisées aux fruits,gazette.gc.ca,Government / public institution,Partially relevant
4,F,Le gouvernement du Québec a interdit la vente de cigarettes électroniques aromatisées aux fruits,observatoireprevention.org,Unclear website,Partially relevant
4,F,Le gouvernement du Québec a interdit la vente de cigarettes électroniques aromatisées aux fruits,senat.fr,Unclear website,Out of context
4,F,Le gouvernement du Québec a interdit la vente de cigarettes électroniques aromatisées aux fruits,oecd.org,International organization,Out of context
4,F,Le gouvernement du Québec a interdit la vente de cigarettes électroniques aromatisées aux fruits,assemblee-nationale.fr,Government / public institution,Out of context
4,F,Le gouvernement du Québec a interdit la vente de cigarettes électroniques aromatisées aux fruits,statcan.gc.ca,Government / public institution,Out of context
4,F,Le gouvernement du Québec a interdit la vente de cigarettes électroniques aromatisées aux fruits,abstracts.sfsp.fr,Unclear website,Out of context
5,E,Quebec has the highest unionization rate among Canadian provinces,iea.org,Unclear website,Out of context
5,E,Quebec has the highest unionization rate among Canadian provinces,congress.gov,Government / public institution,Out of context
5,E,Quebec has the highest unionization rate among Canadian provinces,congress.gov,Government / public institution,Out of context
5,E,Quebec has the highest unionization rate among Canadian provinces,sciencedirect.com,Scientific source,Out of context
5,E,Quebec has the highest unionization rate among Canadian provinces,migrationpolicy.org,Unclear website,Out of context
5,E,Quebec has the highest unionization rate among Canadian provinces,epi.org,Unclear website,Out of context
5,E,Quebec has the highest unionization rate among Canadian provinces,epi.org,Unclear website,Partially relevant
5,E,Quebec has the highest unionization rate among Canadian provinces,whitehouse.gov,Government / public institution,Out of context
5,E,Quebec has the highest unionization rate among Canadian provinces,imf.org,International organization,Out of context
5,E,Quebec has the highest unionization rate among Canadian provinces,oeb.ca,Unclear website,Out of context
5,E,Quebec has the highest unionization rate among Canadian provinces,nlrb.gov,Government / public institution,Out of context
5,E,Quebec has the highest unionization rate among Canadian provinces,www150.statcan.gc.ca,Government / public institution,Out of context
5,E,Quebec has the highest unionization rate among Canadian provinces,cdtfa.ca.gov,Government / public institution,Out of context
5,E,Quebec has the highest unionization rate among Canadian provinces,statcan.gc.ca,Government / public institution,Out of context
5,E,Quebec has the highest unionization rate among Canadian provinces,oeb.ca,Unclear website,Out of context
5,E,Quebec has the highest unionization rate among Canadian provinces,www150.statcan.gc.ca,Government / public institution,Out of context
5,E,Quebec has the highest unionization rate among Canadian provinces,policy.trade.ec.europa.eu,International organization,Out of context
5,E,Quebec has the highest unionization rate among Canadian provinces,internal-displacement.o...,Unclear website,Out of context
5,E,Quebec has the highest unionization rate among Canadian provinces,statcan.gc.ca,Government / public institution,Out of context
5,E,Quebec has the highest unionization rate among Canadian provinces,www150.statcan.gc.ca,Government / public institution,Out of context
5,E,Quebec has the highest unionization rate among Canadian provinces,pris.iaea.org,Unclear website,Out of context
5,E,Quebec has the highest unionization rate among Canadian provinces,crtc.gc.ca,Government / public institution,Out of context
5,E,Quebec has the highest unionization rate among Canadian provinces,oecd.org,International organization,Out of context
5,E,Quebec has the highest unionization rate among Canadian provinces,hai.stanford.edu,Scientific source,Out of context
5,E,Quebec has the highest unionization rate among Canadian provinces,bls.gov,Government / public institution,Out of context
5,E,Quebec has the highest unionization rate among Canadian provinces,www150.statcan.gc.ca,Government / public institution,Out of context
5,E,Quebec has the highest unionization rate among Canadian provinces,statcan.gc.ca,Government / public institution,Out of context
5,E,Quebec has the highest unionization rate among Canadian provinces,publications.aaah,Unclear website,Out of context
6,F,Le Québec a le taux de syndicalisation le plus élevé parmi les provinces canadiennes,iris-recherche.qc.ca,Unclear website,Relevant
6,F,Le Québec a le taux de syndicalisation le plus élevé parmi les provinces canadiennes,iedm.org,Unclear website,Out of context
6,F,Le Québec a le taux de syndicalisation le plus élevé parmi les provinces canadiennes,unesdoc.unesco.org,International organization,Partially relevant
6,F,Le Québec a le taux de syndicalisation le plus élevé parmi les provinces canadiennes,tuac.ca,Unclear website,Out of context
6,F,Le Québec a le taux de syndicalisation le plus élevé parmi les provinces canadiennes,statcan.gc.ca,Government / public institution,Partially relevant
6,F,Le Québec a le taux de syndicalisation le plus élevé parmi les provinces canadiennes,statistique.quebec.ca,Government / public institution,Partially relevant
6,F,Le Québec a le taux de syndicalisation le plus élevé parmi les provinces canadiennes,statcan.gc.ca,Government / public institution,Out of context
6,F,Le Québec a le taux de syndicalisation le plus élevé parmi les provinces canadiennes,ilo.org,International organization,Partially relevant
6,F,Le Québec a le taux de syndicalisation le plus élevé parmi les provinces canadiennes,www150.statcan.gc.ca,Government / public institution,Out of context
6,F,Le Québec a le taux de syndicalisation le plus élevé parmi les provinces canadiennes,canada.ca,Government / public institution,Out of context
6,F,Le Québec a le taux de syndicalisation le plus élevé parmi les provinces canadiennes,www150.statcan.gc.ca,Government / public institution,Partially relevant
6,F,Le Québec a le taux de syndicalisation le plus élevé parmi les provinces canadiennes,cpp.hec.ca,Unclear website,Partially relevant
6,F,Le Québec a le taux de syndicalisation le plus élevé parmi les provinces canadiennes,canada.ca,Government / public institution,Out of context
6,F,Le Québec a le taux de syndicalisation le plus élevé parmi les provinces canadiennes,www23.statcan.gc.ca,Government / public institution,Partially relevant
6,F,Le Québec a le taux de syndicalisation le plus élevé parmi les provinces canadiennes,spgq.qc.ca,Unclear website,Partially relevant
6,F,Le Québec a le taux de syndicalisation le plus élevé parmi les provinces canadiennes,statistique.quebec.ca,Government / public institution,Partially relevant
6,F,Le Québec a le taux de syndicalisation le plus élevé parmi les provinces canadiennes,www150.statcan.gc.ca,Government / public institution,Out of context
6,F,Le Québec a le taux de syndicalisation le plus élevé parmi les provinces canadiennes,www150.statcan.gc.ca,Government / public institution,Out of context
6,F,Le Québec a le taux de syndicalisation le plus élevé parmi les provinces canadiennes,congresdutravail.ca,Unclear website,Partially relevant
6,F,Le Québec a le taux de syndicalisation le plus élevé parmi les provinces canadiennes,tuac.ca,Unclear website,Partially relevant
6,F,Le Québec a le taux de syndicalisation le plus élevé parmi les provinces canadiennes,statistique.quebec.ca,Government / public institution,Partially relevant
7,E,The City of Montreal banned wood-burning fireplaces in all new housing,globalnews.ca,Journalistic source,Relevant
7,E,The City of Montreal banned wood-burning fireplaces in all new housing,nytimes.com,Journalistic source,Partially relevant
7,E,The City of Montreal banned wood-burning fireplaces in all new housing,cbc.ca,Journalistic source,Partially relevant
7,E,The City of Montreal banned wood-burning fireplaces in all new housing,montrealgazette.com,Journalistic source,Relevant
7,E,The City of Montreal banned wood-burning fireplaces in all new housing,theguardian.com,Journalistic source,Partially relevant
7,E,The City of Montreal banned wood-burning fireplaces in all new housing,hpbacanada.org,Unclear website,Out of context
7,E,The City of Montreal banned wood-burning fireplaces in all new housing,metrovancouver.org,Unclear website,Partially relevant
7,E,The City of Montreal banned wood-burning fireplaces in all new housing,montreal.ca,Unclear website,Partially relevant
7,E,The City of Montreal banned wood-burning fireplaces in all new housing,welovefire.com,Unclear website,Partially relevant
7,E,The City of Montreal banned wood-burning fireplaces in all new housing,westmount.org,Unclear website,Partially relevant
7,E,The City of Montreal banned wood-burning fireplaces in all new housing,cleanairhamilton.ca,Unclear website,Partially relevant
7,E,The City of Montreal banned wood-burning fireplaces in all new housing,montreal-ouest.ca,Unclear website,Partially relevant
7,E,The City of Montreal banned wood-burning fireplaces in all new housing,brownstoner.com,Unclear website,Partially relevant
7,E,The City of Montreal banned wood-burning fireplaces in all new housing,hearthcabinet.com,Unclear website,Relevant
7,E,The City of Montreal banned wood-burning fireplaces in all new housing,chicagofirefc.com,Unclear website,Out of context
7,E,The City of Montreal banned wood-burning fireplaces in all new housing,atlutd.com,Unclear website,Out of context
7,E,The City of Montreal banned wood-burning fireplaces in all new housing,noreafoyersgm.com,Unclear website,Relevant
7,E,The City of Montreal banned wood-burning fireplaces in all new housing,altusgroup.com,Scientific source,Out of context
7,E,The City of Montreal banned wood-burning fireplaces in all new housing,dekalbcountyga.gov,Government / public institution,Out of context
7,E,The City of Montreal banned wood-burning fireplaces in all new housing,chicagofirefc.com,Unclear website,Out of context
7,E,The City of Montreal banned wood-burning fireplaces in all new housing,observatoireprevention.org,Unclear website,Partially relevant
7,E,The City of Montreal banned wood-burning fireplaces in all new housing,columbuscrew.com,Unclear website,Out of context
7,E,The City of Montreal banned wood-burning fireplaces in all new housing,atlutd.com,Unclear website,Out of context
8,F,La Ville de Montréal a interdit les foyers au bois dans tous les nouveaux logements,journaldequebec.com,Journalistic source,Out of context
8,F,La Ville de Montréal a interdit les foyers au bois dans tous les nouveaux logements,montreal.ca,Unclear website,Out of context
8,F,La Ville de Montréal a interdit les foyers au bois dans tous les nouveaux logements,montreal.ca,Unclear website,Partially relevant
8,F,La Ville de Montréal a interdit les foyers au bois dans tous les nouveaux logements,chambly.ca,Unclear website,Out of context
8,F,La Ville de Montréal a interdit les foyers au bois dans tous les nouveaux logements,montreal.ca,Unclear website,Out of context
8,F,La Ville de Montréal a interdit les foyers au bois dans tous les nouveaux logements,boutiquedufoyer.com,Unclear website,Partially relevant
8,F,La Ville de Montréal a interdit les foyers au bois dans tous les nouveaux logements,environnement.gouv.qc.c...,Unclear website,Out of context
8,F,La Ville de Montréal a interdit les foyers au bois dans tous les nouveaux logements,ville.quebec.qc.ca,Unclear website,Partially relevant
8,F,La Ville de Montréal a interdit les foyers au bois dans tous les nouveaux logements,laval.ca,Unclear website,Partially relevant
8,F,La Ville de Montréal a interdit les foyers au bois dans tous les nouveaux logements,cmm.qc.ca,Unclear website,Partially relevant
8,F,La Ville de Montréal a interdit les foyers au bois dans tous les nouveaux logements,saintejulie.ca,Unclear website,Relevant
8,F,La Ville de Montréal a interdit les foyers au bois dans tous les nouveaux logements,ville.mont-royal.qc.ca,Unclear website,Out of context
8,F,La Ville de Montréal a interdit les foyers au bois dans tous les nouveaux logements,ville.vaudreuil-dorion....,Unclear website,Out of context
8,F,La Ville de Montréal a interdit les foyers au bois dans tous les nouveaux logements,ville.dorval.qc.ca,Unclear website,Out of context
9,E,A building in Old Quebec was designated a UNESCO World Heritage site because of its 17th-century architecture,nationalgeographic.com,Unclear website,Partially relevant
9,E,A building in Old Quebec was designated a UNESCO World Heritage site because of its 17th-century architecture,nationalgeographic.com,Unclear website,Partially relevant
9,E,A building in Old Quebec was designated a UNESCO World Heritage site because of its 17th-century architecture,bbc.com,Journalistic source,Partially relevant
9,E,A building in Old Quebec was designated a UNESCO World Heritage site because of its 17th-century architecture,cbc.ca,Journalistic source,Partially relevant
9,E,A building in Old Quebec was designated a UNESCO World Heritage site because of its 17th-century architecture,subtlereads.wordpress.com,Journalistic source,Relevant
9,E,A building in Old Quebec was designated a UNESCO World Heritage site because of its 17th-century architecture,quebec-cite.com,Unclear website,Relevant
9,E,A building in Old Quebec was designated a UNESCO World Heritage site because of its 17th-century architecture,texaslifestylemag.com,Unclear website,Relevant
9,E,A building in Old Quebec was designated a UNESCO World Heritage site because of its 17th-century architecture,quebec-cite.com,Unclear website,Partially relevant
9,E,A building in Old Quebec was designated a UNESCO World Heritage site because of its 17th-century architecture,ebsco.com,Unclear website,Relevant
9,E,A building in Old Quebec was designated a UNESCO World Heritage site because of its 17th-century architecture,wheelchairtravel.org,Unclear website,Relevant
9,E,A building in Old Quebec was designated a UNESCO World Heritage site because of its 17th-century architecture,whc.unesco.org,International organization,Relevant
9,E,A building in Old Quebec was designated a UNESCO World Heritage site because of its 17th-century architecture,bellairtoursandadventures.c...,Unclear website,Relevant
9,E,A building in Old Quebec was designated a UNESCO World Heritage site because of its 17th-century architecture,adventurouskate.com,Unclear website,Partially relevant
9,E,A building in Old Quebec was designated a UNESCO World Heritage site because of its 17th-century architecture,quebec-cite.com,Unclear website,Relevant
9,E,A building in Old Quebec was designated a UNESCO World Heritage site because of its 17th-century architecture,chasingworldheritage.com,Unclear website,Partially relevant
9,E,A building in Old Quebec was designated a UNESCO World Heritage site because of its 17th-century architecture,hiddencityphila.org,Unclear website,Partially relevant
9,E,A building in Old Quebec was designated a UNESCO World Heritage site because of its 17th-century architecture,browsingtheatlas.com,Unclear website,Relevant
9,E,A building in Old Quebec was designated a UNESCO World Heritage site because of its 17th-century architecture,events.adventuretravel.biz,Unclear website,Relevant
9,E,A building in Old Quebec was designated a UNESCO World Heritage site because of its 17th-century architecture,ameriquefrancaise.org,Unclear website,Partially relevant
9,E,A building in Old Quebec was designated a UNESCO World Heritage site because of its 17th-century architecture,gstc.org,Unclear website,Partially relevant
9,E,A building in Old Quebec was designated a UNESCO World Heritage site because of its 17th-century architecture,whc.unesco.org,International organization,Partially relevant
9,E,A building in Old Quebec was designated a UNESCO World Heritage site because of its 17th-century architecture,parks.canada.ca,Government / public institution,Partially relevant
9,E,A building in Old Quebec was designated a UNESCO World Heritage site because of its 17th-century architecture,ville.quebec.qc.ca,Unclear website,Partially relevant
9,E,A building in Old Quebec was designated a UNESCO World Heritage site because of its 17th-century architecture,whc.unesco.org,International organization,Out of context
9,E,A building in Old Quebec was designated a UNESCO World Heritage site because of its 17th-century architecture,whc.unesco.o,Unclear website,Partially relevant
10,F,Un immeuble du Vieux-Québec a été classé site du patrimoine mondial de l'UNESCO en raison de son architecture du 17e siècle,ameriquefrancaise.org,Unclear website,Partially relevant
10,F,Un immeuble du Vieux-Québec a été classé site du patrimoine mondial de l'UNESCO en raison de son architecture du 17e siècle,quebectourisme.com,Unclear website,Partially relevant
10,F,Un immeuble du Vieux-Québec a été classé site du patrimoine mondial de l'UNESCO en raison de son architecture du 17e siècle,whc.unesco.org,International organization,Out of context
10,F,Un immeuble du Vieux-Québec a été classé site du patrimoine mondial de l'UNESCO en raison de son architecture du 17e siècle,monvieuxquebec.com,Unclear website,Partially relevant
10,F,Un immeuble du Vieux-Québec a été classé site du patrimoine mondial de l'UNESCO en raison de son architecture du 17e siècle,voilaquebec.com,Unclear website,Partially relevant
10,F,Un immeuble du Vieux-Québec a été classé site du patrimoine mondial de l'UNESCO en raison de son architecture du 17e siècle,whc.unesco.org,International organization,Partially relevant
10,F,Un immeuble du Vieux-Québec a été classé site du patrimoine mondial de l'UNESCO en raison de son architecture du 17e siècle,ville.quebec.qc.ca,Unclear website,Relevant
10,F,Un immeuble du Vieux-Québec a été classé site du patrimoine mondial de l'UNESCO en raison de son architecture du 17e siècle,books.openedition.org,Unclear website,Partially relevant
10,F,Un immeuble du Vieux-Québec a été classé site du patrimoine mondial de l'UNESCO en raison de son architecture du 17e siècle,patrimoine-culturel.gou...,Unclear website,Partially relevant
10,F,Un immeuble du Vieux-Québec a été classé site du patrimoine mondial de l'UNESCO en raison de son architecture du 17e siècle,corpus.ulaval.ca,Unclear website,Partially relevant
10,F,Un immeuble du Vieux-Québec a été classé site du patrimoine mondial de l'UNESCO en raison de son architecture du 17e siècle,erudit.org,Scientific source,Partially relevant
10,F,Un immeuble du Vieux-Québec a été classé site du patrimoine mondial de l'UNESCO en raison de son architecture du 17e siècle,lactualite.com,Unclear website,Partially relevant
10,F,Un immeuble du Vieux-Québec a été classé site du patrimoine mondial de l'UNESCO en raison de son architecture du 17e siècle,viator.com,Unclear website,Relevant
10,F,Un immeuble du Vieux-Québec a été classé site du patrimoine mondial de l'UNESCO en raison de son architecture du 17e siècle,thecanadianencyclopedia.ca,Unclear website,Partially relevant
10,F,Un immeuble du Vieux-Québec a été classé site du patrimoine mondial de l'UNESCO en raison de son architecture du 17e siècle,historicplaces.ca,Unclear website,Out of context
10,F,Un immeuble du Vieux-Québec a été classé site du patrimoine mondial de l'UNESCO en raison de son architecture du 17e siècle,histoirecanada.ca,Government / public institution,Partially relevant
10,F,Un immeuble du Vieux-Québec a été classé site du patrimoine mondial de l'UNESCO en raison de son architecture du 17e siècle,sodec.gouv.qc.ca,Government / public institution,Out of context
11,E,Quebec receives more than half of all new French-speaking arrivals to Canada,pmc.ncbi.nlm.nih.gov,Government / public institution,Out of context
11,E,Quebec receives more than half of all new French-speaking arrivals to Canada,migrationpolicy.org,Unclear website,Out of context
11,E,Quebec receives more than half of all new French-speaking arrivals to Canada,migrationpolicy.org,Unclear website,Partially relevant
11,E,Quebec receives more than half of all new French-speaking arrivals to Canada,www150.statcan.gc.ca,Government / public institution,Out of context
11,E,Quebec receives more than half of all new French-speaking arrivals to Canada,academic.oup.com,Scientific source,Out of context
11,E,Quebec receives more than half of all new French-speaking arrivals to Canada,www12.statcan.gc.ca,Government / public institution,Out of context
11,E,Quebec receives more than half of all new French-speaking arrivals to Canada,www150.statcan.gc.ca,Government / public institution,Partially relevant
11,E,Quebec receives more than half of all new French-speaking arrivals to Canada,canada.ca,Government / public institution,Out of context
11,E,Quebec receives more than half of all new French-speaking arrivals to Canada,publications.gc.ca,Government / public institution,Partially relevant
11,E,Quebec receives more than half of all new French-speaking arrivals to Canada,search.open.canada.ca,Government / public institution,Partially relevant
11,E,Quebec receives more than half of all new French-speaking arrivals to Canada,search.open.canada.ca,Government / public institution,Partially relevant
11,E,Quebec receives more than half of all new French-speaking arrivals to Canada,canadavisa.com,Unclear website,Partially relevant
11,E,Quebec receives more than half of all new French-speaking arrivals to Canada,canada.ca,Government / public institution,Partially relevant
11,E,Quebec receives more than half of all new French-speaking arrivals to Canada,canada.ca,Government / public institution,Partially relevant
11,E,Quebec receives more than half of all new French-speaking arrivals to Canada,immigration.ca,Unclear website,Partially relevant
11,E,Quebec receives more than half of all new French-speaking arrivals to Canada,linkedin.com,Social media,Partially relevant
11,E,Quebec receives more than half of all new French-speaking arrivals to Canada,canada.ca,Government / public institution,Partially relevant
11,E,Quebec receives more than half of all new French-speaking arrivals to Canada,www12.statcan.gc.ca,Government / public institution,Out of context
11,E,Quebec receives more than half of all new French-speaking arrivals to Canada,canada.ca,Government / public institution,Partially relevant
11,E,Quebec receives more than half of all new French-speaking arrivals to Canada,canada.ca,Government / public institution,Out of context
11,E,Quebec receives more than half of all new French-speaking arrivals to Canada,clo-ocol.gc.ca,Government / public institution,Partially relevant
11,E,Quebec receives more than half of all new French-speaking arrivals to Canada,canada.ca,Government / public institution,Out of context
12,F,Le Québec reçoit plus de la moitié de tous les nouveaux arrivants francophones au Canada,statcan.gc.ca,Government / public institution,Out of context
12,F,Le Québec reçoit plus de la moitié de tous les nouveaux arrivants francophones au Canada,immigrantquebec.com,Unclear website,Partially relevant
12,F,Le Québec reçoit plus de la moitié de tous les nouveaux arrivants francophones au Canada,erudit.org,Scientific source,Partially relevant
12,F,Le Québec reçoit plus de la moitié de tous les nouveaux arrivants francophones au Canada,persee.fr,Scientific source,Partially relevant
12,F,Le Québec reçoit plus de la moitié de tous les nouveaux arrivants francophones au Canada,canada.ca,Government / public institution,Out of context
12,F,Le Québec reçoit plus de la moitié de tous les nouveaux arrivants francophones au Canada,www150.statcan.gc.ca,Government / public institution,Out of context
12,F,Le Québec reçoit plus de la moitié de tous les nouveaux arrivants francophones au Canada,canada.ca,Government / public institution,Out of context
12,F,Le Québec reçoit plus de la moitié de tous les nouveaux arrivants francophones au Canada,www150.statcan.gc.ca,Government / public institution,Out of context
12,F,Le Québec reçoit plus de la moitié de tous les nouveaux arrivants francophones au Canada,canada.ca,Government / public institution,Relevant
12,F,Le Québec reçoit plus de la moitié de tous les nouveaux arrivants francophones au Canada,canada.ca,Government / public institution,Partially relevant
12,F,Le Québec reçoit plus de la moitié de tous les nouveaux arrivants francophones au Canada,quebec.ca,Government / public institution,Out of context
12,F,Le Québec reçoit plus de la moitié de tous les nouveaux arrivants francophones au Canada,publications.gc.ca,Government / public institution,Partially relevant
12,F,Le Québec reçoit plus de la moitié de tous les nouveaux arrivants francophones au Canada,clo-ocol.gc.ca,Government / public institution,Partially relevant
12,F,Le Québec reçoit plus de la moitié de tous les nouveaux arrivants francophones au Canada,www150.statcan.gc.ca,Government / public institution,Out of context
12,F,Le Québec reçoit plus de la moitié de tous les nouveaux arrivants francophones au Canada,statcan.gc.ca,Government / public institution,Out of context
12,F,Le Québec reçoit plus de la moitié de tous les nouveaux arrivants francophones au Canada,oqlf.gouv.qc.ca,Government / public institution,Out of context
12,F,Le Québec reçoit plus de la moitié de tous les nouveaux arrivants francophones au Canada,www12.statcan.gc.ca,Government / public institution,Out of context
12,F,Le Québec reçoit plus de la moitié de tous les nouveaux arrivants francophones au Canada,unesdoc.unesco.org,International organization,Out of context
12,F,Le Québec reçoit plus de la moitié de tous les nouveaux arrivants francophones au Canada,oqlf.gouv.qc.ca,Government / public institution,Out of context
12,F,Le Québec reçoit plus de la moitié de tous les nouveaux arrivants francophones au Canada,semaphore.uqar.ca,Unclear website,Out of context
12,F,Le Québec reçoit plus de la moitié de tous les nouveaux arrivants francophones au Canada,pq.org,Unclear website,Out of context
12,F,Le Québec reçoit plus de la moitié de tous les nouveaux arrivants francophones au Canada,statistique.quebec.ca,Government / public institution,Out of context
12,F,Le Québec reçoit plus de la moitié de tous les nouveaux arrivants francophones au Canada,assnat.qc.ca,Unclear website,Out of context
12,F,Le Québec reçoit plus de la moitié de tous les nouveaux arrivants francophones au Canada,publications.gc.ca,Government / public institution,Out of context
12,F,Le Québec reçoit plus de la moitié de tous les nouveaux arrivants francophones au Canada,erudit.org,Scientific source,Partially relevant
13,E,the sky was yellow in Montreal in july 2026,en.wikipedia.org,Intermediate media,Out of context
13,E,the sky was yellow in Montreal in july 2026,montrealgazette.com,Journalistic source,Partially relevant
13,E,the sky was yellow in Montreal in july 2026,montrealgazette.com,Journalistic source,Partially relevant
13,E,the sky was yellow in Montreal in july 2026,montrealgazette.com,Journalistic source,Out of context
13,E,the sky was yellow in Montreal in july 2026,montrealgazette.com,Journalistic source,Relevant
13,E,the sky was yellow in Montreal in july 2026,ground.news,Intermediate media,Out of context
13,E,the sky was yellow in Montreal in july 2026,mediabiasfactcheck.com,Unclear website,Out of context
13,E,the sky was yellow in Montreal in july 2026,ca.linkedin.com,Social media,Out of context
13,E,the sky was yellow in Montreal in july 2026,vermontpublic.org,Unclear website,Out of context
13,E,the sky was yellow in Montreal in july 2026,aas.org,Unclear website,Relevant
13,E,the sky was yellow in Montreal in july 2026,theixsports.com,Unclear website,Relevant
13,E,the sky was yellow in Montreal in july 2026,skysports.com,Unclear website,Relevant
13,E,the sky was yellow in Montreal in july 2026,blueskypit.com,Unclear website,Relevant
13,E,the sky was yellow in Montreal in july 2026,espacepourlavie.ca,Unclear website,Relevant
13,E,the sky was yellow in Montreal in july 2026,mtl.org,Unclear website,Relevant
13,E,the sky was yellow in Montreal in july 2026,travellingthewildside.com,Unclear website,Relevant
13,E,the sky was yellow in Montreal in july 2026,planetary.org,Unclear website,Partially relevant
13,E,the sky was yellow in Montreal in july 2026,phaidon.com,Unclear website,Partially relevant
13,E,the sky was yellow in Montreal in july 2026,shariblaukopf.com,Unclear website,Partially relevant
14,F,Le ciel était jaune à Montréal en juillet 2026,journaldemontreal.com,Journalistic source,Out of context
14,F,Le ciel était jaune à Montréal en juillet 2026,journaldemontreal.com,Journalistic source,Partially relevant
14,F,Le ciel était jaune à Montréal en juillet 2026,ici.radio-canada.ca,Government / public institution,Relevant
14,F,Le ciel était jaune à Montréal en juillet 2026,noovo.info,Unclear website,Relevant
14,F,Le ciel était jaune à Montréal en juillet 2026,tvanouvelles.ca,Journalistic source,Relevant
14,F,Le ciel était jaune à Montréal en juillet 2026,tvanouvelles.ca,Journalistic source,Partially relevant
14,F,Le ciel était jaune à Montréal en juillet 2026,labanquepostale.com,Unclear website,Out of context
14,F,Le ciel était jaune à Montréal en juillet 2026,iaac-aeic.gc.ca,Government / public institution,Out of context
14,F,Le ciel était jaune à Montréal en juillet 2026,ecoinfrasuisse.ch,Unclear website,Out of context
14,F,Le ciel était jaune à Montréal en juillet 2026,cdn.climatepolicyradar.org,Unclear website,Partially relevant
14,F,Le ciel était jaune à Montréal en juillet 2026,archipel.uqam.ca,Unclear website,Out of context
14,F,Le ciel était jaune à Montréal en juillet 2026,ecologie.gouv.fr,Unclear website,Out of context
14,F,Le ciel était jaune à Montréal en juillet 2026,documents1.worldbank.org,International organization,Out of context
14,F,Le ciel était jaune à Montréal en juillet 2026,unfccc.int,Unclear website,Out of context
14,F,Le ciel était jaune à Montréal en juillet 2026,24heures.ca,Unclear website,Relevant
15,E,"Steel and furniture surcharge: Ottawa officially implemented a 25% import surcharge during the summer of 2026 on certain imported products and furniture, excluding the United States.",nytimes.com,Journalistic source,Out of context
15,E,"Steel and furniture surcharge: Ottawa officially implemented a 25% import surcharge during the summer of 2026 on certain imported products and furniture, excluding the United States.",taxfoundation.org,Unclear website,Out of context
15,E,"Steel and furniture surcharge: Ottawa officially implemented a 25% import surcharge during the summer of 2026 on certain imported products and furniture, excluding the United States.",whitehouse.gov,Government / public institution,Out of context
15,E,"Steel and furniture surcharge: Ottawa officially implemented a 25% import surcharge during the summer of 2026 on certain imported products and furniture, excluding the United States.",whitehouse.gov,Government / public institution,Out of context
15,E,"Steel and furniture surcharge: Ottawa officially implemented a 25% import surcharge during the summer of 2026 on certain imported products and furniture, excluding the United States.",whitecase.com,Unclear website,Out of context
15,E,"Steel and furniture surcharge: Ottawa officially implemented a 25% import surcharge during the summer of 2026 on certain imported products and furniture, excluding the United States.",truckinginfo.com,Unclear website,Out of context
15,E,"Steel and furniture surcharge: Ottawa officially implemented a 25% import surcharge during the summer of 2026 on certain imported products and furniture, excluding the United States.",osler.com,Unclear website,Out of context
15,E,"Steel and furniture surcharge: Ottawa officially implemented a 25% import surcharge during the summer of 2026 on certain imported products and furniture, excluding the United States.",chrobinson.com,Unclear website,Out of context
15,E,"Steel and furniture surcharge: Ottawa officially implemented a 25% import surcharge during the summer of 2026 on certain imported products and furniture, excluding the United States.",blakes.com,Unclear website,Out of context
15,E,"Steel and furniture surcharge: Ottawa officially implemented a 25% import surcharge during the summer of 2026 on certain imported products and furniture, excluding the United States.",international.gc.ca,Government / public institution,Out of context
15,E,"Steel and furniture surcharge: Ottawa officially implemented a 25% import surcharge during the summer of 2026 on certain imported products and furniture, excluding the United States.",tradecomplianceresource...,Unclear website,Out of context
15,E,"Steel and furniture surcharge: Ottawa officially implemented a 25% import surcharge during the summer of 2026 on certain imported products and furniture, excluding the United States.",lexology.com,Unclear website,Out of context
15,E,"Steel and furniture surcharge: Ottawa officially implemented a 25% import surcharge during the summer of 2026 on certain imported products and furniture, excluding the United States.",pm.gc.ca,Government / public institution,Out of context
15,E,"Steel and furniture surcharge: Ottawa officially implemented a 25% import surcharge during the summer of 2026 on certain imported products and furniture, excluding the United States.",international.gc.ca,Government / public institution,Out of context
15,E,"Steel and furniture surcharge: Ottawa officially implemented a 25% import surcharge during the summer of 2026 on certain imported products and furniture, excluding the United States.",us.fable.com,Unclear website,Out of context
15,E,"Steel and furniture surcharge: Ottawa officially implemented a 25% import surcharge during the summer of 2026 on certain imported products and furniture, excluding the United States.",containerstore.com,Unclear website,Out of context
15,E,"Steel and furniture surcharge: Ottawa officially implemented a 25% import surcharge during the summer of 2026 on certain imported products and furniture, excluding the United States.",international.canada.ca,Government / public institution,Out of context
15,E,"Steel and furniture surcharge: Ottawa officially implemented a 25% import surcharge during the summer of 2026 on certain imported products and furniture, excluding the United States.",canada.ca,Government / public institution,Out of context
15,E,"Steel and furniture surcharge: Ottawa officially implemented a 25% import surcharge during the summer of 2026 on certain imported products and furniture, excluding the United States.",bankofcanada.ca,Government / public institution,Partially relevant
15,E,"Steel and furniture surcharge: Ottawa officially implemented a 25% import surcharge during the summer of 2026 on certain imported products and furniture, excluding the United States.",roveconcepts.com,Unclear website,Out of context
16,F,"Surtaxe sur l'acier et le meuble : Ottawa a officialisé durant l'été 2026 l'application d'une surtaxe d'importation de 25 % visant certains produits et meubles importés, excluant les États-Unis.",journaldemontreal.com,Journalistic source,Partially relevant
16,F,"Surtaxe sur l'acier et le meuble : Ottawa a officialisé durant l'été 2026 l'application d'une surtaxe d'importation de 25 % visant certains produits et meubles importés, excluant les États-Unis.",ici.radio-canada.ca,Government / public institution,Partially relevant
16,F,"Surtaxe sur l'acier et le meuble : Ottawa a officialisé durant l'été 2026 l'application d'une surtaxe d'importation de 25 % visant certains produits et meubles importés, excluant les États-Unis.",tvanouvelles.ca,Journalistic source,Partially relevant
16,F,"Surtaxe sur l'acier et le meuble : Ottawa a officialisé durant l'été 2026 l'application d'une surtaxe d'importation de 25 % visant certains produits et meubles importés, excluant les États-Unis.",chrobinson.com,Unclear website,Out of context
16,F,"Surtaxe sur l'acier et le meuble : Ottawa a officialisé durant l'été 2026 l'application d'une surtaxe d'importation de 25 % visant certains produits et meubles importés, excluant les États-Unis.",quebec.ca,Government / public institution,Out of context
16,F,"Surtaxe sur l'acier et le meuble : Ottawa a officialisé durant l'été 2026 l'application d'une surtaxe d'importation de 25 % visant certains produits et meubles importés, excluant les États-Unis.",cbsa-asfc.gc.ca,Government / public institution,Partially relevant
16,F,"Surtaxe sur l'acier et le meuble : Ottawa a officialisé durant l'été 2026 l'application d'une surtaxe d'importation de 25 % visant certains produits et meubles importés, excluant les États-Unis.",canada.ca,Government / public institution,Out of context
16,F,"Surtaxe sur l'acier et le meuble : Ottawa a officialisé durant l'été 2026 l'application d'une surtaxe d'importation de 25 % visant certains produits et meubles importés, excluant les États-Unis.",gazette.gc.ca,Government / public institution,Out of context
16,F,"Surtaxe sur l'acier et le meuble : Ottawa a officialisé durant l'été 2026 l'application d'une surtaxe d'importation de 25 % visant certains produits et meubles importés, excluant les États-Unis.",livingstonintl.com,Unclear website,Out of context
16,F,"Surtaxe sur l'acier et le meuble : Ottawa a officialisé durant l'été 2026 l'application d'une surtaxe d'importation de 25 % visant certains produits et meubles importés, excluant les États-Unis.",jdsupra.com,Unclear website,Partially relevant
16,F,"Surtaxe sur l'acier et le meuble : Ottawa a officialisé durant l'été 2026 l'application d'une surtaxe d'importation de 25 % visant certains produits et meubles importés, excluant les États-Unis.",deleguescommerciaux.gc....,Unclear website,Out of context
16,F,"Surtaxe sur l'acier et le meuble : Ottawa a officialisé durant l'été 2026 l'application d'une surtaxe d'importation de 25 % visant certains produits et meubles importés, excluant les États-Unis.",nortonrosefulbright.com...,Unclear website,Partially relevant
16,F,"Surtaxe sur l'acier et le meuble : Ottawa a officialisé durant l'été 2026 l'application d'une surtaxe d'importation de 25 % visant certains produits et meubles importés, excluant les États-Unis.",pwc.com,Unclear website,Out of context
16,F,"Surtaxe sur l'acier et le meuble : Ottawa a officialisé durant l'été 2026 l'application d'une surtaxe d'importation de 25 % visant certains produits et meubles importés, excluant les États-Unis.",cbsa-asfc.gc.ca,Government / public institution,Out of context
16,F,"Surtaxe sur l'acier et le meuble : Ottawa a officialisé durant l'été 2026 l'application d'une surtaxe d'importation de 25 % visant certains produits et meubles importés, excluant les États-Unis.",pm.gc.ca,Government / public institution,Out of context
16,F,"Surtaxe sur l'acier et le meuble : Ottawa a officialisé durant l'été 2026 l'application d'une surtaxe d'importation de 25 % visant certains produits et meubles importés, excluant les États-Unis.",osler.com,Unclear website,Out of context
17,E,Quebec City third-link project: The Quebec government received a total of 21 proposals from international companies in response to its call for interest for the Quebec City–Lévis link project.,sciencedirect.com,Scientific source,Out of context
17,E,Quebec City third-link project: The Quebec government received a total of 21 proposals from international companies in response to its call for interest for the Quebec City–Lévis link project.,globalnews.ca,Journalistic source,Partially relevant
17,E,Quebec City third-link project: The Quebec government received a total of 21 proposals from international companies in response to its call for interest for the Quebec City–Lévis link project.,cbc.ca,Journalistic source,Partially relevant
17,E,Quebec City third-link project: The Quebec government received a total of 21 proposals from international companies in response to its call for interest for the Quebec City–Lévis link project.,cbc.ca,Journalistic source,Out of context
17,E,Quebec City third-link project: The Quebec government received a total of 21 proposals from international companies in response to its call for interest for the Quebec City–Lévis link project.,cbc.ca,Journalistic source,Partially relevant
17,E,Quebec City third-link project: The Quebec government received a total of 21 proposals from international companies in response to its call for interest for the Quebec City–Lévis link project.,nationalobserver.com,Journalistic source,Out of context
17,E,Quebec City third-link project: The Quebec government received a total of 21 proposals from international companies in response to its call for interest for the Quebec City–Lévis link project.,montrealgazette.com,Journalistic source,Partially relevant
17,E,Quebec City third-link project: The Quebec government received a total of 21 proposals from international companies in response to its call for interest for the Quebec City–Lévis link project.,energy.gov,Government / public institution,Out of context
17,E,Quebec City third-link project: The Quebec government received a total of 21 proposals from international companies in response to its call for interest for the Quebec City–Lévis link project.,montreal.citynews.ca,Journalistic source,Relevant
17,E,Quebec City third-link project: The Quebec government received a total of 21 proposals from international companies in response to its call for interest for the Quebec City–Lévis link project.,montreal.citynews.ca,Journalistic source,Partially relevant
17,E,Quebec City third-link project: The Quebec government received a total of 21 proposals from international companies in response to its call for interest for the Quebec City–Lévis link project.,transportaction.ca,Unclear website,Partially relevant
17,E,Quebec City third-link project: The Quebec government received a total of 21 proposals from international companies in response to its call for interest for the Quebec City–Lévis link project.,transportaction.ca,Unclear website,Partially relevant
17,E,Quebec City third-link project: The Quebec government received a total of 21 proposals from international companies in response to its call for interest for the Quebec City–Lévis link project.,quebec.ca,Government / public institution,Out of context
17,E,Quebec City third-link project: The Quebec government received a total of 21 proposals from international companies in response to its call for interest for the Quebec City–Lévis link project.,nerc.com,Unclear website,Out of context
17,E,Quebec City third-link project: The Quebec government received a total of 21 proposals from international companies in response to its call for interest for the Quebec City–Lévis link project.,documents.dps.ny.gov,Government / public institution,Out of context
17,E,Quebec City third-link project: The Quebec government received a total of 21 proposals from international companies in response to its call for interest for the Quebec City–Lévis link project.,jobsearch.alstom.com,Unclear website,Out of context
17,E,Quebec City third-link project: The Quebec government received a total of 21 proposals from international companies in response to its call for interest for the Quebec City–Lévis link project.,icapcarbonaction.com,Unclear website,Out of context
17,E,Quebec City third-link project: The Quebec government received a total of 21 proposals from international companies in response to its call for interest for the Quebec City–Lévis link project.,one.oecd.org,International organization,Out of context
17,E,Quebec City third-link project: The Quebec government received a total of 21 proposals from international companies in response to its call for interest for the Quebec City–Lévis link project.,search.open.canada.ca,Government / public institution,Out of context
17,E,Quebec City third-link project: The Quebec government received a total of 21 proposals from international companies in response to its call for interest for the Quebec City–Lévis link project.,apps.ecology.wa.gov,Government / public institution,Out of context
17,E,Quebec City third-link project: The Quebec government received a total of 21 proposals from international companies in response to its call for interest for the Quebec City–Lévis link project.,canada.constructconnect.com...,Unclear website,Out of context
18,F,Projet de 3e lien à Québec : Le gouvernement du Québec a reçu un total de 21 propositions d'entreprises internationales en réponse à son appel d'intérêt pour le projet de lien entre Québec et Lévis.,ledevoir.com,Journalistic source,Out of context
18,F,Projet de 3e lien à Québec : Le gouvernement du Québec a reçu un total de 21 propositions d'entreprises internationales en réponse à son appel d'intérêt pour le projet de lien entre Québec et Lévis.,lapresse.ca,Journalistic source,Relevant
18,F,Projet de 3e lien à Québec : Le gouvernement du Québec a reçu un total de 21 propositions d'entreprises internationales en réponse à son appel d'intérêt pour le projet de lien entre Québec et Lévis.,lapresse.ca,Journalistic source,Partially relevant
18,F,Projet de 3e lien à Québec : Le gouvernement du Québec a reçu un total de 21 propositions d'entreprises internationales en réponse à son appel d'intérêt pour le projet de lien entre Québec et Lévis.,lapresse.ca,Journalistic source,Partially relevant
18,F,Projet de 3e lien à Québec : Le gouvernement du Québec a reçu un total de 21 propositions d'entreprises internationales en réponse à son appel d'intérêt pour le projet de lien entre Québec et Lévis.,journaldemontreal.com,Journalistic source,Relevant
18,F,Projet de 3e lien à Québec : Le gouvernement du Québec a reçu un total de 21 propositions d'entreprises internationales en réponse à son appel d'intérêt pour le projet de lien entre Québec et Lévis.,ici.radio-canada.ca,Government / public institution,Partially relevant
18,F,Projet de 3e lien à Québec : Le gouvernement du Québec a reçu un total de 21 propositions d'entreprises internationales en réponse à son appel d'intérêt pour le projet de lien entre Québec et Lévis.,noovo.info,Unclear website,Partially relevant
18,F,Projet de 3e lien à Québec : Le gouvernement du Québec a reçu un total de 21 propositions d'entreprises internationales en réponse à son appel d'intérêt pour le projet de lien entre Québec et Lévis.,tvanouvelles.ca,Journalistic source,Partially relevant
18,F,Projet de 3e lien à Québec : Le gouvernement du Québec a reçu un total de 21 propositions d'entreprises internationales en réponse à son appel d'intérêt pour le projet de lien entre Québec et Lévis.,985fm.ca,Unclear website,Partially relevant
18,F,Projet de 3e lien à Québec : Le gouvernement du Québec a reçu un total de 21 propositions d'entreprises internationales en réponse à son appel d'intérêt pour le projet de lien entre Québec et Lévis.,cdn-contenu.quebec.ca,Government / public institution,Out of context
18,F,Projet de 3e lien à Québec : Le gouvernement du Québec a reçu un total de 21 propositions d'entreprises internationales en réponse à son appel d'intérêt pour le projet de lien entre Québec et Lévis.,uqar.ca,Unclear website,Out of context
18,F,Projet de 3e lien à Québec : Le gouvernement du Québec a reçu un total de 21 propositions d'entreprises internationales en réponse à son appel d'intérêt pour le projet de lien entre Québec et Lévis.,archipel.uqam.ca,Unclear website,Out of context
18,F,Projet de 3e lien à Québec : Le gouvernement du Québec a reçu un total de 21 propositions d'entreprises internationales en réponse à son appel d'intérêt pour le projet de lien entre Québec et Lévis.,static1.squarespace.com,Unclear website,Out of context
18,F,Projet de 3e lien à Québec : Le gouvernement du Québec a reçu un total de 21 propositions d'entreprises internationales en réponse à son appel d'intérêt pour le projet de lien entre Québec et Lévis.,hydroquebec.com,Unclear website,Out of context
18,F,Projet de 3e lien à Québec : Le gouvernement du Québec a reçu un total de 21 propositions d'entreprises internationales en réponse à son appel d'intérêt pour le projet de lien entre Québec et Lévis.,cdn-contenu.quebec.ca,Government / public institution,Partially relevant
18,F,Projet de 3e lien à Québec : Le gouvernement du Québec a reçu un total de 21 propositions d'entreprises internationales en réponse à son appel d'intérêt pour le projet de lien entre Québec et Lévis.,frq.gouv.qc.ca,Government / public institution,Out of context
18,F,Projet de 3e lien à Québec : Le gouvernement du Québec a reçu un total de 21 propositions d'entreprises internationales en réponse à son appel d'intérêt pour le projet de lien entre Québec et Lévis.,theses.hal.science,Scientific source,Out of context
18,F,Projet de 3e lien à Québec : Le gouvernement du Québec a reçu un total de 21 propositions d'entreprises internationales en réponse à son appel d'intérêt pour le projet de lien entre Québec et Lévis.,legisquebec.gouv.qc.ca,Government / public institution,Out of context
18,F,Projet de 3e lien à Québec : Le gouvernement du Québec a reçu un total de 21 propositions d'entreprises internationales en réponse à son appel d'intérêt pour le projet de lien entre Québec et Lévis.,assnat.qc.ca,Unclear website,Out of context
18,F,Projet de 3e lien à Québec : Le gouvernement du Québec a reçu un total de 21 propositions d'entreprises internationales en réponse à son appel d'intérêt pour le projet de lien entre Québec et Lévis.,erudit.org,Scientific source,Out of context
18,F,Projet de 3e lien à Québec : Le gouvernement du Québec a reçu un total de 21 propositions d'entreprises internationales en réponse à son appel d'intérêt pour le projet de lien entre Québec et Lévis.,archipel.uqam.ca,Unclear website,Partially relevant
18,F,Projet de 3e lien à Québec : Le gouvernement du Québec a reçu un total de 21 propositions d'entreprises internationales en réponse à son appel d'intérêt pour le projet de lien entre Québec et Lévis.,assnat.qc.ca,Unclear website,Out of context
18,F,Projet de 3e lien à Québec : Le gouvernement du Québec a reçu un total de 21 propositions d'entreprises internationales en réponse à son appel d'intérêt pour le projet de lien entre Québec et Lévis.,cef-cfr.ca,Unclear website,Out of context
18,F,Projet de 3e lien à Québec : Le gouvernement du Québec a reçu un total de 21 propositions d'entreprises internationales en réponse à son appel d'intérêt pour le projet de lien entre Québec et Lévis.,cef-cfr.ca,Unclear website,Out of context
18,F,Projet de 3e lien à Québec : Le gouvernement du Québec a reçu un total de 21 propositions d'entreprises internationales en réponse à son appel d'intérêt pour le projet de lien entre Québec et Lévis.,atuq.com,Unclear website,Out of context
18,F,Projet de 3e lien à Québec : Le gouvernement du Québec a reçu un total de 21 propositions d'entreprises internationales en réponse à son appel d'intérêt pour le projet de lien entre Québec et Lévis.,assnat.qc.ca,Unclear website,Out of context
18,F,Projet de 3e lien à Québec : Le gouvernement du Québec a reçu un total de 21 propositions d'entreprises internationales en réponse à son appel d'intérêt pour le projet de lien entre Québec et Lévis.,erudit.org,Scientific source,Out of context
18,F,Projet de 3e lien à Québec : Le gouvernement du Québec a reçu un total de 21 propositions d'entreprises internationales en réponse à son appel d'intérêt pour le projet de lien entre Québec et Lévis.,legisquebec.gouv.qc.ca,Government / public institution,Out of context
18,F,Projet de 3e lien à Québec : Le gouvernement du Québec a reçu un total de 21 propositions d'entreprises internationales en réponse à son appel d'intérêt pour le projet de lien entre Québec et Lévis.,cdn-contenu.quebec.ca,Government / public institution,Out of context
18,F,Projet de 3e lien à Québec : Le gouvernement du Québec a reçu un total de 21 propositions d'entreprises internationales en réponse à son appel d'intérêt pour le projet de lien entre Québec et Lévis.,legisquebec.gouv.qc.ca,Government / public institution,Out of context
18,F,Projet de 3e lien à Québec : Le gouvernement du Québec a reçu un total de 21 propositions d'entreprises internationales en réponse à son appel d'intérêt pour le projet de lien entre Québec et Lévis.,lactualite.com,Unclear website,Out of context
18,F,Projet de 3e lien à Québec : Le gouvernement du Québec a reçu un total de 21 propositions d'entreprises internationales en réponse à son appel d'intérêt pour le projet de lien entre Québec et Lévis.,transports.gouv.qc.ca,Government / public institution,Out of context
18,F,Projet de 3e lien à Québec : Le gouvernement du Québec a reçu un total de 21 propositions d'entreprises internationales en réponse à son appel d'intérêt pour le projet de lien entre Québec et Lévis.,cdrq.coop,Unclear website,Out of context
18,F,Projet de 3e lien à Québec : Le gouvernement du Québec a reçu un total de 21 propositions d'entreprises internationales en réponse à son appel d'intérêt pour le projet de lien entre Québec et Lévis.,theses.hal.science,Scientific source,Out of context
18,F,Projet de 3e lien à Québec : Le gouvernement du Québec a reçu un total de 21 propositions d'entreprises internationales en réponse à son appel d'intérêt pour le projet de lien entre Québec et Lévis.,constellation.uqac.ca,Unclear website,Partially relevant
18,F,Projet de 3e lien à Québec : Le gouvernement du Québec a reçu un total de 21 propositions d'entreprises internationales en réponse à son appel d'intérêt pour le projet de lien entre Québec et Lévis.,cricis.uqam.ca,Unclear website,Out of context
19,E,"Raccoon rabies: A confirmed case of raccoon rabies was detected in a cat in Montérégie in July 2026, prompting preventive measures by Quebec public health authorities.",globalnews.ca,Journalistic source,Partially relevant
19,E,"Raccoon rabies: A confirmed case of raccoon rabies was detected in a cat in Montérégie in July 2026, prompting preventive measures by Quebec public health authorities.",globalnews.ca,Journalistic source,Partially relevant
19,E,"Raccoon rabies: A confirmed case of raccoon rabies was detected in a cat in Montérégie in July 2026, prompting preventive measures by Quebec public health authorities.",en.wikipedia.org,Intermediate media,Out of context
19,E,"Raccoon rabies: A confirmed case of raccoon rabies was detected in a cat in Montérégie in July 2026, prompting preventive measures by Quebec public health authorities.",cbc.ca,Journalistic source,Partially relevant
19,E,"Raccoon rabies: A confirmed case of raccoon rabies was detected in a cat in Montérégie in July 2026, prompting preventive measures by Quebec public health authorities.",cbc.ca,Journalistic source,Partially relevant
19,E,"Raccoon rabies: A confirmed case of raccoon rabies was detected in a cat in Montérégie in July 2026, prompting preventive measures by Quebec public health authorities.",montrealgazette.com,Journalistic source,Partially relevant
19,E,"Raccoon rabies: A confirmed case of raccoon rabies was detected in a cat in Montérégie in July 2026, prompting preventive measures by Quebec public health authorities.",montrealgazette.com,Journalistic source,Relevant
19,E,"Raccoon rabies: A confirmed case of raccoon rabies was detected in a cat in Montérégie in July 2026, prompting preventive measures by Quebec public health authorities.",ca.finance.yahoo.com,Intermediate media,Relevant
19,E,"Raccoon rabies: A confirmed case of raccoon rabies was detected in a cat in Montérégie in July 2026, prompting preventive measures by Quebec public health authorities.",montreal.citynews.ca,Journalistic source,Relevant
19,E,"Raccoon rabies: A confirmed case of raccoon rabies was detected in a cat in Montérégie in July 2026, prompting preventive measures by Quebec public health authorities.",montreal.citynews.ca,Journalistic source,Partially relevant
19,E,"Raccoon rabies: A confirmed case of raccoon rabies was detected in a cat in Montérégie in July 2026, prompting preventive measures by Quebec public health authorities.",montreal.citynews.ca,Journalistic source,Relevant
19,E,"Raccoon rabies: A confirmed case of raccoon rabies was detected in a cat in Montérégie in July 2026, prompting preventive measures by Quebec public health authorities.",montreal.citynews.ca,Journalistic source,Partially relevant
19,E,"Raccoon rabies: A confirmed case of raccoon rabies was detected in a cat in Montérégie in July 2026, prompting preventive measures by Quebec public health authorities.",montreal.citynews.ca,Journalistic source,Partially relevant
19,E,"Raccoon rabies: A confirmed case of raccoon rabies was detected in a cat in Montérégie in July 2026, prompting preventive measures by Quebec public health authorities.",montreal.citynews.ca,Journalistic source,Relevant
19,E,"Raccoon rabies: A confirmed case of raccoon rabies was detected in a cat in Montérégie in July 2026, prompting preventive measures by Quebec public health authorities.",quebec.ca,Government / public institution,Relevant
19,E,"Raccoon rabies: A confirmed case of raccoon rabies was detected in a cat in Montérégie in July 2026, prompting preventive measures by Quebec public health authorities.",healthywildlife.ca,Unclear website,Partially relevant
19,E,"Raccoon rabies: A confirmed case of raccoon rabies was detected in a cat in Montérégie in July 2026, prompting preventive measures by Quebec public health authorities.",flutrackers.com,Unclear website,Relevant
19,E,"Raccoon rabies: A confirmed case of raccoon rabies was detected in a cat in Montérégie in July 2026, prompting preventive measures by Quebec public health authorities.",beaconbio.org,Unclear website,Partially relevant
19,E,"Raccoon rabies: A confirmed case of raccoon rabies was detected in a cat in Montérégie in July 2026, prompting preventive measures by Quebec public health authorities.",ontario.ca,Government / public institution,Out of context
19,E,"Raccoon rabies: A confirmed case of raccoon rabies was detected in a cat in Montérégie in July 2026, prompting preventive measures by Quebec public health authorities.",canada.ca,Government / public institution,Out of context
19,E,"Raccoon rabies: A confirmed case of raccoon rabies was detected in a cat in Montérégie in July 2026, prompting preventive measures by Quebec public health authorities.",mdpi.com,Scientific source,Out of context
19,E,"Raccoon rabies: A confirmed case of raccoon rabies was detected in a cat in Montérégie in July 2026, prompting preventive measures by Quebec public health authorities.",fmv.umontreal.ca,Unclear website,Out of context
19,E,"Raccoon rabies: A confirmed case of raccoon rabies was detected in a cat in Montérégie in July 2026, prompting preventive measures by Quebec public health authorities.",quebec.ca,Government / public institution,Partially relevant
20,F,"Rage du raton laveur : Un cas confirmé de rage du raton laveur a été dépisté chez un chat en Montérégie en juillet 2026, déclenchant des mesures de prévention par la santé publique québécoise.",lapresse.ca,Journalistic source,Relevant
20,F,"Rage du raton laveur : Un cas confirmé de rage du raton laveur a été dépisté chez un chat en Montérégie en juillet 2026, déclenchant des mesures de prévention par la santé publique québécoise.",ici.radio-canada.ca,Government / public institution,Relevant
20,F,"Rage du raton laveur : Un cas confirmé de rage du raton laveur a été dépisté chez un chat en Montérégie en juillet 2026, déclenchant des mesures de prévention par la santé publique québécoise.",ici.radio-canada.ca,Government / public institution,Relevant
20,F,"Rage du raton laveur : Un cas confirmé de rage du raton laveur a été dépisté chez un chat en Montérégie en juillet 2026, déclenchant des mesures de prévention par la santé publique québécoise.",noovo.info,Unclear website,Relevant
20,F,"Rage du raton laveur : Un cas confirmé de rage du raton laveur a été dépisté chez un chat en Montérégie en juillet 2026, déclenchant des mesures de prévention par la santé publique québécoise.",noovo.info,Unclear website,Relevant
20,F,"Rage du raton laveur : Un cas confirmé de rage du raton laveur a été dépisté chez un chat en Montérégie en juillet 2026, déclenchant des mesures de prévention par la santé publique québécoise.",quebec.ca,Government / public institution,Partially relevant
20,F,"Rage du raton laveur : Un cas confirmé de rage du raton laveur a été dépisté chez un chat en Montérégie en juillet 2026, déclenchant des mesures de prévention par la santé publique québécoise.",santemonteregie.qc.ca,Unclear website,Relevant
20,F,"Rage du raton laveur : Un cas confirmé de rage du raton laveur a été dépisté chez un chat en Montérégie en juillet 2026, déclenchant des mesures de prévention par la santé publique québécoise.",lesaffaires.com,Unclear website,Relevant
20,F,"Rage du raton laveur : Un cas confirmé de rage du raton laveur a été dépisté chez un chat en Montérégie en juillet 2026, déclenchant des mesures de prévention par la santé publique québécoise.",omvq.qc.ca,Unclear website,Relevant
20,F,"Rage du raton laveur : Un cas confirmé de rage du raton laveur a été dépisté chez un chat en Montérégie en juillet 2026, déclenchant des mesures de prévention par la santé publique québécoise.",lactualite.com,Unclear website,Relevant
20,F,"Rage du raton laveur : Un cas confirmé de rage du raton laveur a été dépisté chez un chat en Montérégie en juillet 2026, déclenchant des mesures de prévention par la santé publique québécoise.",monvicto.com,Unclear website,Relevant
21,E,Major Alimentation Couche-Tard acquisition: The Quebec convenience-store giant completed a transaction worth more than $12 billion in the summer of 2026 to expand its international network.,reuters.com,Journalistic source,Partially relevant
21,E,Major Alimentation Couche-Tard acquisition: The Quebec convenience-store giant completed a transaction worth more than $12 billion in the summer of 2026 to expand its international network.,law360.com,Unclear website,Partially relevant
21,E,Major Alimentation Couche-Tard acquisition: The Quebec convenience-store giant completed a transaction worth more than $12 billion in the summer of 2026 to expand its international network.,cnbc.com,Journalistic source,Partially relevant
21,E,Major Alimentation Couche-Tard acquisition: The Quebec convenience-store giant completed a transaction worth more than $12 billion in the summer of 2026 to expand its international network.,cbc.ca,Journalistic source,Relevant
21,E,Major Alimentation Couche-Tard acquisition: The Quebec convenience-store giant completed a transaction worth more than $12 billion in the summer of 2026 to expand its international network.,prnewswire.com,Unclear website,Partially relevant
21,E,Major Alimentation Couche-Tard acquisition: The Quebec convenience-store giant completed a transaction worth more than $12 billion in the summer of 2026 to expand its international network.,prnewswire.com,Unclear website,Partially relevant
21,E,Major Alimentation Couche-Tard acquisition: The Quebec convenience-store giant completed a transaction worth more than $12 billion in the summer of 2026 to expand its international network.,finance.yahoo.com,Intermediate media,Partially relevant
21,E,Major Alimentation Couche-Tard acquisition: The Quebec convenience-store giant completed a transaction worth more than $12 billion in the summer of 2026 to expand its international network.,finance.yahoo.com,Intermediate media,Partially relevant
21,E,Major Alimentation Couche-Tard acquisition: The Quebec convenience-store giant completed a transaction worth more than $12 billion in the summer of 2026 to expand its international network.,finance.yahoo.com,Intermediate media,Out of context
21,E,Major Alimentation Couche-Tard acquisition: The Quebec convenience-store giant completed a transaction worth more than $12 billion in the summer of 2026 to expand its international network.,cstoredive.com,Unclear website,Out of context
21,E,Major Alimentation Couche-Tard acquisition: The Quebec convenience-store giant completed a transaction worth more than $12 billion in the summer of 2026 to expand its international network.,cspdailynews.com,Journalistic source,Partially relevant
21,E,Major Alimentation Couche-Tard acquisition: The Quebec convenience-store giant completed a transaction worth more than $12 billion in the summer of 2026 to expand its international network.,filecache.investorroom.com,Unclear website,Partially relevant
21,E,Major Alimentation Couche-Tard acquisition: The Quebec convenience-store giant completed a transaction worth more than $12 billion in the summer of 2026 to expand its international network.,paulweiss.com,Unclear website,Partially relevant
21,E,Major Alimentation Couche-Tard acquisition: The Quebec convenience-store giant completed a transaction worth more than $12 billion in the summer of 2026 to expand its international network.,linkedin.com,Social media,Partially relevant
21,E,Major Alimentation Couche-Tard acquisition: The Quebec convenience-store giant completed a transaction worth more than $12 billion in the summer of 2026 to expand its international network.,cvc.com,Unclear website,Partially relevant
21,E,Major Alimentation Couche-Tard acquisition: The Quebec convenience-store giant completed a transaction worth more than $12 billion in the summer of 2026 to expand its international network.,linkedin.com,Social media,Partially relevant
21,E,Major Alimentation Couche-Tard acquisition: The Quebec convenience-store giant completed a transaction worth more than $12 billion in the summer of 2026 to expand its international network.,evercore.com,Unclear website,Partially relevant
21,E,Major Alimentation Couche-Tard acquisition: The Quebec convenience-store giant completed a transaction worth more than $12 billion in the summer of 2026 to expand its international network.,linkedin.com,Social media,Out of context
21,E,Major Alimentation Couche-Tard acquisition: The Quebec convenience-store giant completed a transaction worth more than $12 billion in the summer of 2026 to expand its international network.,cstoredive.com,Unclear website,Partially relevant
21,E,Major Alimentation Couche-Tard acquisition: The Quebec convenience-store giant completed a transaction worth more than $12 billion in the summer of 2026 to expand its international network.,cvc.com,Unclear website,Out of context
21,E,Major Alimentation Couche-Tard acquisition: The Quebec convenience-store giant completed a transaction worth more than $12 billion in the summer of 2026 to expand its international network.,grocerydive.com,Unclear website,Partially relevant
21,E,Major Alimentation Couche-Tard acquisition: The Quebec convenience-store giant completed a transaction worth more than $12 billion in the summer of 2026 to expand its international network.,wlrk.com,Unclear website,Out of context
21,E,Major Alimentation Couche-Tard acquisition: The Quebec convenience-store giant completed a transaction worth more than $12 billion in the summer of 2026 to expand its international network.,sec.gov,Government / public institution,Partially relevant
21,E,Major Alimentation Couche-Tard acquisition: The Quebec convenience-store giant completed a transaction worth more than $12 billion in the summer of 2026 to expand its international network.,cvc.com,Unclear website,Out of context
21,E,Major Alimentation Couche-Tard acquisition: The Quebec convenience-store giant completed a transaction worth more than $12 billion in the summer of 2026 to expand its international network.,cspdailynews.com,Journalistic source,Out of context
21,E,Major Alimentation Couche-Tard acquisition: The Quebec convenience-store giant completed a transaction worth more than $12 billion in the summer of 2026 to expand its international network.,cspdailynews.com,Journalistic source,Out of context
21,E,Major Alimentation Couche-Tard acquisition: The Quebec convenience-store giant completed a transaction worth more than $12 billion in the summer of 2026 to expand its international network.,cstoredive.com,Unclear website,Partially relevant
21,E,Major Alimentation Couche-Tard acquisition: The Quebec convenience-store giant completed a transaction worth more than $12 billion in the summer of 2026 to expand its international network.,nrc.com,Unclear website,Out of context
21,E,Major Alimentation Couche-Tard acquisition: The Quebec convenience-store giant completed a transaction worth more than $12 billion in the summer of 2026 to expand its international network.,opis.com,Unclear website,Partially relevant
21,E,Major Alimentation Couche-Tard acquisition: The Quebec convenience-store giant completed a transaction worth more than $12 billion in the summer of 2026 to expand its international network.,corporate.couche-tard.com,Unclear website,Partially relevant
21,E,Major Alimentation Couche-Tard acquisition: The Quebec convenience-store giant completed a transaction worth more than $12 billion in the summer of 2026 to expand its international network.,cvc.com,Unclear website,Partially relevant
21,E,Major Alimentation Couche-Tard acquisition: The Quebec convenience-store giant completed a transaction worth more than $12 billion in the summer of 2026 to expand its international network.,cstoredive.com,Unclear website,Partially relevant
21,E,Major Alimentation Couche-Tard acquisition: The Quebec convenience-store giant completed a transaction worth more than $12 billion in the summer of 2026 to expand its international network.,paulweiss.com,Unclear website,Out of context
21,E,Major Alimentation Couche-Tard acquisition: The Quebec convenience-store giant completed a transaction worth more than $12 billion in the summer of 2026 to expand its international network.,gtlaw.com,Unclear website,Partially relevant
21,E,Major Alimentation Couche-Tard acquisition: The Quebec convenience-store giant completed a transaction worth more than $12 billion in the summer of 2026 to expand its international network.,zabkagroup.com,Scientific source,Partially relevant
21,E,Major Alimentation Couche-Tard acquisition: The Quebec convenience-store giant completed a transaction worth more than $12 billion in the summer of 2026 to expand its international network.,paulweiss.com,Unclear website,Out of context
21,E,Major Alimentation Couche-Tard acquisition: The Quebec convenience-store giant completed a transaction worth more than $12 billion in the summer of 2026 to expand its international network.,cspdailynews.com,Journalistic source,Out of context
21,E,Major Alimentation Couche-Tard acquisition: The Quebec convenience-store giant completed a transaction worth more than $12 billion in the summer of 2026 to expand its international network.,cspdailynews.com,Journalistic source,Out of context
21,E,Major Alimentation Couche-Tard acquisition: The Quebec convenience-store giant completed a transaction worth more than $12 billion in the summer of 2026 to expand its international network.,enablx.com,Unclear website,Partially relevant
21,E,Major Alimentation Couche-Tard acquisition: The Quebec convenience-store giant completed a transaction worth more than $12 billion in the summer of 2026 to expand its international network.,corporate.couche-tard.com,Unclear website,Partially relevant
21,E,Major Alimentation Couche-Tard acquisition: The Quebec convenience-store giant completed a transaction worth more than $12 billion in the summer of 2026 to expand its international network.,ftc.gov,Government / public institution,Partially relevant
21,E,Major Alimentation Couche-Tard acquisition: The Quebec convenience-store giant completed a transaction worth more than $12 billion in the summer of 2026 to expand its international network.,crowell.com,Unclear website,Out of context
21,E,Major Alimentation Couche-Tard acquisition: The Quebec convenience-store giant completed a transaction worth more than $12 billion in the summer of 2026 to expand its international network.,ftc.gov,Government / public institution,Partially relevant
21,E,Major Alimentation Couche-Tard acquisition: The Quebec convenience-store giant completed a transaction worth more than $12 billion in the summer of 2026 to expand its international network.,cstoredive.com,Unclear website,Partially relevant
21,E,Major Alimentation Couche-Tard acquisition: The Quebec convenience-store giant completed a transaction worth more than $12 billion in the summer of 2026 to expand its international network.,cspdailynews.com,Journalistic source,Out of context
21,E,Major Alimentation Couche-Tard acquisition: The Quebec convenience-store giant completed a transaction worth more than $12 billion in the summer of 2026 to expand its international network.,cstoredive.com,Unclear website,Partially relevant
21,E,Major Alimentation Couche-Tard acquisition: The Quebec convenience-store giant completed a transaction worth more than $12 billion in the summer of 2026 to expand its international network.,whitecase.com,Unclear website,Partially relevant
21,E,Major Alimentation Couche-Tard acquisition: The Quebec convenience-store giant completed a transaction worth more than $12 billion in the summer of 2026 to expand its international network.,investpsp.com,Unclear website,Partially relevant
21,E,Major Alimentation Couche-Tard acquisition: The Quebec convenience-store giant completed a transaction worth more than $12 billion in the summer of 2026 to expand its international network.,whitecase.com,Unclear website,Partially relevant
21,E,Major Alimentation Couche-Tard acquisition: The Quebec convenience-store giant completed a transaction worth more than $12 billion in the summer of 2026 to expand its international network.,corporate.couche-tard.com,Unclear website,Partially relevant
21,E,Major Alimentation Couche-Tard acquisition: The Quebec convenience-store giant completed a transaction worth more than $12 billion in the summer of 2026 to expand its international network.,cvc.com,Unclear website,Out of context
21,E,Major Alimentation Couche-Tard acquisition: The Quebec convenience-store giant completed a transaction worth more than $12 billion in the summer of 2026 to expand its international network.,cspdailynews.com,Journalistic source,Out of context
21,E,Major Alimentation Couche-Tard acquisition: The Quebec convenience-store giant completed a transaction worth more than $12 billion in the summer of 2026 to expand its international network.,whitecase.com,Unclear website,Out of context
21,E,Major Alimentation Couche-Tard acquisition: The Quebec convenience-store giant completed a transaction worth more than $12 billion in the summer of 2026 to expand its international network.,whitecase.com,Unclear website,Out of context
21,E,Major Alimentation Couche-Tard acquisition: The Quebec convenience-store giant completed a transaction worth more than $12 billion in the summer of 2026 to expand its international network.,whitecase.com,Unclear website,Out of context
21,E,Major Alimentation Couche-Tard acquisition: The Quebec convenience-store giant completed a transaction worth more than $12 billion in the summer of 2026 to expand its international network.,ceelegalmatters.com,Unclear website,Out of context
21,E,Major Alimentation Couche-Tard acquisition: The Quebec convenience-store giant completed a transaction worth more than $12 billion in the summer of 2026 to expand its international network.,whitecase.com,Unclear website,Out of context
22,F,Acquisition majeure d'Alimentation Couche-Tard : Le géant québécois des dépanneurs a conclu une transaction de plus de 12 milliards $ à l'été 2026 pour accroître son réseau international.,lapresse.ca,Journalistic source,Partially relevant
22,F,Acquisition majeure d'Alimentation Couche-Tard : Le géant québécois des dépanneurs a conclu une transaction de plus de 12 milliards $ à l'été 2026 pour accroître son réseau international.,lapresse.ca,Journalistic source,Relevant
22,F,Acquisition majeure d'Alimentation Couche-Tard : Le géant québécois des dépanneurs a conclu une transaction de plus de 12 milliards $ à l'été 2026 pour accroître son réseau international.,fr.finance.yahoo.com,Intermediate media,Partially relevant
22,F,Acquisition majeure d'Alimentation Couche-Tard : Le géant québécois des dépanneurs a conclu une transaction de plus de 12 milliards $ à l'été 2026 pour accroître son réseau international.,ici.radio-canada.ca,Government / public institution,Relevant
22,F,Acquisition majeure d'Alimentation Couche-Tard : Le géant québécois des dépanneurs a conclu une transaction de plus de 12 milliards $ à l'été 2026 pour accroître son réseau international.,noovo.info,Unclear website,Partially relevant
22,F,Acquisition majeure d'Alimentation Couche-Tard : Le géant québécois des dépanneurs a conclu une transaction de plus de 12 milliards $ à l'été 2026 pour accroître son réseau international.,translate.google.com,Unclear website,Out of context
22,F,Acquisition majeure d'Alimentation Couche-Tard : Le géant québécois des dépanneurs a conclu une transaction de plus de 12 milliards $ à l'été 2026 pour accroître son réseau international.,translate.google.com,Unclear website,Out of context
22,F,Acquisition majeure d'Alimentation Couche-Tard : Le géant québécois des dépanneurs a conclu une transaction de plus de 12 milliards $ à l'été 2026 pour accroître son réseau international.,newswire.ca,Unclear website,Partially relevant
22,F,Acquisition majeure d'Alimentation Couche-Tard : Le géant québécois des dépanneurs a conclu une transaction de plus de 12 milliards $ à l'été 2026 pour accroître son réseau international.,fasken.com,Unclear website,Partially relevant
22,F,Acquisition majeure d'Alimentation Couche-Tard : Le géant québécois des dépanneurs a conclu une transaction de plus de 12 milliards $ à l'été 2026 pour accroître son réseau international.,lesaffaires.com,Unclear website,Partially relevant
22,F,Acquisition majeure d'Alimentation Couche-Tard : Le géant québécois des dépanneurs a conclu une transaction de plus de 12 milliards $ à l'été 2026 pour accroître son réseau international.,corporatif.couche-tard.com,Unclear website,Partially relevant
22,F,Acquisition majeure d'Alimentation Couche-Tard : Le géant québécois des dépanneurs a conclu une transaction de plus de 12 milliards $ à l'été 2026 pour accroître son réseau international.,totalenergies.com,Unclear website,Out of context
22,F,Acquisition majeure d'Alimentation Couche-Tard : Le géant québécois des dépanneurs a conclu une transaction de plus de 12 milliards $ à l'été 2026 pour accroître son réseau international.,asnr.fr,Unclear website,Out of context
22,F,Acquisition majeure d'Alimentation Couche-Tard : Le géant québécois des dépanneurs a conclu une transaction de plus de 12 milliards $ à l'été 2026 pour accroître son réseau international.,seine-et-marne.fr,Unclear website,Out of context
22,F,Acquisition majeure d'Alimentation Couche-Tard : Le géant québécois des dépanneurs a conclu une transaction de plus de 12 milliards $ à l'été 2026 pour accroître son réseau international.,climat.be,Unclear website,Out of context
22,F,Acquisition majeure d'Alimentation Couche-Tard : Le géant québécois des dépanneurs a conclu une transaction de plus de 12 milliards $ à l'été 2026 pour accroître son réseau international.,unsdg.un.org,International organization,Out of context
22,F,Acquisition majeure d'Alimentation Couche-Tard : Le géant québécois des dépanneurs a conclu une transaction de plus de 12 milliards $ à l'été 2026 pour accroître son réseau international.,assemblee-nationale.fr,Government / public institution,Out of context
22,F,Acquisition majeure d'Alimentation Couche-Tard : Le géant québécois des dépanneurs a conclu une transaction de plus de 12 milliards $ à l'été 2026 pour accroître son réseau international.,eiti.org,Unclear website,Out of context
22,F,Acquisition majeure d'Alimentation Couche-Tard : Le géant québécois des dépanneurs a conclu une transaction de plus de 12 milliards $ à l'été 2026 pour accroître son réseau international.,ilo.org,International organization,Out of context
22,F,Acquisition majeure d'Alimentation Couche-Tard : Le géant québécois des dépanneurs a conclu une transaction de plus de 12 milliards $ à l'été 2026 pour accroître son réseau international.,courrierlaval.com,Unclear website,Partially relevant
22,F,Acquisition majeure d'Alimentation Couche-Tard : Le géant québécois des dépanneurs a conclu une transaction de plus de 12 milliards $ à l'été 2026 pour accroître son réseau international.,lsa-conso.fr,Unclear website,Partially relevant
22,F,Acquisition majeure d'Alimentation Couche-Tard : Le géant québécois des dépanneurs a conclu une transaction de plus de 12 milliards $ à l'été 2026 pour accroître son réseau international.,tikr.com,Unclear website,Out of context
22,F,Acquisition majeure d'Alimentation Couche-Tard : Le géant québécois des dépanneurs a conclu une transaction de plus de 12 milliards $ à l'été 2026 pour accroître son réseau international.,unhcr.org,International organization,Out of context
22,F,Acquisition majeure d'Alimentation Couche-Tard : Le géant québécois des dépanneurs a conclu une transaction de plus de 12 milliards $ à l'été 2026 pour accroître son réseau international.,enbridge.com,Unclear website,Out of context
22,F,Acquisition majeure d'Alimentation Couche-Tard : Le géant québécois des dépanneurs a conclu une transaction de plus de 12 milliards $ à l'été 2026 pour accroître son réseau international.,elibrary.imf.org,International organization,Out of context
22,F,Acquisition majeure d'Alimentation Couche-Tard : Le géant québécois des dépanneurs a conclu une transaction de plus de 12 milliards $ à l'été 2026 pour accroître son réseau international.,imf.org,International organization,Out of context
22,F,Acquisition majeure d'Alimentation Couche-Tard : Le géant québécois des dépanneurs a conclu une transaction de plus de 12 milliards $ à l'été 2026 pour accroître son réseau international.,imf.org,International organization,Out of context
22,F,Acquisition majeure d'Alimentation Couche-Tard : Le géant québécois des dépanneurs a conclu une transaction de plus de 12 milliards $ à l'été 2026 pour accroître son réseau international.,elibrary.imf.org,International organization,Out of context
22,F,Acquisition majeure d'Alimentation Couche-Tard : Le géant québécois des dépanneurs a conclu une transaction de plus de 12 milliards $ à l'été 2026 pour accroître son réseau international.,hoosierenergy.com,Unclear website,Out of context
22,F,Acquisition majeure d'Alimentation Couche-Tard : Le géant québécois des dépanneurs a conclu une transaction de plus de 12 milliards $ à l'été 2026 pour accroître son réseau international.,elibrary.imf.org,International organization,Out of context
23,E,"Back-to-school expenses: Several parent groups in Quebec spoke out in August 2026 to denounce school supply lists and registration fees reaching up to $2,700 per family.",pmc.ncbi.nlm.nih.gov,Government / public institution,Out of context
23,E,"Back-to-school expenses: Several parent groups in Quebec spoke out in August 2026 to denounce school supply lists and registration fees reaching up to $2,700 per family.",galvnews.com,Journalistic source,Out of context
23,E,"Back-to-school expenses: Several parent groups in Quebec spoke out in August 2026 to denounce school supply lists and registration fees reaching up to $2,700 per family.",piedmont.ca.gov,Government / public institution,Out of context
23,E,"Back-to-school expenses: Several parent groups in Quebec spoke out in August 2026 to denounce school supply lists and registration fees reaching up to $2,700 per family.",travel.gc.ca,Government / public institution,Out of context
23,E,"Back-to-school expenses: Several parent groups in Quebec spoke out in August 2026 to denounce school supply lists and registration fees reaching up to $2,700 per family.",travel.gc.ca,Government / public institution,Out of context
23,E,"Back-to-school expenses: Several parent groups in Quebec spoke out in August 2026 to denounce school supply lists and registration fees reaching up to $2,700 per family.",rec.troymi.gov,Government / public institution,Out of context
23,E,"Back-to-school expenses: Several parent groups in Quebec spoke out in August 2026 to denounce school supply lists and registration fees reaching up to $2,700 per family.",owu.edu,Scientific source,Out of context
23,E,"Back-to-school expenses: Several parent groups in Quebec spoke out in August 2026 to denounce school supply lists and registration fees reaching up to $2,700 per family.",documentation.events.iu.edu...,Scientific source,Out of context
23,E,"Back-to-school expenses: Several parent groups in Quebec spoke out in August 2026 to denounce school supply lists and registration fees reaching up to $2,700 per family.",asanet.org,Unclear website,Out of context
23,E,"Back-to-school expenses: Several parent groups in Quebec spoke out in August 2026 to denounce school supply lists and registration fees reaching up to $2,700 per family.",tauntonschools.org,Unclear website,Out of context
23,E,"Back-to-school expenses: Several parent groups in Quebec spoke out in August 2026 to denounce school supply lists and registration fees reaching up to $2,700 per family.",cooperms.fcps.edu,Scientific source,Out of context
23,E,"Back-to-school expenses: Several parent groups in Quebec spoke out in August 2026 to denounce school supply lists and registration fees reaching up to $2,700 per family.",adams14.org,Unclear website,Partially relevant
23,E,"Back-to-school expenses: Several parent groups in Quebec spoke out in August 2026 to denounce school supply lists and registration fees reaching up to $2,700 per family.",pizitz.vhcs.us,Unclear website,Partially relevant
23,E,"Back-to-school expenses: Several parent groups in Quebec spoke out in August 2026 to denounce school supply lists and registration fees reaching up to $2,700 per family.",chippewavalleyschools.o...,Unclear website,Partially relevant
23,E,"Back-to-school expenses: Several parent groups in Quebec spoke out in August 2026 to denounce school supply lists and registration fees reaching up to $2,700 per family.",wi.k12.ny.us,Unclear website,Partially relevant
23,E,"Back-to-school expenses: Several parent groups in Quebec spoke out in August 2026 to denounce school supply lists and registration fees reaching up to $2,700 per family.",drycreek.cherrycreekschools...,Unclear website,Out of context
23,E,"Back-to-school expenses: Several parent groups in Quebec spoke out in August 2026 to denounce school supply lists and registration fees reaching up to $2,700 per family.",eastauroraschools.org,Unclear website,Partially relevant
23,E,"Back-to-school expenses: Several parent groups in Quebec spoke out in August 2026 to denounce school supply lists and registration fees reaching up to $2,700 per family.",heritage.cherrycreekschools...,Unclear website,Partially relevant
23,E,"Back-to-school expenses: Several parent groups in Quebec spoke out in August 2026 to denounce school supply lists and registration fees reaching up to $2,700 per family.",cbsd.org,Unclear website,Out of context
23,E,"Back-to-school expenses: Several parent groups in Quebec spoke out in August 2026 to denounce school supply lists and registration fees reaching up to $2,700 per family.",face.emsb.qc.ca,Unclear website,Out of context
23,E,"Back-to-school expenses: Several parent groups in Quebec spoke out in August 2026 to denounce school supply lists and registration fees reaching up to $2,700 per family.",bis.gov,Government / public institution,Out of context
23,E,"Back-to-school expenses: Several parent groups in Quebec spoke out in August 2026 to denounce school supply lists and registration fees reaching up to $2,700 per family.",firstinspires.org,Unclear website,Out of context
23,E,"Back-to-school expenses: Several parent groups in Quebec spoke out in August 2026 to denounce school supply lists and registration fees reaching up to $2,700 per family.",travel.gc.ca,Government / public institution,Out of context
23,E,"Back-to-school expenses: Several parent groups in Quebec spoke out in August 2026 to denounce school supply lists and registration fees reaching up to $2,700 per family.",treasury.gov,Government / public institution,Out of context
23,E,"Back-to-school expenses: Several parent groups in Quebec spoke out in August 2026 to denounce school supply lists and registration fees reaching up to $2,700 per family.",face.emsb.qc.ca,Unclear website,Out of context
23,E,"Back-to-school expenses: Several parent groups in Quebec spoke out in August 2026 to denounce school supply lists and registration fees reaching up to $2,700 per family.",travel.gc.ca,Government / public institution,Out of context
23,E,"Back-to-school expenses: Several parent groups in Quebec spoke out in August 2026 to denounce school supply lists and registration fees reaching up to $2,700 per family.",siue.edu,Scientific source,Out of context
23,E,"Back-to-school expenses: Several parent groups in Quebec spoke out in August 2026 to denounce school supply lists and registration fees reaching up to $2,700 per family.",ecfr.gov,Government / public institution,Out of context
24,F,Dépenses de la rentrée scolaire : Plusieurs regroupements de parents au Québec sont montés au créneau en août 2026 pour dénoncer des listes de matériel et frais d'inscription atteignant jusqu'à 2 700 $ par famille.,journaldemontreal.com,Journalistic source,Out of context
24,F,Dépenses de la rentrée scolaire : Plusieurs regroupements de parents au Québec sont montés au créneau en août 2026 pour dénoncer des listes de matériel et frais d'inscription atteignant jusqu'à 2 700 $ par famille.,quebec.ca,Government / public institution,Out of context
24,F,Dépenses de la rentrée scolaire : Plusieurs regroupements de parents au Québec sont montés au créneau en août 2026 pour dénoncer des listes de matériel et frais d'inscription atteignant jusqu'à 2 700 $ par famille.,collegelaval.ca,Unclear website,Partially relevant
24,F,Dépenses de la rentrée scolaire : Plusieurs regroupements de parents au Québec sont montés au créneau en août 2026 pour dénoncer des listes de matériel et frais d'inscription atteignant jusqu'à 2 700 $ par famille.,canada.ca,Government / public institution,Out of context
24,F,Dépenses de la rentrée scolaire : Plusieurs regroupements de parents au Québec sont montés au créneau en août 2026 pour dénoncer des listes de matériel et frais d'inscription atteignant jusqu'à 2 700 $ par famille.,kaleido.ca,Unclear website,Out of context
24,F,Dépenses de la rentrée scolaire : Plusieurs regroupements de parents au Québec sont montés au créneau en août 2026 pour dénoncer des listes de matériel et frais d'inscription atteignant jusqu'à 2 700 $ par famille.,vieauqc.com,Unclear website,Out of context
24,F,Dépenses de la rentrée scolaire : Plusieurs regroupements de parents au Québec sont montés au créneau en août 2026 pour dénoncer des listes de matériel et frais d'inscription atteignant jusqu'à 2 700 $ par famille.,saintejulie.ca,Unclear website,Out of context
24,F,Dépenses de la rentrée scolaire : Plusieurs regroupements de parents au Québec sont montés au créneau en août 2026 pour dénoncer des listes de matériel et frais d'inscription atteignant jusqu'à 2 700 $ par famille.,letudiantoutaouais.ca,Unclear website,Partially relevant
24,F,Dépenses de la rentrée scolaire : Plusieurs regroupements de parents au Québec sont montés au créneau en août 2026 pour dénoncer des listes de matériel et frais d'inscription atteignant jusqu'à 2 700 $ par famille.,ulaval.ca,Unclear website,Out of context
24,F,Dépenses de la rentrée scolaire : Plusieurs regroupements de parents au Québec sont montés au créneau en août 2026 pour dénoncer des listes de matériel et frais d'inscription atteignant jusqu'à 2 700 $ par famille.,educanada.ca,Government / public institution,Out of context
24,F,Dépenses de la rentrée scolaire : Plusieurs regroupements de parents au Québec sont montés au créneau en août 2026 pour dénoncer des listes de matériel et frais d'inscription atteignant jusqu'à 2 700 $ par famille.,umoncton.ca,Unclear website,Partially relevant
24,F,Dépenses de la rentrée scolaire : Plusieurs regroupements de parents au Québec sont montés au créneau en août 2026 pour dénoncer des listes de matériel et frais d'inscription atteignant jusqu'à 2 700 $ par famille.,retraitequebec.gouv.qc....,Unclear website,Partially relevant
24,F,Dépenses de la rentrée scolaire : Plusieurs regroupements de parents au Québec sont montés au créneau en août 2026 pour dénoncer des listes de matériel et frais d'inscription atteignant jusqu'à 2 700 $ par famille.,cssdd.gouv.qc.ca,Government / public institution,Out of context
24,F,Dépenses de la rentrée scolaire : Plusieurs regroupements de parents au Québec sont montés au créneau en août 2026 pour dénoncer des listes de matériel et frais d'inscription atteignant jusqu'à 2 700 $ par famille.,legisquebec.gouv.qc.ca,Government / public institution,Out of context
24,F,Dépenses de la rentrée scolaire : Plusieurs regroupements de parents au Québec sont montés au créneau en août 2026 pour dénoncer des listes de matériel et frais d'inscription atteignant jusqu'à 2 700 $ par famille.,vgq.qc.ca,Unclear website,Out of context
24,F,Dépenses de la rentrée scolaire : Plusieurs regroupements de parents au Québec sont montés au créneau en août 2026 pour dénoncer des listes de matériel et frais d'inscription atteignant jusqu'à 2 700 $ par famille.,iris-recherche.qc.ca,Unclear website,Out of context
24,F,Dépenses de la rentrée scolaire : Plusieurs regroupements de parents au Québec sont montés au créneau en août 2026 pour dénoncer des listes de matériel et frais d'inscription atteignant jusqu'à 2 700 $ par famille.,cdn-contenu.quebec.ca,Government / public institution,Out of context
24,F,Dépenses de la rentrée scolaire : Plusieurs regroupements de parents au Québec sont montés au créneau en août 2026 pour dénoncer des listes de matériel et frais d'inscription atteignant jusqu'à 2 700 $ par famille.,quebecmetiersdavenir.co...,Unclear website,Out of context
25,E,"Spring temperature decline: March 2026 was marked by below-normal temperatures in Quebec, the first time this had occurred in March in more than three years.",ncei.noaa.gov,Government / public institution,Out of context
25,E,"Spring temperature decline: March 2026 was marked by below-normal temperatures in Quebec, the first time this had occurred in March in more than three years.",sciencedirect.com,Scientific source,Out of context
25,E,"Spring temperature decline: March 2026 was marked by below-normal temperatures in Quebec, the first time this had occurred in March in more than three years.",arctic.noaa.gov,Government / public institution,Out of context
25,E,"Spring temperature decline: March 2026 was marked by below-normal temperatures in Quebec, the first time this had occurred in March in more than three years.",sciencedirect.com,Scientific source,Out of context
25,E,"Spring temperature decline: March 2026 was marked by below-normal temperatures in Quebec, the first time this had occurred in March in more than three years.",sciencedirect.com,Scientific source,Out of context
25,E,"Spring temperature decline: March 2026 was marked by below-normal temperatures in Quebec, the first time this had occurred in March in more than three years.",gfr.wri.org,Unclear website,Out of context
25,E,"Spring temperature decline: March 2026 was marked by below-normal temperatures in Quebec, the first time this had occurred in March in more than three years.",frontiersin.org,Scientific source,Out of context
25,E,"Spring temperature decline: March 2026 was marked by below-normal temperatures in Quebec, the first time this had occurred in March in more than three years.",frontiersin.org,Scientific source,Out of context
25,E,"Spring temperature decline: March 2026 was marked by below-normal temperatures in Quebec, the first time this had occurred in March in more than three years.",nifc.gov,Government / public institution,Out of context
25,E,"Spring temperature decline: March 2026 was marked by below-normal temperatures in Quebec, the first time this had occurred in March in more than three years.",pbo-dpb.ca,Unclear website,Out of context
25,E,"Spring temperature decline: March 2026 was marked by below-normal temperatures in Quebec, the first time this had occurred in March in more than three years.",tandfonline.com,Scientific source,Out of context
25,E,"Spring temperature decline: March 2026 was marked by below-normal temperatures in Quebec, the first time this had occurred in March in more than three years.",agriculture.canada.ca,Government / public institution,Out of context
25,E,"Spring temperature decline: March 2026 was marked by below-normal temperatures in Quebec, the first time this had occurred in March in more than three years.",canada.ca,Government / public institution,Out of context
25,E,"Spring temperature decline: March 2026 was marked by below-normal temperatures in Quebec, the first time this had occurred in March in more than three years.",weather.substack.com,Unclear website,Partially relevant
25,E,"Spring temperature decline: March 2026 was marked by below-normal temperatures in Quebec, the first time this had occurred in March in more than three years.",weatherwest.com,Unclear website,Out of context
25,E,"Spring temperature decline: March 2026 was marked by below-normal temperatures in Quebec, the first time this had occurred in March in more than three years.",weather.substack.com,Unclear website,Out of context
25,E,"Spring temperature decline: March 2026 was marked by below-normal temperatures in Quebec, the first time this had occurred in March in more than three years.",climate.weather.gc.ca,Government / public institution,Out of context
25,E,"Spring temperature decline: March 2026 was marked by below-normal temperatures in Quebec, the first time this had occurred in March in more than three years.",agriculture.canada.ca,Government / public institution,Out of context
25,E,"Spring temperature decline: March 2026 was marked by below-normal temperatures in Quebec, the first time this had occurred in March in more than three years.",weather.substack.com,Unclear website,Partially relevant
25,E,"Spring temperature decline: March 2026 was marked by below-normal temperatures in Quebec, the first time this had occurred in March in more than three years.",rff.org,Unclear website,Out of context
25,E,"Spring temperature decline: March 2026 was marked by below-normal temperatures in Quebec, the first time this had occurred in March in more than three years.",cdnsciencepub.com,Unclear website,Out of context
25,E,"Spring temperature decline: March 2026 was marked by below-normal temperatures in Quebec, the first time this had occurred in March in more than three years.",natural-resources.canada.ca...,Government / public institution,Out of context
25,E,"Spring temperature decline: March 2026 was marked by below-normal temperatures in Quebec, the first time this had occurred in March in more than three years.",icapcarbonaction.com,Unclear website,Out of context
25,E,"Spring temperature decline: March 2026 was marked by below-normal temperatures in Quebec, the first time this had occurred in March in more than three years.",economics.td.com,Unclear website,Out of context
25,E,"Spring temperature decline: March 2026 was marked by below-normal temperatures in Quebec, the first time this had occurred in March in more than three years.",www150.statcan.gc.ca,Government / public institution,Out of context
25,E,"Spring temperature decline: March 2026 was marked by below-normal temperatures in Quebec, the first time this had occurred in March in more than three years.",journals.ametsoc.org,Unclear website,Out of context
25,E,"Spring temperature decline: March 2026 was marked by below-normal temperatures in Quebec, the first time this had occurred in March in more than three years.",rmets.onlinelibrary.wiley.c...,Unclear website,Out of context
25,E,"Spring temperature decline: March 2026 was marked by below-normal temperatures in Quebec, the first time this had occurred in March in more than three years.",publications.gc.ca,Government / public institution,Out of context
25,E,"Spring temperature decline: March 2026 was marked by below-normal temperatures in Quebec, the first time this had occurred in March in more than three years.",agupubs.onlinelibrary.wiley...,Unclear website,Out of context
26,F,"Baisse des températures au printemps : Le mois de mars 2026 a été marqué par des températures sous les normales de saison au Québec, une première pour ce mois depuis plus de trois ans.",ijc.org,Unclear website,Out of context
26,F,"Baisse des températures au printemps : Le mois de mars 2026 a été marqué par des températures sous les normales de saison au Québec, une première pour ce mois depuis plus de trois ans.",climat.meteo.gc.ca,Government / public institution,Out of context
26,F,"Baisse des températures au printemps : Le mois de mars 2026 a été marqué par des températures sous les normales de saison au Québec, une première pour ce mois depuis plus de trois ans.",environnement.gouv.qc.c...,Unclear website,Partially relevant
26,F,"Baisse des températures au printemps : Le mois de mars 2026 a été marqué par des températures sous les normales de saison au Québec, une première pour ce mois depuis plus de trois ans.",budget.canada.ca,Government / public institution,Out of context
26,F,"Baisse des températures au printemps : Le mois de mars 2026 a été marqué par des températures sous les normales de saison au Québec, une première pour ce mois depuis plus de trois ans.",canada.ca,Government / public institution,Out of context
26,F,"Baisse des températures au printemps : Le mois de mars 2026 a été marqué par des températures sous les normales de saison au Québec, une première pour ce mois depuis plus de trois ans.",environnement.gouv.qc.c...,Unclear website,Out of context
26,F,"Baisse des températures au printemps : Le mois de mars 2026 a été marqué par des températures sous les normales de saison au Québec, une première pour ce mois depuis plus de trois ans.",agriculture.canada.ca,Government / public institution,Out of context
26,F,"Baisse des températures au printemps : Le mois de mars 2026 a été marqué par des températures sous les normales de saison au Québec, une première pour ce mois depuis plus de trois ans.",canada.ca,Government / public institution,Out of context
26,F,"Baisse des températures au printemps : Le mois de mars 2026 a été marqué par des températures sous les normales de saison au Québec, une première pour ce mois depuis plus de trois ans.",osfi-bsif.gc.ca,Government / public institution,Out of context
26,F,"Baisse des températures au printemps : Le mois de mars 2026 a été marqué par des températures sous les normales de saison au Québec, une première pour ce mois depuis plus de trois ans.",hydroquebec.com,Unclear website,Out of context
26,F,"Baisse des températures au printemps : Le mois de mars 2026 a été marqué par des températures sous les normales de saison au Québec, une première pour ce mois depuis plus de trois ans.",archipel.uqam.ca,Unclear website,Out of context
26,F,"Baisse des températures au printemps : Le mois de mars 2026 a été marqué par des températures sous les normales de saison au Québec, une première pour ce mois depuis plus de trois ans.",research.fit.edu,Scientific source,Out of context
26,F,"Baisse des températures au printemps : Le mois de mars 2026 a été marqué par des températures sous les normales de saison au Québec, une première pour ce mois depuis plus de trois ans.",adaptationcommunity.net...,Unclear website,Out of context
26,F,"Baisse des températures au printemps : Le mois de mars 2026 a été marqué par des températures sous les normales de saison au Québec, une première pour ce mois depuis plus de trois ans.",cdn-contenu.quebec.ca,Government / public institution,Out of context
26,F,"Baisse des températures au printemps : Le mois de mars 2026 a été marqué par des températures sous les normales de saison au Québec, une première pour ce mois depuis plus de trois ans.",unfccc.int,Unclear website,Out of context
26,F,"Baisse des températures au printemps : Le mois de mars 2026 a été marqué par des températures sous les normales de saison au Québec, une première pour ce mois depuis plus de trois ans.",erudit.org,Scientific source,Out of context
26,F,"Baisse des températures au printemps : Le mois de mars 2026 a été marqué par des températures sous les normales de saison au Québec, une première pour ce mois depuis plus de trois ans.",climat.meteo.gc.ca,Government / public institution,Out of context
26,F,"Baisse des températures au printemps : Le mois de mars 2026 a été marqué par des températures sous les normales de saison au Québec, une première pour ce mois depuis plus de trois ans.",mtaterre.fr,Unclear website,Partially relevant
26,F,"Baisse des températures au printemps : Le mois de mars 2026 a été marqué par des températures sous les normales de saison au Québec, une première pour ce mois depuis plus de trois ans.",canada.ca,Government / public institution,Out of context
26,F,"Baisse des températures au printemps : Le mois de mars 2026 a été marqué par des températures sous les normales de saison au Québec, une première pour ce mois depuis plus de trois ans.",vgq.qc.ca,Unclear website,Partially relevant
26,F,"Baisse des températures au printemps : Le mois de mars 2026 a été marqué par des températures sous les normales de saison au Québec, une première pour ce mois depuis plus de trois ans.",meteocanada.com,Unclear website,Out of context
26,F,"Baisse des températures au printemps : Le mois de mars 2026 a été marqué par des températures sous les normales de saison au Québec, une première pour ce mois depuis plus de trois ans.",ou-et-quand.net,Unclear website,Out of context
26,F,"Baisse des températures au printemps : Le mois de mars 2026 a été marqué par des températures sous les normales de saison au Québec, une première pour ce mois depuis plus de trois ans.",aventuresnouvellefrance...,Unclear website,Out of context
26,F,"Baisse des températures au printemps : Le mois de mars 2026 a été marqué par des températures sous les normales de saison au Québec, une première pour ce mois depuis plus de trois ans.",fr.weatherspark.com,Unclear website,Partially relevant
26,F,"Baisse des températures au printemps : Le mois de mars 2026 a été marqué par des températures sous les normales de saison au Québec, une première pour ce mois depuis plus de trois ans.",donneesclimatiques.ca,Unclear website,Partially relevant
26,F,"Baisse des températures au printemps : Le mois de mars 2026 a été marqué par des températures sous les normales de saison au Québec, une première pour ce mois depuis plus de trois ans.",canada.ca,Government / public institution,Out of context
27,E,"Climate adaptation initiatives: In August 2026, the federal government and the Federation of Canadian Municipalities awarded $34.2 million to fund 141 municipal climate adaptation projects.",theglobeandmail.com,Journalistic source,Partially relevant
27,E,"Climate adaptation initiatives: In August 2026, the federal government and the Federation of Canadian Municipalities awarded $34.2 million to fund 141 municipal climate adaptation projects.",smb.kimberleybulletin.com,Unclear website,Partially relevant
27,E,"Climate adaptation initiatives: In August 2026, the federal government and the Federation of Canadian Municipalities awarded $34.2 million to fund 141 municipal climate adaptation projects.",finance.yahoo.com,Intermediate media,Partially relevant
27,E,"Climate adaptation initiatives: In August 2026, the federal government and the Federation of Canadian Municipalities awarded $34.2 million to fund 141 municipal climate adaptation projects.",ccc.edu,Scientific source,Partially relevant
27,E,"Climate adaptation initiatives: In August 2026, the federal government and the Federation of Canadian Municipalities awarded $34.2 million to fund 141 municipal climate adaptation projects.",miragenews.com,Journalistic source,Partially relevant
27,E,"Climate adaptation initiatives: In August 2026, the federal government and the Federation of Canadian Municipalities awarded $34.2 million to fund 141 municipal climate adaptation projects.",lelezard.com,Unclear website,Relevant
27,E,"Climate adaptation initiatives: In August 2026, the federal government and the Federation of Canadian Municipalities awarded $34.2 million to fund 141 municipal climate adaptation projects.",miragenews.com,Journalistic source,Relevant
27,E,"Climate adaptation initiatives: In August 2026, the federal government and the Federation of Canadian Municipalities awarded $34.2 million to fund 141 municipal climate adaptation projects.",canada.ca,Government / public institution,Relevant
27,E,"Climate adaptation initiatives: In August 2026, the federal government and the Federation of Canadian Municipalities awarded $34.2 million to fund 141 municipal climate adaptation projects.",canada.ca,Government / public institution,Relevant
27,E,"Climate adaptation initiatives: In August 2026, the federal government and the Federation of Canadian Municipalities awarded $34.2 million to fund 141 municipal climate adaptation projects.",newswire.ca,Unclear website,Relevant
28,F,"Initiatives d'adaptation climatique : En août 2026, le gouvernement fédéral et la Fédération canadienne des municipalités ont octroyé 34,2 millions $ pour financer 141 projets municipaux d'adaptation au changement climatique.",ecb.europa.eu,International organization,Out of context
28,F,"Initiatives d'adaptation climatique : En août 2026, le gouvernement fédéral et la Fédération canadienne des municipalités ont octroyé 34,2 millions $ pour financer 141 projets municipaux d'adaptation au changement climatique.",ressources-naturelles.canad...,Unclear website,Out of context
28,F,"Initiatives d'adaptation climatique : En août 2026, le gouvernement fédéral et la Fédération canadienne des municipalités ont octroyé 34,2 millions $ pour financer 141 projets municipaux d'adaptation au changement climatique.",un.org,International organization,Out of context
28,F,"Initiatives d'adaptation climatique : En août 2026, le gouvernement fédéral et la Fédération canadienne des municipalités ont octroyé 34,2 millions $ pour financer 141 projets municipaux d'adaptation au changement climatique.",assemblee-nationale.fr,Government / public institution,Partially relevant
28,F,"Initiatives d'adaptation climatique : En août 2026, le gouvernement fédéral et la Fédération canadienne des municipalités ont octroyé 34,2 millions $ pour financer 141 projets municipaux d'adaptation au changement climatique.",fedlex.admin.ch,Unclear website,Out of context
28,F,"Initiatives d'adaptation climatique : En août 2026, le gouvernement fédéral et la Fédération canadienne des municipalités ont octroyé 34,2 millions $ pour financer 141 projets municipaux d'adaptation au changement climatique.",oecd.org,International organization,Out of context
28,F,"Initiatives d'adaptation climatique : En août 2026, le gouvernement fédéral et la Fédération canadienne des municipalités ont octroyé 34,2 millions $ pour financer 141 projets municipaux d'adaptation au changement climatique.",usherbrooke.scholaris.ca,Unclear website,Partially relevant
28,F,"Initiatives d'adaptation climatique : En août 2026, le gouvernement fédéral et la Fédération canadienne des municipalités ont octroyé 34,2 millions $ pour financer 141 projets municipaux d'adaptation au changement climatique.",oecd-nea.org,Unclear website,Out of context
28,F,"Initiatives d'adaptation climatique : En août 2026, le gouvernement fédéral et la Fédération canadienne des municipalités ont octroyé 34,2 millions $ pour financer 141 projets municipaux d'adaptation au changement climatique.",fedlex.admin.ch,Unclear website,Out of context
28,F,"Initiatives d'adaptation climatique : En août 2026, le gouvernement fédéral et la Fédération canadienne des municipalités ont octroyé 34,2 millions $ pour financer 141 projets municipaux d'adaptation au changement climatique.",oecd.org,International organization,Partially relevant
28,F,"Initiatives d'adaptation climatique : En août 2026, le gouvernement fédéral et la Fédération canadienne des municipalités ont octroyé 34,2 millions $ pour financer 141 projets municipaux d'adaptation au changement climatique.",lesaffaires.com,Unclear website,Partially relevant
28,F,"Initiatives d'adaptation climatique : En août 2026, le gouvernement fédéral et la Fédération canadienne des municipalités ont octroyé 34,2 millions $ pour financer 141 projets municipaux d'adaptation au changement climatique.",housing-infrastructure.cana...,Unclear website,Partially relevant
28,F,"Initiatives d'adaptation climatique : En août 2026, le gouvernement fédéral et la Fédération canadienne des municipalités ont octroyé 34,2 millions $ pour financer 141 projets municipaux d'adaptation au changement climatique.",canada.ca,Government / public institution,Relevant
28,F,"Initiatives d'adaptation climatique : En août 2026, le gouvernement fédéral et la Fédération canadienne des municipalités ont octroyé 34,2 millions $ pour financer 141 projets municipaux d'adaptation au changement climatique.",canada.ca,Government / public institution,Partially relevant
28,F,"Initiatives d'adaptation climatique : En août 2026, le gouvernement fédéral et la Fédération canadienne des municipalités ont octroyé 34,2 millions $ pour financer 141 projets municipaux d'adaptation au changement climatique.",fcm.ca,Unclear website,Out of context
28,F,"Initiatives d'adaptation climatique : En août 2026, le gouvernement fédéral et la Fédération canadienne des municipalités ont octroyé 34,2 millions $ pour financer 141 projets municipaux d'adaptation au changement climatique.",newswire.ca,Unclear website,Partially relevant
28,F,"Initiatives d'adaptation climatique : En août 2026, le gouvernement fédéral et la Fédération canadienne des municipalités ont octroyé 34,2 millions $ pour financer 141 projets municipaux d'adaptation au changement climatique.",lelezard.com,Unclear website,Partially relevant
28,F,"Initiatives d'adaptation climatique : En août 2026, le gouvernement fédéral et la Fédération canadienne des municipalités ont octroyé 34,2 millions $ pour financer 141 projets municipaux d'adaptation au changement climatique.",canada.ca,Government / public institution,Relevant
28,F,"Initiatives d'adaptation climatique : En août 2026, le gouvernement fédéral et la Fédération canadienne des municipalités ont octroyé 34,2 millions $ pour financer 141 projets municipaux d'adaptation au changement climatique.",international.canada.ca,Government / public institution,Out of context
28,F,"Initiatives d'adaptation climatique : En août 2026, le gouvernement fédéral et la Fédération canadienne des municipalités ont octroyé 34,2 millions $ pour financer 141 projets municipaux d'adaptation au changement climatique.",budget.canada.ca,Government / public institution,Out of context
28,F,"Initiatives d'adaptation climatique : En août 2026, le gouvernement fédéral et la Fédération canadienne des municipalités ont octroyé 34,2 millions $ pour financer 141 projets municipaux d'adaptation au changement climatique.",budget.canada.ca,Government / public institution,Out of context
28,F,"Initiatives d'adaptation climatique : En août 2026, le gouvernement fédéral et la Fédération canadienne des municipalités ont octroyé 34,2 millions $ pour financer 141 projets municipaux d'adaptation au changement climatique.",investpsp.com,Unclear website,Out of context
28,F,"Initiatives d'adaptation climatique : En août 2026, le gouvernement fédéral et la Fédération canadienne des municipalités ont octroyé 34,2 millions $ pour financer 141 projets municipaux d'adaptation au changement climatique.",canada.ca,Government / public institution,Out of context
28,F,"Initiatives d'adaptation climatique : En août 2026, le gouvernement fédéral et la Fédération canadienne des municipalités ont octroyé 34,2 millions $ pour financer 141 projets municipaux d'adaptation au changement climatique.",budget.canada.ca,Government / public institution,Out of context
28,F,"Initiatives d'adaptation climatique : En août 2026, le gouvernement fédéral et la Fédération canadienne des municipalités ont octroyé 34,2 millions $ pour financer 141 projets municipaux d'adaptation au changement climatique.",canada.ca,Government / public institution,Out of context
28,F,"Initiatives d'adaptation climatique : En août 2026, le gouvernement fédéral et la Fédération canadienne des municipalités ont octroyé 34,2 millions $ pour financer 141 projets municipaux d'adaptation au changement climatique.",sac-isc.gc.ca,Government / public institution,Out of context
29,E,"Job creation and CUSMA: A Canadian economic study published in the summer of 2026 estimates that the potential termination of the North American free trade agreement (CUSMA) would result in the loss of more than 100,000 jobs across the country.",congress.gov,Government / public institution,Out of context
29,E,"Job creation and CUSMA: A Canadian economic study published in the summer of 2026 estimates that the potential termination of the North American free trade agreement (CUSMA) would result in the loss of more than 100,000 jobs across the country.",csis.org,Unclear website,Out of context
29,E,"Job creation and CUSMA: A Canadian economic study published in the summer of 2026 estimates that the potential termination of the North American free trade agreement (CUSMA) would result in the loss of more than 100,000 jobs across the country.",thestar.com,Journalistic source,Partially relevant
29,E,"Job creation and CUSMA: A Canadian economic study published in the summer of 2026 estimates that the potential termination of the North American free trade agreement (CUSMA) would result in the loss of more than 100,000 jobs across the country.",cbc.ca,Journalistic source,Out of context
29,E,"Job creation and CUSMA: A Canadian economic study published in the summer of 2026 estimates that the potential termination of the North American free trade agreement (CUSMA) would result in the loss of more than 100,000 jobs across the country.",nationalobserver.com,Journalistic source,Partially relevant
29,E,"Job creation and CUSMA: A Canadian economic study published in the summer of 2026 estimates that the potential termination of the North American free trade agreement (CUSMA) would result in the loss of more than 100,000 jobs across the country.",ca.news.yahoo.com,Intermediate media,Out of context
29,E,"Job creation and CUSMA: A Canadian economic study published in the summer of 2026 estimates that the potential termination of the North American free trade agreement (CUSMA) would result in the loss of more than 100,000 jobs across the country.",ca.finance.yahoo.com,Intermediate media,Out of context
29,E,"Job creation and CUSMA: A Canadian economic study published in the summer of 2026 estimates that the potential termination of the North American free trade agreement (CUSMA) would result in the loss of more than 100,000 jobs across the country.",nanaimonewsnow.com,Unclear website,Out of context
29,E,"Job creation and CUSMA: A Canadian economic study published in the summer of 2026 estimates that the potential termination of the North American free trade agreement (CUSMA) would result in the loss of more than 100,000 jobs across the country.",toronto.citynews.ca,Journalistic source,Out of context
29,E,"Job creation and CUSMA: A Canadian economic study published in the summer of 2026 estimates that the potential termination of the North American free trade agreement (CUSMA) would result in the loss of more than 100,000 jobs across the country.",economics.td.com,Unclear website,Out of context
29,E,"Job creation and CUSMA: A Canadian economic study published in the summer of 2026 estimates that the potential termination of the North American free trade agreement (CUSMA) would result in the loss of more than 100,000 jobs across the country.",scotiabank.com,Unclear website,Out of context
29,E,"Job creation and CUSMA: A Canadian economic study published in the summer of 2026 estimates that the potential termination of the North American free trade agreement (CUSMA) would result in the loss of more than 100,000 jobs across the country.",international.canada.ca,Government / public institution,Out of context
29,E,"Job creation and CUSMA: A Canadian economic study published in the summer of 2026 estimates that the potential termination of the North American free trade agreement (CUSMA) would result in the loss of more than 100,000 jobs across the country.",thehub.ca,Unclear website,Out of context
29,E,"Job creation and CUSMA: A Canadian economic study published in the summer of 2026 estimates that the potential termination of the North American free trade agreement (CUSMA) would result in the loss of more than 100,000 jobs across the country.",rbcwealthmanagement.com...,Unclear website,Out of context
29,E,"Job creation and CUSMA: A Canadian economic study published in the summer of 2026 estimates that the potential termination of the North American free trade agreement (CUSMA) would result in the loss of more than 100,000 jobs across the country.",thedeepdive.ca,Unclear website,Out of context
29,E,"Job creation and CUSMA: A Canadian economic study published in the summer of 2026 estimates that the potential termination of the North American free trade agreement (CUSMA) would result in the loss of more than 100,000 jobs across the country.",economics.td.com,Unclear website,Out of context
29,E,"Job creation and CUSMA: A Canadian economic study published in the summer of 2026 estimates that the potential termination of the North American free trade agreement (CUSMA) would result in the loss of more than 100,000 jobs across the country.",syngenta.ca,Unclear website,Out of context
30,F,Création d'emplois et ACEUM : Une étude économique canadienne publiée à l'été 2026 estime que la rupture éventuelle de l'accord de libre-échange nord-américain (ACEUM) ferait perdre plus de 100 000 emplois au pays.,noovo.info,Unclear website,Partially relevant
30,F,Création d'emplois et ACEUM : Une étude économique canadienne publiée à l'été 2026 estime que la rupture éventuelle de l'accord de libre-échange nord-américain (ACEUM) ferait perdre plus de 100 000 emplois au pays.,russellinvestments.com,Unclear website,Out of context
30,F,Création d'emplois et ACEUM : Une étude économique canadienne publiée à l'été 2026 estime que la rupture éventuelle de l'accord de libre-échange nord-américain (ACEUM) ferait perdre plus de 100 000 emplois au pays.,budget.canada.ca,Government / public institution,Out of context
30,F,Création d'emplois et ACEUM : Une étude économique canadienne publiée à l'été 2026 estime que la rupture éventuelle de l'accord de libre-échange nord-américain (ACEUM) ferait perdre plus de 100 000 emplois au pays.,economics.td.com,Unclear website,Out of context
30,F,Création d'emplois et ACEUM : Une étude économique canadienne publiée à l'été 2026 estime que la rupture éventuelle de l'accord de libre-échange nord-américain (ACEUM) ferait perdre plus de 100 000 emplois au pays.,international.canada.ca,Government / public institution,Out of context
30,F,Création d'emplois et ACEUM : Une étude économique canadienne publiée à l'été 2026 estime que la rupture éventuelle de l'accord de libre-échange nord-américain (ACEUM) ferait perdre plus de 100 000 emplois au pays.,international.canada.ca,Government / public institution,Out of context
30,F,Création d'emplois et ACEUM : Une étude économique canadienne publiée à l'été 2026 estime que la rupture éventuelle de l'accord de libre-échange nord-américain (ACEUM) ferait perdre plus de 100 000 emplois au pays.,finance-investissement....,Unclear website,Out of context
30,F,Création d'emplois et ACEUM : Une étude économique canadienne publiée à l'été 2026 estime que la rupture éventuelle de l'accord de libre-échange nord-américain (ACEUM) ferait perdre plus de 100 000 emplois au pays.,finance-investissement....,Unclear website,Out of context
30,F,Création d'emplois et ACEUM : Une étude économique canadienne publiée à l'été 2026 estime que la rupture éventuelle de l'accord de libre-échange nord-américain (ACEUM) ferait perdre plus de 100 000 emplois au pays.,gazette.gc.ca,Government / public institution,Out of context
30,F,Création d'emplois et ACEUM : Une étude économique canadienne publiée à l'été 2026 estime que la rupture éventuelle de l'accord de libre-échange nord-américain (ACEUM) ferait perdre plus de 100 000 emplois au pays.,rbc.com,Unclear website,Out of context
30,F,Création d'emplois et ACEUM : Une étude économique canadienne publiée à l'été 2026 estime que la rupture éventuelle de l'accord de libre-échange nord-américain (ACEUM) ferait perdre plus de 100 000 emplois au pays.,gazette.gc.ca,Government / public institution,Out of context
30,F,Création d'emplois et ACEUM : Une étude économique canadienne publiée à l'été 2026 estime que la rupture éventuelle de l'accord de libre-échange nord-américain (ACEUM) ferait perdre plus de 100 000 emplois au pays.,canada.ca,Government / public institution,Out of context
30,F,Création d'emplois et ACEUM : Une étude économique canadienne publiée à l'été 2026 estime que la rupture éventuelle de l'accord de libre-échange nord-américain (ACEUM) ferait perdre plus de 100 000 emplois au pays.,publications.gc.ca,Government / public institution,Out of context
30,F,Création d'emplois et ACEUM : Une étude économique canadienne publiée à l'été 2026 estime que la rupture éventuelle de l'accord de libre-échange nord-américain (ACEUM) ferait perdre plus de 100 000 emplois au pays.,gazette.gc.ca,Government / public institution,Out of context
30,F,Création d'emplois et ACEUM : Une étude économique canadienne publiée à l'été 2026 estime que la rupture éventuelle de l'accord de libre-échange nord-américain (ACEUM) ferait perdre plus de 100 000 emplois au pays.,inspection.canada.ca,Government / public institution,Out of context
30,F,Création d'emplois et ACEUM : Une étude économique canadienne publiée à l'été 2026 estime que la rupture éventuelle de l'accord de libre-échange nord-américain (ACEUM) ferait perdre plus de 100 000 emplois au pays.,erudit.org,Scientific source,Out of context
30,F,Création d'emplois et ACEUM : Une étude économique canadienne publiée à l'été 2026 estime que la rupture éventuelle de l'accord de libre-échange nord-américain (ACEUM) ferait perdre plus de 100 000 emplois au pays.,thecanadianencyclopedia.ca,Unclear website,Out of context
30,F,Création d'emplois et ACEUM : Une étude économique canadienne publiée à l'été 2026 estime que la rupture éventuelle de l'accord de libre-échange nord-américain (ACEUM) ferait perdre plus de 100 000 emplois au pays.,noscommunes.ca,Unclear website,Out of context
30,F,Création d'emplois et ACEUM : Une étude économique canadienne publiée à l'été 2026 estime que la rupture éventuelle de l'accord de libre-échange nord-américain (ACEUM) ferait perdre plus de 100 000 emplois au pays.,erudit.org,Scientific source,Out of context
30,F,Création d'emplois et ACEUM : Une étude économique canadienne publiée à l'été 2026 estime que la rupture éventuelle de l'accord de libre-échange nord-américain (ACEUM) ferait perdre plus de 100 000 emplois au pays.,laws-lois.justice.gc.ca,Government / public institution,Out of context
30,F,Création d'emplois et ACEUM : Une étude économique canadienne publiée à l'été 2026 estime que la rupture éventuelle de l'accord de libre-échange nord-américain (ACEUM) ferait perdre plus de 100 000 emplois au pays.,commercedetail.org,Unclear website,Out of context
30,F,Création d'emplois et ACEUM : Une étude économique canadienne publiée à l'été 2026 estime que la rupture éventuelle de l'accord de libre-échange nord-américain (ACEUM) ferait perdre plus de 100 000 emplois au pays.,gazette.gc.ca,Government / public institution,Out of context
30,F,Création d'emplois et ACEUM : Une étude économique canadienne publiée à l'été 2026 estime que la rupture éventuelle de l'accord de libre-échange nord-américain (ACEUM) ferait perdre plus de 100 000 emplois au pays.,iedm.org,Unclear website,Out of context
30,F,Création d'emplois et ACEUM : Une étude économique canadienne publiée à l'été 2026 estime que la rupture éventuelle de l'accord de libre-échange nord-américain (ACEUM) ferait perdre plus de 100 000 emplois au pays.,justice.gc.ca,Government / public institution,Out of context
30,F,Création d'emplois et ACEUM : Une étude économique canadienne publiée à l'été 2026 estime que la rupture éventuelle de l'accord de libre-échange nord-américain (ACEUM) ferait perdre plus de 100 000 emplois au pays.,lavery.ca,Unclear website,Out of context
30,F,Création d'emplois et ACEUM : Une étude économique canadienne publiée à l'été 2026 estime que la rupture éventuelle de l'accord de libre-échange nord-américain (ACEUM) ferait perdre plus de 100 000 emplois au pays.,canada.ca,Government / public institution,Out of context
30,F,Création d'emplois et ACEUM : Une étude économique canadienne publiée à l'été 2026 estime que la rupture éventuelle de l'accord de libre-échange nord-américain (ACEUM) ferait perdre plus de 100 000 emplois au pays.,gazette.gc.ca,Government / public institution,Out of context
31,E,"Tourism in Montreal: Montreal's hotel occupancy rate exceeded 82% between May and July 2026, an increase of 7 percentage points compared with the same period the previous year.",montreal.citynews.ca,Journalistic source,Partially relevant
31,E,"Tourism in Montreal: Montreal's hotel occupancy rate exceeded 82% between May and July 2026, an increase of 7 percentage points compared with the same period the previous year.",news.airbnb.com,Journalistic source,Partially relevant
31,E,"Tourism in Montreal: Montreal's hotel occupancy rate exceeded 82% between May and July 2026, an increase of 7 percentage points compared with the same period the previous year.",marriott.gcs-web.com,Unclear website,Out of context
31,E,"Tourism in Montreal: Montreal's hotel occupancy rate exceeded 82% between May and July 2026, an increase of 7 percentage points compared with the same period the previous year.",miamiandbeaches.com,Unclear website,Out of context
31,E,"Tourism in Montreal: Montreal's hotel occupancy rate exceeded 82% between May and July 2026, an increase of 7 percentage points compared with the same period the previous year.",newswire.ca,Unclear website,Partially relevant
31,E,"Tourism in Montreal: Montreal's hotel occupancy rate exceeded 82% between May and July 2026, an increase of 7 percentage points compared with the same period the previous year.",travelweekly.com,Unclear website,Out of context
31,E,"Tourism in Montreal: Montreal's hotel occupancy rate exceeded 82% between May and July 2026, an increase of 7 percentage points compared with the same period the previous year.",retail-insider.com,Unclear website,Partially relevant
31,E,"Tourism in Montreal: Montreal's hotel occupancy rate exceeded 82% between May and July 2026, an increase of 7 percentage points compared with the same period the previous year.",event.fourwaves.com,Unclear website,Out of context
31,E,"Tourism in Montreal: Montreal's hotel occupancy rate exceeded 82% between May and July 2026, an increase of 7 percentage points compared with the same period the previous year.",proreit.com,Unclear website,Partially relevant
31,E,"Tourism in Montreal: Montreal's hotel occupancy rate exceeded 82% between May and July 2026, an increase of 7 percentage points compared with the same period the previous year.",spglobal.com,Unclear website,Out of context
31,E,"Tourism in Montreal: Montreal's hotel occupancy rate exceeded 82% between May and July 2026, an increase of 7 percentage points compared with the same period the previous year.",blackstone.com,Unclear website,Out of context
31,E,"Tourism in Montreal: Montreal's hotel occupancy rate exceeded 82% between May and July 2026, an increase of 7 percentage points compared with the same period the previous year.",openjaw.com,Unclear website,Partially relevant
31,E,"Tourism in Montreal: Montreal's hotel occupancy rate exceeded 82% between May and July 2026, an increase of 7 percentage points compared with the same period the previous year.",hospitalitynet.org,Unclear website,Partially relevant
31,E,"Tourism in Montreal: Montreal's hotel occupancy rate exceeded 82% between May and July 2026, an increase of 7 percentage points compared with the same period the previous year.",hvs.com,Unclear website,Out of context
31,E,"Tourism in Montreal: Montreal's hotel occupancy rate exceeded 82% between May and July 2026, an increase of 7 percentage points compared with the same period the previous year.",gsa.gov,Government / public institution,Out of context
31,E,"Tourism in Montreal: Montreal's hotel occupancy rate exceeded 82% between May and July 2026, an increase of 7 percentage points compared with the same period the previous year.",gsa.gov,Government / public institution,Out of context
31,E,"Tourism in Montreal: Montreal's hotel occupancy rate exceeded 82% between May and July 2026, an increase of 7 percentage points compared with the same period the previous year.",mcgill.ca,Unclear website,Out of context
31,E,"Tourism in Montreal: Montreal's hotel occupancy rate exceeded 82% between May and July 2026, an increase of 7 percentage points compared with the same period the previous year.",cleantheworld.org,Unclear website,Out of context
31,E,"Tourism in Montreal: Montreal's hotel occupancy rate exceeded 82% between May and July 2026, an increase of 7 percentage points compared with the same period the previous year.",spglobal.com,Unclear website,Partially relevant
32,F,"Tourisme à Montréal : Le taux d'occupation hôtelière à Montréal a franchi les 82 % entre mai et juillet 2026, soit une hausse de 7 points comparativement à la même période l'année précédente.",journalmetro.com,Unclear website,Partially relevant
32,F,"Tourisme à Montréal : Le taux d'occupation hôtelière à Montréal a franchi les 82 % entre mai et juillet 2026, soit une hausse de 7 points comparativement à la même période l'année précédente.",researchgate.net,Scientific source,Out of context
32,F,"Tourisme à Montréal : Le taux d'occupation hôtelière à Montréal a franchi les 82 % entre mai et juillet 2026, soit une hausse de 7 points comparativement à la même période l'année précédente.",lapresse.ca,Journalistic source,Out of context
32,F,"Tourisme à Montréal : Le taux d'occupation hôtelière à Montréal a franchi les 82 % entre mai et juillet 2026, soit une hausse de 7 points comparativement à la même période l'année précédente.",ici.radio-canada.ca,Government / public institution,Out of context
32,F,"Tourisme à Montréal : Le taux d'occupation hôtelière à Montréal a franchi les 82 % entre mai et juillet 2026, soit une hausse de 7 points comparativement à la même période l'année précédente.",noovo.info,Unclear website,Relevant
32,F,"Tourisme à Montréal : Le taux d'occupation hôtelière à Montréal a franchi les 82 % entre mai et juillet 2026, soit une hausse de 7 points comparativement à la même période l'année précédente.",noovo.info,Unclear website,Relevant
32,F,"Tourisme à Montréal : Le taux d'occupation hôtelière à Montréal a franchi les 82 % entre mai et juillet 2026, soit une hausse de 7 points comparativement à la même période l'année précédente.",has-sante.fr,Unclear website,Out of context
32,F,"Tourisme à Montréal : Le taux d'occupation hôtelière à Montréal a franchi les 82 % entre mai et juillet 2026, soit une hausse de 7 points comparativement à la même période l'année précédente.",cdrq.coop,Unclear website,Out of context
32,F,"Tourisme à Montréal : Le taux d'occupation hôtelière à Montréal a franchi les 82 % entre mai et juillet 2026, soit une hausse de 7 points comparativement à la même période l'année précédente.",svn.spraakdata.gu.se,Unclear website,Out of context
32,F,"Tourisme à Montréal : Le taux d'occupation hôtelière à Montréal a franchi les 82 % entre mai et juillet 2026, soit une hausse de 7 points comparativement à la même période l'année précédente.",persee.fr,Scientific source,Out of context
32,F,"Tourisme à Montréal : Le taux d'occupation hôtelière à Montréal a franchi les 82 % entre mai et juillet 2026, soit une hausse de 7 points comparativement à la même période l'année précédente.",europarl.europa.eu,International organization,Out of context
32,F,"Tourisme à Montréal : Le taux d'occupation hôtelière à Montréal a franchi les 82 % entre mai et juillet 2026, soit une hausse de 7 points comparativement à la même période l'année précédente.",archipel.uqam.ca,Unclear website,Out of context
32,F,"Tourisme à Montréal : Le taux d'occupation hôtelière à Montréal a franchi les 82 % entre mai et juillet 2026, soit une hausse de 7 points comparativement à la même période l'année précédente.",hal.science,Scientific source,Out of context
32,F,"Tourisme à Montréal : Le taux d'occupation hôtelière à Montréal a franchi les 82 % entre mai et juillet 2026, soit une hausse de 7 points comparativement à la même période l'année précédente.",theses.hal.science,Scientific source,Out of context
32,F,"Tourisme à Montréal : Le taux d'occupation hôtelière à Montréal a franchi les 82 % entre mai et juillet 2026, soit une hausse de 7 points comparativement à la même période l'année précédente.",faolex.fao.org,International organization,Out of context
32,F,"Tourisme à Montréal : Le taux d'occupation hôtelière à Montréal a franchi les 82 % entre mai et juillet 2026, soit une hausse de 7 points comparativement à la même période l'année précédente.",hotelleriequebec.com,Unclear website,Out of context
32,F,"Tourisme à Montréal : Le taux d'occupation hôtelière à Montréal a franchi les 82 % entre mai et juillet 2026, soit une hausse de 7 points comparativement à la même période l'année précédente.",tourismexpress.com,Journalistic source,Partially relevant
32,F,"Tourisme à Montréal : Le taux d'occupation hôtelière à Montréal a franchi les 82 % entre mai et juillet 2026, soit une hausse de 7 points comparativement à la même période l'année précédente.",lesaffaires.com,Unclear website,Relevant
32,F,"Tourisme à Montréal : Le taux d'occupation hôtelière à Montréal a franchi les 82 % entre mai et juillet 2026, soit une hausse de 7 points comparativement à la même période l'année précédente.",lechotouristique.com,Unclear website,Partially relevant
32,F,"Tourisme à Montréal : Le taux d'occupation hôtelière à Montréal a franchi les 82 % entre mai et juillet 2026, soit une hausse de 7 points comparativement à la même période l'année précédente.",tuac.ca,Unclear website,Out of context
32,F,"Tourisme à Montréal : Le taux d'occupation hôtelière à Montréal a franchi les 82 % entre mai et juillet 2026, soit une hausse de 7 points comparativement à la même période l'année précédente.",compagniedesalpes.com,Unclear website,Out of context
33,E,"Class action against the tobacco industry: In the summer of 2026, thousands of Quebec victims of tobacco use began the administrative process to receive compensation from the historic settlement agreement.",extranet.who.int,International organization,Out of context
33,E,"Class action against the tobacco industry: In the summer of 2026, thousands of Quebec victims of tobacco use began the administrative process to receive compensation from the historic settlement agreement.",insolvencies.deloitte.c...,Unclear website,Out of context
33,E,"Class action against the tobacco industry: In the summer of 2026, thousands of Quebec victims of tobacco use began the administrative process to receive compensation from the historic settlement agreement.",cfcanada.fticonsulting.com,Unclear website,Out of context
33,E,"Class action against the tobacco industry: In the summer of 2026, thousands of Quebec victims of tobacco use began the administrative process to receive compensation from the historic settlement agreement.",callkleinlawyers.com,Unclear website,Out of context
33,E,"Class action against the tobacco industry: In the summer of 2026, thousands of Quebec victims of tobacco use began the administrative process to receive compensation from the historic settlement agreement.",recourstabac.com,Unclear website,Partially relevant
33,E,"Class action against the tobacco industry: In the summer of 2026, thousands of Quebec victims of tobacco use began the administrative process to receive compensation from the historic settlement agreement.",tobaccoclaimscanada.ca,Government / public institution,Out of context
33,E,"Class action against the tobacco industry: In the summer of 2026, thousands of Quebec victims of tobacco use began the administrative process to receive compensation from the historic settlement agreement.",tobaccoclaimscanada.ca,Government / public institution,Out of context
33,E,"Class action against the tobacco industry: In the summer of 2026, thousands of Quebec victims of tobacco use began the administrative process to receive compensation from the historic settlement agreement.",cfcanada.fticonsulting.com,Unclear website,Out of context
33,E,"Class action against the tobacco industry: In the summer of 2026, thousands of Quebec victims of tobacco use began the administrative process to receive compensation from the historic settlement agreement.",copdcanada.info,Unclear website,Partially relevant
33,E,"Class action against the tobacco industry: In the summer of 2026, thousands of Quebec victims of tobacco use began the administrative process to receive compensation from the historic settlement agreement.",nortonrosefulbright.com...,Unclear website,Out of context
33,E,"Class action against the tobacco industry: In the summer of 2026, thousands of Quebec victims of tobacco use began the administrative process to receive compensation from the historic settlement agreement.",recourstabac.com,Unclear website,Out of context
33,E,"Class action against the tobacco industry: In the summer of 2026, thousands of Quebec victims of tobacco use began the administrative process to receive compensation from the historic settlement agreement.",wust.edu,Scientific source,Out of context
33,E,"Class action against the tobacco industry: In the summer of 2026, thousands of Quebec victims of tobacco use began the administrative process to receive compensation from the historic settlement agreement.",home.treasury.gov,Government / public institution,Partially relevant
33,E,"Class action against the tobacco industry: In the summer of 2026, thousands of Quebec victims of tobacco use began the administrative process to receive compensation from the historic settlement agreement.",ccc.edu,Scientific source,Out of context
33,E,"Class action against the tobacco industry: In the summer of 2026, thousands of Quebec victims of tobacco use began the administrative process to receive compensation from the historic settlement agreement.",opc.ca.gov,Government / public institution,Out of context
33,E,"Class action against the tobacco industry: In the summer of 2026, thousands of Quebec victims of tobacco use began the administrative process to receive compensation from the historic settlement agreement.",sos.nh.gov,Government / public institution,Out of context
33,E,"Class action against the tobacco industry: In the summer of 2026, thousands of Quebec victims of tobacco use began the administrative process to receive compensation from the historic settlement agreement.",sixflags.com,Unclear website,Out of context
33,E,"Class action against the tobacco industry: In the summer of 2026, thousands of Quebec victims of tobacco use began the administrative process to receive compensation from the historic settlement agreement.",osler.com,Unclear website,Out of context
33,E,"Class action against the tobacco industry: In the summer of 2026, thousands of Quebec victims of tobacco use began the administrative process to receive compensation from the historic settlement agreement.",analysisgroup.com,Scientific source,Out of context
33,E,"Class action against the tobacco industry: In the summer of 2026, thousands of Quebec victims of tobacco use began the administrative process to receive compensation from the historic settlement agreement.",nortonrosefulbright.com...,Unclear website,Out of context
33,E,"Class action against the tobacco industry: In the summer of 2026, thousands of Quebec victims of tobacco use began the administrative process to receive compensation from the historic settlement agreement.",tandfonline.com,Scientific source,Partially relevant
33,E,"Class action against the tobacco industry: In the summer of 2026, thousands of Quebec victims of tobacco use began the administrative process to receive compensation from the historic settlement agreement.",tjl.quebec,Unclear website,Partially relevant
33,E,"Class action against the tobacco industry: In the summer of 2026, thousands of Quebec victims of tobacco use began the administrative process to receive compensation from the historic settlement agreement.",iclg.com,Unclear website,Out of context
33,E,"Class action against the tobacco industry: In the summer of 2026, thousands of Quebec victims of tobacco use began the administrative process to receive compensation from the historic settlement agreement.",dentons.com,Unclear website,Partially relevant
34,F,"Recours collectif contre l'industrie du tabac : À l'été 2026, des milliers de victimes québécoises du tabagisme ont entrepris les démarches administratives pour recevoir leurs indemnités issues de la convention de règlement historique.",lapresse.ca,Journalistic source,Out of context
34,F,"Recours collectif contre l'industrie du tabac : À l'été 2026, des milliers de victimes québécoises du tabagisme ont entrepris les démarches administratives pour recevoir leurs indemnités issues de la convention de règlement historique.",ici.radio-canada.ca,Government / public institution,Out of context
34,F,"Recours collectif contre l'industrie du tabac : À l'été 2026, des milliers de victimes québécoises du tabagisme ont entrepris les démarches administratives pour recevoir leurs indemnités issues de la convention de règlement historique.",recourstabac.com,Unclear website,Out of context
34,F,"Recours collectif contre l'industrie du tabac : À l'été 2026, des milliers de victimes québécoises du tabagisme ont entrepris les démarches administratives pour recevoir leurs indemnités issues de la convention de règlement historique.",united.com,Unclear website,Out of context
34,F,"Recours collectif contre l'industrie du tabac : À l'été 2026, des milliers de victimes québécoises du tabagisme ont entrepris les démarches administratives pour recevoir leurs indemnités issues de la convention de règlement historique.",ramq.gouv.qc.ca,Government / public institution,Out of context
34,F,"Recours collectif contre l'industrie du tabac : À l'été 2026, des milliers de victimes québécoises du tabagisme ont entrepris les démarches administratives pour recevoir leurs indemnités issues de la convention de règlement historique.",recourstabac.com,Unclear website,Out of context
34,F,"Recours collectif contre l'industrie du tabac : À l'été 2026, des milliers de victimes québécoises du tabagisme ont entrepris les démarches administratives pour recevoir leurs indemnités issues de la convention de règlement historique.",lactualite.com,Unclear website,Out of context
34,F,"Recours collectif contre l'industrie du tabac : À l'été 2026, des milliers de victimes québécoises du tabagisme ont entrepris les démarches administratives pour recevoir leurs indemnités issues de la convention de règlement historique.",cnq.org,Unclear website,Out of context
34,F,"Recours collectif contre l'industrie du tabac : À l'été 2026, des milliers de victimes québécoises du tabagisme ont entrepris les démarches administratives pour recevoir leurs indemnités issues de la convention de règlement historique.",tjl.quebec,Unclear website,Out of context
34,F,"Recours collectif contre l'industrie du tabac : À l'été 2026, des milliers de victimes québécoises du tabagisme ont entrepris les démarches administratives pour recevoir leurs indemnités issues de la convention de règlement historique.",cqts.qc.ca,Unclear website,Partially relevant
34,F,"Recours collectif contre l'industrie du tabac : À l'été 2026, des milliers de victimes québécoises du tabagisme ont entrepris les démarches administratives pour recevoir leurs indemnités issues de la convention de règlement historique.",tobaccoclaimscanada.ca,Government / public institution,Out of context
34,F,"Recours collectif contre l'industrie du tabac : À l'été 2026, des milliers de victimes québécoises du tabagisme ont entrepris les démarches administratives pour recevoir leurs indemnités issues de la convention de règlement historique.",tobaccoclaimscanada.ca,Government / public institution,Partially relevant
34,F,"Recours collectif contre l'industrie du tabac : À l'été 2026, des milliers de victimes québécoises du tabagisme ont entrepris les démarches administratives pour recevoir leurs indemnités issues de la convention de règlement historique.",legisquebec.gouv.qc.ca,Government / public institution,Out of context
34,F,"Recours collectif contre l'industrie du tabac : À l'été 2026, des milliers de victimes québécoises du tabagisme ont entrepris les démarches administratives pour recevoir leurs indemnités issues de la convention de règlement historique.",tal.gouv.qc.ca,Government / public institution,Out of context
34,F,"Recours collectif contre l'industrie du tabac : À l'été 2026, des milliers de victimes québécoises du tabagisme ont entrepris les démarches administratives pour recevoir leurs indemnités issues de la convention de règlement historique.",bernierfournieravocats....,Unclear website,Out of context
34,F,"Recours collectif contre l'industrie du tabac : À l'été 2026, des milliers de victimes québécoises du tabagisme ont entrepris les démarches administratives pour recevoir leurs indemnités issues de la convention de règlement historique.",tal.gouv.qc.ca,Government / public institution,Out of context
35,E,"Canadian Coast Guard: The Coast Guard inaugurated its brand-new search-and-rescue vessel, the CCGS Mira Bay, in August 2026.",chinapower.csis.org,Unclear website,Out of context
35,E,"Canadian Coast Guard: The Coast Guard inaugurated its brand-new search-and-rescue vessel, the CCGS Mira Bay, in August 2026.",en.wikipedia.org,Intermediate media,Relevant
35,E,"Canadian Coast Guard: The Coast Guard inaugurated its brand-new search-and-rescue vessel, the CCGS Mira Bay, in August 2026.",understandingwar.org,Unclear website,Out of context
35,E,"Canadian Coast Guard: The Coast Guard inaugurated its brand-new search-and-rescue vessel, the CCGS Mira Bay, in August 2026.",sixtydegreesnorth.substack....,Unclear website,Out of context
35,E,"Canadian Coast Guard: The Coast Guard inaugurated its brand-new search-and-rescue vessel, the CCGS Mira Bay, in August 2026.",shippingmatters.ca,Unclear website,Partially relevant
35,E,"Canadian Coast Guard: The Coast Guard inaugurated its brand-new search-and-rescue vessel, the CCGS Mira Bay, in August 2026.",chuckhillscgblog.net,Unclear website,Partially relevant
35,E,"Canadian Coast Guard: The Coast Guard inaugurated its brand-new search-and-rescue vessel, the CCGS Mira Bay, in August 2026.",news.uscg.mil,Journalistic source,Partially relevant
35,E,"Canadian Coast Guard: The Coast Guard inaugurated its brand-new search-and-rescue vessel, the CCGS Mira Bay, in August 2026.",usff.navy.mil,Unclear website,Partially relevant
35,E,"Canadian Coast Guard: The Coast Guard inaugurated its brand-new search-and-rescue vessel, the CCGS Mira Bay, in August 2026.",mycg.uscg.mil,Unclear website,Out of context
35,E,"Canadian Coast Guard: The Coast Guard inaugurated its brand-new search-and-rescue vessel, the CCGS Mira Bay, in August 2026.",inter-j02.dfo-mpo.gc.ca,Government / public institution,Partially relevant
35,E,"Canadian Coast Guard: The Coast Guard inaugurated its brand-new search-and-rescue vessel, the CCGS Mira Bay, in August 2026.",marinetraffic.com,Unclear website,Out of context
35,E,"Canadian Coast Guard: The Coast Guard inaugurated its brand-new search-and-rescue vessel, the CCGS Mira Bay, in August 2026.",canada.ca,Government / public institution,Relevant
35,E,"Canadian Coast Guard: The Coast Guard inaugurated its brand-new search-and-rescue vessel, the CCGS Mira Bay, in August 2026.",canada.ca,Government / public institution,Relevant
35,E,"Canadian Coast Guard: The Coast Guard inaugurated its brand-new search-and-rescue vessel, the CCGS Mira Bay, in August 2026.",canadiandefencereview.com,Unclear website,Relevant
35,E,"Canadian Coast Guard: The Coast Guard inaugurated its brand-new search-and-rescue vessel, the CCGS Mira Bay, in August 2026.",ics.uci.edu,Scientific source,Out of context
35,E,"Canadian Coast Guard: The Coast Guard inaugurated its brand-new search-and-rescue vessel, the CCGS Mira Bay, in August 2026.",andrewerickson.com,Unclear website,Partially relevant
35,E,"Canadian Coast Guard: The Coast Guard inaugurated its brand-new search-and-rescue vessel, the CCGS Mira Bay, in August 2026.",downloads.cs.stanford.edu,Scientific source,Out of context
35,E,"Canadian Coast Guard: The Coast Guard inaugurated its brand-new search-and-rescue vessel, the CCGS Mira Bay, in August 2026.",magazine.rpi.edu,Scientific source,Out of context
35,E,"Canadian Coast Guard: The Coast Guard inaugurated its brand-new search-and-rescue vessel, the CCGS Mira Bay, in August 2026.",myplace.frontier.com,Unclear website,Out of context
35,E,"Canadian Coast Guard: The Coast Guard inaugurated its brand-new search-and-rescue vessel, the CCGS Mira Bay, in August 2026.",gccbusinesswatch.com,Unclear website,Out of context
35,E,"Canadian Coast Guard: The Coast Guard inaugurated its brand-new search-and-rescue vessel, the CCGS Mira Bay, in August 2026.",idsa.in,Unclear website,Out of context
36,F,"Garde côtière canadienne : La Garde côtière a inauguré au mois d'août 2026 son tout nouveau navire de recherche et sauvetage, le NGCC Mira Bay.",fr.wikipedia.org,Intermediate media,Out of context
36,F,"Garde côtière canadienne : La Garde côtière a inauguré au mois d'août 2026 son tout nouveau navire de recherche et sauvetage, le NGCC Mira Bay.",canada.ca,Government / public institution,Relevant
36,F,"Garde côtière canadienne : La Garde côtière a inauguré au mois d'août 2026 son tout nouveau navire de recherche et sauvetage, le NGCC Mira Bay.",canada.ca,Government / public institution,Relevant
36,F,"Garde côtière canadienne : La Garde côtière a inauguré au mois d'août 2026 son tout nouveau navire de recherche et sauvetage, le NGCC Mira Bay.",canada.ca,Government / public institution,Relevant
37,E,"Misinformation survey: According to data released by Université Laval in 2026, nearly 30% of Quebec internet users report encountering fake news on a daily basis.",nature.com,Scientific source,Partially relevant
37,E,"Misinformation survey: According to data released by Université Laval in 2026, nearly 30% of Quebec internet users report encountering fake news on a daily basis.",nature.com,Scientific source,Out of context
37,E,"Misinformation survey: According to data released by Université Laval in 2026, nearly 30% of Quebec internet users report encountering fake news on a daily basis.",bmjopen.bmj.com,Scientific source,Out of context
37,E,"Misinformation survey: According to data released by Université Laval in 2026, nearly 30% of Quebec internet users report encountering fake news on a daily basis.",sciencedirect.com,Scientific source,Out of context
37,E,"Misinformation survey: According to data released by Université Laval in 2026, nearly 30% of Quebec internet users report encountering fake news on a daily basis.",sciencedirect.com,Scientific source,Out of context
37,E,"Misinformation survey: According to data released by Université Laval in 2026, nearly 30% of Quebec internet users report encountering fake news on a daily basis.",pmc.ncbi.nlm.nih.gov,Government / public institution,Out of context
37,E,"Misinformation survey: According to data released by Université Laval in 2026, nearly 30% of Quebec internet users report encountering fake news on a daily basis.",pmc.ncbi.nlm.nih.gov,Government / public institution,Out of context
37,E,"Misinformation survey: According to data released by Université Laval in 2026, nearly 30% of Quebec internet users report encountering fake news on a daily basis.",pmc.ncbi.nlm.nih.gov,Government / public institution,Out of context
37,E,"Misinformation survey: According to data released by Université Laval in 2026, nearly 30% of Quebec internet users report encountering fake news on a daily basis.",researchgate.net,Scientific source,Out of context
37,E,"Misinformation survey: According to data released by Université Laval in 2026, nearly 30% of Quebec internet users report encountering fake news on a daily basis.",journals.sagepub.com,Scientific source,Out of context
37,E,"Misinformation survey: According to data released by Université Laval in 2026, nearly 30% of Quebec internet users report encountering fake news on a daily basis.",tandfonline.com,Scientific source,Out of context
37,E,"Misinformation survey: According to data released by Université Laval in 2026, nearly 30% of Quebec internet users report encountering fake news on a daily basis.",annualreviews.org,Unclear website,Out of context
37,E,"Misinformation survey: According to data released by Université Laval in 2026, nearly 30% of Quebec internet users report encountering fake news on a daily basis.",formative.jmir.org,Unclear website,Partially relevant
37,E,"Misinformation survey: According to data released by Université Laval in 2026, nearly 30% of Quebec internet users report encountering fake news on a daily basis.",tandfonline.com,Scientific source,Out of context
37,E,"Misinformation survey: According to data released by Université Laval in 2026, nearly 30% of Quebec internet users report encountering fake news on a daily basis.",jmir.org,Unclear website,Out of context
37,E,"Misinformation survey: According to data released by Université Laval in 2026, nearly 30% of Quebec internet users report encountering fake news on a daily basis.",humanrights.ca,Unclear website,Out of context
37,E,"Misinformation survey: According to data released by Université Laval in 2026, nearly 30% of Quebec internet users report encountering fake news on a daily basis.",academic.oup.com,Scientific source,Out of context
37,E,"Misinformation survey: According to data released by Université Laval in 2026, nearly 30% of Quebec internet users report encountering fake news on a daily basis.",unodc.org,International organization,Out of context
37,E,"Misinformation survey: According to data released by Université Laval in 2026, nearly 30% of Quebec internet users report encountering fake news on a daily basis.",jmir.org,Unclear website,Out of context
37,E,"Misinformation survey: According to data released by Université Laval in 2026, nearly 30% of Quebec internet users report encountering fake news on a daily basis.",www150.statcan.gc.ca,Government / public institution,Out of context
37,E,"Misinformation survey: According to data released by Université Laval in 2026, nearly 30% of Quebec internet users report encountering fake news on a daily basis.",jmir.org,Unclear website,Out of context
37,E,"Misinformation survey: According to data released by Université Laval in 2026, nearly 30% of Quebec internet users report encountering fake news on a daily basis.",mhealth.jmir.org,Unclear website,Partially relevant
37,E,"Misinformation survey: According to data released by Université Laval in 2026, nearly 30% of Quebec internet users report encountering fake news on a daily basis.",link.springer.com,Scientific source,Out of context
37,E,"Misinformation survey: According to data released by Université Laval in 2026, nearly 30% of Quebec internet users report encountering fake news on a daily basis.",cyber.gc.ca,Government / public institution,Out of context
37,E,"Misinformation survey: According to data released by Université Laval in 2026, nearly 30% of Quebec internet users report encountering fake news on a daily basis.",drugtargetreview.com,Unclear website,Out of context
37,E,"Misinformation survey: According to data released by Université Laval in 2026, nearly 30% of Quebec internet users report encountering fake news on a daily basis.",jn.nutrition.org,Unclear website,Out of context
37,E,"Misinformation survey: According to data released by Université Laval in 2026, nearly 30% of Quebec internet users report encountering fake news on a daily basis.",clinicaltrials.gov,Government / public institution,Out of context
38,F,"Sondage sur la désinformation : Selon les données diffusées en 2026 par l'Université Laval, près de 30 % des internautes québécois déclarent faire face à des fausses nouvelles sur une base quotidienne.",lapresse.ca,Journalistic source,Out of context
38,F,"Sondage sur la désinformation : Selon les données diffusées en 2026 par l'Université Laval, près de 30 % des internautes québécois déclarent faire face à des fausses nouvelles sur une base quotidienne.",ledroit.com,Unclear website,Partially relevant
38,F,"Sondage sur la désinformation : Selon les données diffusées en 2026 par l'Université Laval, près de 30 % des internautes québécois déclarent faire face à des fausses nouvelles sur une base quotidienne.",journaldequebec.com,Journalistic source,Partially relevant
38,F,"Sondage sur la désinformation : Selon les données diffusées en 2026 par l'Université Laval, près de 30 % des internautes québécois déclarent faire face à des fausses nouvelles sur une base quotidienne.",journaldequebec.com,Journalistic source,Out of context
38,F,"Sondage sur la désinformation : Selon les données diffusées en 2026 par l'Université Laval, près de 30 % des internautes québécois déclarent faire face à des fausses nouvelles sur une base quotidienne.",nouvelles.ulaval.ca,Unclear website,Out of context
38,F,"Sondage sur la désinformation : Selon les données diffusées en 2026 par l'Université Laval, près de 30 % des internautes québécois déclarent faire face à des fausses nouvelles sur une base quotidienne.",transformation-numerique.ul...,Unclear website,Out of context
38,F,"Sondage sur la désinformation : Selon les données diffusées en 2026 par l'Université Laval, près de 30 % des internautes québécois déclarent faire face à des fausses nouvelles sur une base quotidienne.",nouvelles.ulaval.ca,Unclear website,Partially relevant
38,F,"Sondage sur la désinformation : Selon les données diffusées en 2026 par l'Université Laval, près de 30 % des internautes québécois déclarent faire face à des fausses nouvelles sur une base quotidienne.",transformation-numerique.ul...,Unclear website,Out of context
38,F,"Sondage sur la désinformation : Selon les données diffusées en 2026 par l'Université Laval, près de 30 % des internautes québécois déclarent faire face à des fausses nouvelles sur une base quotidienne.",salledepresse.ulaval.ca,Unclear website,Out of context
38,F,"Sondage sur la désinformation : Selon les données diffusées en 2026 par l'Université Laval, près de 30 % des internautes québécois déclarent faire face à des fausses nouvelles sur une base quotidienne.",transformation-numerique.ul...,Unclear website,Out of context
38,F,"Sondage sur la désinformation : Selon les données diffusées en 2026 par l'Université Laval, près de 30 % des internautes québécois déclarent faire face à des fausses nouvelles sur une base quotidienne.",fredericgonzalo.com,Unclear website,Out of context
38,F,"Sondage sur la désinformation : Selon les données diffusées en 2026 par l'Université Laval, près de 30 % des internautes québécois déclarent faire face à des fausses nouvelles sur une base quotidienne.",salledepresse.ulaval.ca,Unclear website,Out of context
38,F,"Sondage sur la désinformation : Selon les données diffusées en 2026 par l'Université Laval, près de 30 % des internautes québécois déclarent faire face à des fausses nouvelles sur une base quotidienne.",constellation.uqac.ca,Unclear website,Out of context
38,F,"Sondage sur la désinformation : Selon les données diffusées en 2026 par l'Université Laval, près de 30 % des internautes québécois déclarent faire face à des fausses nouvelles sur une base quotidienne.",oqlf.gouv.qc.ca,Government / public institution,Out of context
38,F,"Sondage sur la désinformation : Selon les données diffusées en 2026 par l'Université Laval, près de 30 % des internautes québécois déclarent faire face à des fausses nouvelles sur une base quotidienne.",archipel.uqam.ca,Unclear website,Partially relevant
38,F,"Sondage sur la désinformation : Selon les données diffusées en 2026 par l'Université Laval, près de 30 % des internautes québécois déclarent faire face à des fausses nouvelles sur une base quotidienne.",corpus.ulaval.ca,Unclear website,Out of context
39,E,Arson in the Laurentians: The Sûreté du Québec launched investigations into a series of targeted arson attacks that shook the Val-David area in the summer of 2026.,ctvnews.ca,Journalistic source,Out of context
39,E,Arson in the Laurentians: The Sûreté du Québec launched investigations into a series of targeted arson attacks that shook the Val-David area in the summer of 2026.,globalnews.ca,Journalistic source,Out of context
39,E,Arson in the Laurentians: The Sûreté du Québec launched investigations into a series of targeted arson attacks that shook the Val-David area in the summer of 2026.,en.wikipedia.org,Intermediate media,Out of context
39,E,Arson in the Laurentians: The Sûreté du Québec launched investigations into a series of targeted arson attacks that shook the Val-David area in the summer of 2026.,en.wikipedia.org,Intermediate media,Out of context
39,E,Arson in the Laurentians: The Sûreté du Québec launched investigations into a series of targeted arson attacks that shook the Val-David area in the summer of 2026.,cbc.ca,Journalistic source,Out of context
39,E,Arson in the Laurentians: The Sûreté du Québec launched investigations into a series of targeted arson attacks that shook the Val-David area in the summer of 2026.,cbc.ca,Journalistic source,Partially relevant
39,E,Arson in the Laurentians: The Sûreté du Québec launched investigations into a series of targeted arson attacks that shook the Val-David area in the summer of 2026.,cbc.ca,Journalistic source,Out of context
39,E,Arson in the Laurentians: The Sûreté du Québec launched investigations into a series of targeted arson attacks that shook the Val-David area in the summer of 2026.,montreal.citynews.ca,Journalistic source,Partially relevant
39,E,Arson in the Laurentians: The Sûreté du Québec launched investigations into a series of targeted arson attacks that shook the Val-David area in the summer of 2026.,montreal.citynews.ca,Journalistic source,Out of context
39,E,Arson in the Laurentians: The Sûreté du Québec launched investigations into a series of targeted arson attacks that shook the Val-David area in the summer of 2026.,montreal.citynews.ca,Journalistic source,Partially relevant
39,E,Arson in the Laurentians: The Sûreté du Québec launched investigations into a series of targeted arson attacks that shook the Val-David area in the summer of 2026.,mjocrossfield.com,Unclear website,Out of context
39,E,Arson in the Laurentians: The Sûreté du Québec launched investigations into a series of targeted arson attacks that shook the Val-David area in the summer of 2026.,nserc-crsng.canada.ca,Government / public institution,Out of context
39,E,Arson in the Laurentians: The Sûreté du Québec launched investigations into a series of targeted arson attacks that shook the Val-David area in the summer of 2026.,cnsc-ccsn.gc.ca,Government / public institution,Out of context
39,E,Arson in the Laurentians: The Sûreté du Québec launched investigations into a series of targeted arson attacks that shook the Val-David area in the summer of 2026.,numerique.banq.qc.ca,Unclear website,Out of context
40,F,Incendies criminels dans les Laurentides : La Sûreté du Québec a ouvert des enquêtes sur une série d'incendies criminels ciblés qui a secoué le secteur de Val-David à l'été 2026.,qub.ca,Unclear website,Out of context
40,F,Incendies criminels dans les Laurentides : La Sûreté du Québec a ouvert des enquêtes sur une série d'incendies criminels ciblés qui a secoué le secteur de Val-David à l'été 2026.,sq.gouv.qc.ca,Government / public institution,Out of context
40,F,Incendies criminels dans les Laurentides : La Sûreté du Québec a ouvert des enquêtes sur une série d'incendies criminels ciblés qui a secoué le secteur de Val-David à l'été 2026.,canada.ca,Government / public institution,Out of context
40,F,Incendies criminels dans les Laurentides : La Sûreté du Québec a ouvert des enquêtes sur une série d'incendies criminels ciblés qui a secoué le secteur de Val-David à l'été 2026.,sq.gouv.qc.ca,Government / public institution,Partially relevant
40,F,Incendies criminels dans les Laurentides : La Sûreté du Québec a ouvert des enquêtes sur une série d'incendies criminels ciblés qui a secoué le secteur de Val-David à l'été 2026.,rbq.gouv.qc.ca,Government / public institution,Out of context
40,F,Incendies criminels dans les Laurentides : La Sûreté du Québec a ouvert des enquêtes sur une série d'incendies criminels ciblés qui a secoué le secteur de Val-David à l'été 2026.,sq.gouv.qc.ca,Government / public institution,Partially relevant
40,F,Incendies criminels dans les Laurentides : La Sûreté du Québec a ouvert des enquêtes sur une série d'incendies criminels ciblés qui a secoué le secteur de Val-David à l'été 2026.,sq.gouv.qc.ca,Government / public institution,Partially relevant
40,F,Incendies criminels dans les Laurentides : La Sûreté du Québec a ouvert des enquêtes sur une série d'incendies criminels ciblés qui a secoué le secteur de Val-David à l'été 2026.,infodunordvalleedelarouge.c...,Unclear website,Out of context
40,F,Incendies criminels dans les Laurentides : La Sûreté du Québec a ouvert des enquêtes sur une série d'incendies criminels ciblés qui a secoué le secteur de Val-David à l'été 2026.,laurentides.cime.fm,Unclear website,Partially relevant
40,F,Incendies criminels dans les Laurentides : La Sûreté du Québec a ouvert des enquêtes sur une série d'incendies criminels ciblés qui a secoué le secteur de Val-David à l'été 2026.,infodunordsainteagathe.ca,Unclear website,Partially relevant
40,F,Incendies criminels dans les Laurentides : La Sûreté du Québec a ouvert des enquêtes sur une série d'incendies criminels ciblés qui a secoué le secteur de Val-David à l'été 2026.,laval.ca,Unclear website,Out of context
40,F,Incendies criminels dans les Laurentides : La Sûreté du Québec a ouvert des enquêtes sur une série d'incendies criminels ciblés qui a secoué le secteur de Val-David à l'été 2026.,laurentides.cime.fm,Unclear website,Out of context
40,F,Incendies criminels dans les Laurentides : La Sûreté du Québec a ouvert des enquêtes sur une série d'incendies criminels ciblés qui a secoué le secteur de Val-David à l'été 2026.,quebec.ca,Government / public institution,Out of context
40,F,Incendies criminels dans les Laurentides : La Sûreté du Québec a ouvert des enquêtes sur une série d'incendies criminels ciblés qui a secoué le secteur de Val-David à l'été 2026.,laurentides.cime.fm,Unclear website,Partially relevant
41,E,"Public transit in Rimouski: The City of Rimouski announced a major expansion of Citébus and Taxibus routes starting September 1, 2026.",tvanouvelles.ca,Journalistic source,Out of context
41,E,"Public transit in Rimouski: The City of Rimouski announced a major expansion of Citébus and Taxibus routes starting September 1, 2026.",kupi.com,Unclear website,Partially relevant
41,E,"Public transit in Rimouski: The City of Rimouski announced a major expansion of Citébus and Taxibus routes starting September 1, 2026.",rimouskibus.com,Unclear website,Out of context
41,E,"Public transit in Rimouski: The City of Rimouski announced a major expansion of Citébus and Taxibus routes starting September 1, 2026.",stadiumjourney.com,Unclear website,Out of context
42,F,Transport collectif à Rimouski : La Ville de Rimouski a annoncé la bonification majeure des circuits Citébus et Taxibus à compter du 1er septembre 2026.,ici.radio-canada.ca,Government / public institution,Partially relevant
42,F,Transport collectif à Rimouski : La Ville de Rimouski a annoncé la bonification majeure des circuits Citébus et Taxibus à compter du 1er septembre 2026.,ici.radio-canada.ca,Government / public institution,Partially relevant
42,F,Transport collectif à Rimouski : La Ville de Rimouski a annoncé la bonification majeure des circuits Citébus et Taxibus à compter du 1er septembre 2026.,atuq.com,Unclear website,Partially relevant
42,F,Transport collectif à Rimouski : La Ville de Rimouski a annoncé la bonification majeure des circuits Citébus et Taxibus à compter du 1er septembre 2026.,rimouski.ca,Unclear website,Out of context
42,F,Transport collectif à Rimouski : La Ville de Rimouski a annoncé la bonification majeure des circuits Citébus et Taxibus à compter du 1er septembre 2026.,atuq.com,Unclear website,Partially relevant
42,F,Transport collectif à Rimouski : La Ville de Rimouski a annoncé la bonification majeure des circuits Citébus et Taxibus à compter du 1er septembre 2026.,guideautoweb.com,Unclear website,Out of context
42,F,Transport collectif à Rimouski : La Ville de Rimouski a annoncé la bonification majeure des circuits Citébus et Taxibus à compter du 1er septembre 2026.,guideautoweb.com,Unclear website,Out of context
42,F,Transport collectif à Rimouski : La Ville de Rimouski a annoncé la bonification majeure des circuits Citébus et Taxibus à compter du 1er septembre 2026.,guideautoweb.com,Unclear website,Out of context
42,F,Transport collectif à Rimouski : La Ville de Rimouski a annoncé la bonification majeure des circuits Citébus et Taxibus à compter du 1er septembre 2026.,guideautoweb.com,Unclear website,Partially relevant
42,F,Transport collectif à Rimouski : La Ville de Rimouski a annoncé la bonification majeure des circuits Citébus et Taxibus à compter du 1er septembre 2026.,guideautoweb.com,Unclear website,Out of context
42,F,Transport collectif à Rimouski : La Ville de Rimouski a annoncé la bonification majeure des circuits Citébus et Taxibus à compter du 1er septembre 2026.,guideautoweb.com,Unclear website,Out of context
42,F,Transport collectif à Rimouski : La Ville de Rimouski a annoncé la bonification majeure des circuits Citébus et Taxibus à compter du 1er septembre 2026.,guideautoweb.com,Unclear website,Out of context
43,E,SAAQ campaign: The Société de l'assurance automobile du Québec launched a major awareness campaign in early summer 2026 targeting repeated speeding on the road network.,ctvnews.ca,Journalistic source,Out of context
43,E,SAAQ campaign: The Société de l'assurance automobile du Québec launched a major awareness campaign in early summer 2026 targeting repeated speeding on the road network.,iris.who.int,International organization,Out of context
43,E,SAAQ campaign: The Société de l'assurance automobile du Québec launched a major awareness campaign in early summer 2026 targeting repeated speeding on the road network.,icao.int,Unclear website,Out of context
43,E,SAAQ campaign: The Société de l'assurance automobile du Québec launched a major awareness campaign in early summer 2026 targeting repeated speeding on the road network.,saaq.gouv.qc.ca,Government / public institution,Out of context
43,E,SAAQ campaign: The Société de l'assurance automobile du Québec launched a major awareness campaign in early summer 2026 targeting repeated speeding on the road network.,lbbonline.com,Unclear website,Out of context
43,E,SAAQ campaign: The Société de l'assurance automobile du Québec launched a major awareness campaign in early summer 2026 targeting repeated speeding on the road network.,mdpi.com,Scientific source,Out of context
43,E,SAAQ campaign: The Société de l'assurance automobile du Québec launched a major awareness campaign in early summer 2026 targeting repeated speeding on the road network.,saaq.gouv.qc.ca,Government / public institution,Out of context
43,E,SAAQ campaign: The Société de l'assurance automobile du Québec launched a major awareness campaign in early summer 2026 targeting repeated speeding on the road network.,tc.canada.ca,Government / public institution,Relevant
43,E,SAAQ campaign: The Société de l'assurance automobile du Québec launched a major awareness campaign in early summer 2026 targeting repeated speeding on the road network.,publicsafety.gc.ca,Government / public institution,Partially relevant
43,E,SAAQ campaign: The Société de l'assurance automobile du Québec launched a major awareness campaign in early summer 2026 targeting repeated speeding on the road network.,academic.oup.com,Scientific source,Out of context
43,E,SAAQ campaign: The Société de l'assurance automobile du Québec launched a major awareness campaign in early summer 2026 targeting repeated speeding on the road network.,saaq.gouv.qc.ca,Government / public institution,Out of context
43,E,SAAQ campaign: The Société de l'assurance automobile du Québec launched a major awareness campaign in early summer 2026 targeting repeated speeding on the road network.,caaquebec.com,Unclear website,Out of context
43,E,SAAQ campaign: The Société de l'assurance automobile du Québec launched a major awareness campaign in early summer 2026 targeting repeated speeding on the road network.,lbbonline.com,Unclear website,Out of context
43,E,SAAQ campaign: The Société de l'assurance automobile du Québec launched a major awareness campaign in early summer 2026 targeting repeated speeding on the road network.,environnement.gouv.qc.c...,Unclear website,Out of context
44,F,Campagne de la SAAQ : La Société de l'assurance automobile du Québec a déployé au début de l'été 2026 une vaste campagne de sensibilisation ciblant les excès de vitesse répétés sur le réseau routier.,tvanouvelles.ca,Journalistic source,Partially relevant
44,F,Campagne de la SAAQ : La Société de l'assurance automobile du Québec a déployé au début de l'été 2026 une vaste campagne de sensibilisation ciblant les excès de vitesse répétés sur le réseau routier.,saaq.gouv.qc.ca,Government / public institution,Partially relevant
44,F,Campagne de la SAAQ : La Société de l'assurance automobile du Québec a déployé au début de l'été 2026 une vaste campagne de sensibilisation ciblant les excès de vitesse répétés sur le réseau routier.,piedmont.ca,Unclear website,Partially relevant
44,F,Campagne de la SAAQ : La Société de l'assurance automobile du Québec a déployé au début de l'été 2026 une vaste campagne de sensibilisation ciblant les excès de vitesse répétés sur le réseau routier.,assnat.qc.ca,Unclear website,Out of context
44,F,Campagne de la SAAQ : La Société de l'assurance automobile du Québec a déployé au début de l'été 2026 une vaste campagne de sensibilisation ciblant les excès de vitesse répétés sur le réseau routier.,vingt55.ca,Unclear website,Partially relevant
44,F,Campagne de la SAAQ : La Société de l'assurance automobile du Québec a déployé au début de l'été 2026 une vaste campagne de sensibilisation ciblant les excès de vitesse répétés sur le réseau routier.,saaq.gouv.qc.ca,Government / public institution,Partially relevant
44,F,Campagne de la SAAQ : La Société de l'assurance automobile du Québec a déployé au début de l'été 2026 une vaste campagne de sensibilisation ciblant les excès de vitesse répétés sur le réseau routier.,saaq.gouv.qc.ca,Government / public institution,Partially relevant
44,F,Campagne de la SAAQ : La Société de l'assurance automobile du Québec a déployé au début de l'été 2026 une vaste campagne de sensibilisation ciblant les excès de vitesse répétés sur le réseau routier.,saaq.gouv.qc.ca,Government / public institution,Partially relevant
44,F,Campagne de la SAAQ : La Société de l'assurance automobile du Québec a déployé au début de l'été 2026 une vaste campagne de sensibilisation ciblant les excès de vitesse répétés sur le réseau routier.,sq.gouv.qc.ca,Government / public institution,Out of context
44,F,Campagne de la SAAQ : La Société de l'assurance automobile du Québec a déployé au début de l'été 2026 une vaste campagne de sensibilisation ciblant les excès de vitesse répétés sur le réseau routier.,vingt55.ca,Unclear website,Relevant
44,F,Campagne de la SAAQ : La Société de l'assurance automobile du Québec a déployé au début de l'été 2026 une vaste campagne de sensibilisation ciblant les excès de vitesse répétés sur le réseau routier.,sq.gouv.qc.ca,Government / public institution,Partially relevant
44,F,Campagne de la SAAQ : La Société de l'assurance automobile du Québec a déployé au début de l'été 2026 une vaste campagne de sensibilisation ciblant les excès de vitesse répétés sur le réseau routier.,sq.gouv.qc.ca,Government / public institution,Partially relevant
44,F,Campagne de la SAAQ : La Société de l'assurance automobile du Québec a déployé au début de l'été 2026 une vaste campagne de sensibilisation ciblant les excès de vitesse répétés sur le réseau routier.,sq.gouv.qc.ca,Government / public institution,Partially relevant
44,F,Campagne de la SAAQ : La Société de l'assurance automobile du Québec a déployé au début de l'été 2026 une vaste campagne de sensibilisation ciblant les excès de vitesse répétés sur le réseau routier.,sq.gouv.qc.ca,Government / public institution,Partially relevant
44,F,Campagne de la SAAQ : La Société de l'assurance automobile du Québec a déployé au début de l'été 2026 une vaste campagne de sensibilisation ciblant les excès de vitesse répétés sur le réseau routier.,sq.gouv.qc.ca,Government / public institution,Out of context
44,F,Campagne de la SAAQ : La Société de l'assurance automobile du Québec a déployé au début de l'été 2026 une vaste campagne de sensibilisation ciblant les excès de vitesse répétés sur le réseau routier.,isarta.com,Unclear website,Out of context
44,F,Campagne de la SAAQ : La Société de l'assurance automobile du Québec a déployé au début de l'été 2026 une vaste campagne de sensibilisation ciblant les excès de vitesse répétés sur le réseau routier.,quebec.ca,Government / public institution,Out of context
45,E,"Homelessness project in Quebec City: A political proposal introduced in the summer of 2026 suggests creating a ""superminister"" position specifically dedicated to the homelessness crisis in Quebec.",ctvnews.ca,Journalistic source,Out of context
45,E,"Homelessness project in Quebec City: A political proposal introduced in the summer of 2026 suggests creating a ""superminister"" position specifically dedicated to the homelessness crisis in Quebec.",cbc.ca,Journalistic source,Out of context
45,E,"Homelessness project in Quebec City: A political proposal introduced in the summer of 2026 suggests creating a ""superminister"" position specifically dedicated to the homelessness crisis in Quebec.",cbc.ca,Journalistic source,Partially relevant
45,E,"Homelessness project in Quebec City: A political proposal introduced in the summer of 2026 suggests creating a ""superminister"" position specifically dedicated to the homelessness crisis in Quebec.",montreal.citynews.ca,Journalistic source,Partially relevant
45,E,"Homelessness project in Quebec City: A political proposal introduced in the summer of 2026 suggests creating a ""superminister"" position specifically dedicated to the homelessness crisis in Quebec.",montreal.citynews.ca,Journalistic source,Partially relevant
45,E,"Homelessness project in Quebec City: A political proposal introduced in the summer of 2026 suggests creating a ""superminister"" position specifically dedicated to the homelessness crisis in Quebec.",montreal.citynews.ca,Journalistic source,Out of context
45,E,"Homelessness project in Quebec City: A political proposal introduced in the summer of 2026 suggests creating a ""superminister"" position specifically dedicated to the homelessness crisis in Quebec.",canada.ca,Government / public institution,Out of context
45,E,"Homelessness project in Quebec City: A political proposal introduced in the summer of 2026 suggests creating a ""superminister"" position specifically dedicated to the homelessness crisis in Quebec.",thecanadianencyclopedia.ca,Unclear website,Out of context
45,E,"Homelessness project in Quebec City: A political proposal introduced in the summer of 2026 suggests creating a ""superminister"" position specifically dedicated to the homelessness crisis in Quebec.",sasknow.com,Unclear website,Out of context
45,E,"Homelessness project in Quebec City: A political proposal introduced in the summer of 2026 suggests creating a ""superminister"" position specifically dedicated to the homelessness crisis in Quebec.",bcafn.ca,Unclear website,Partially relevant
45,E,"Homelessness project in Quebec City: A political proposal introduced in the summer of 2026 suggests creating a ""superminister"" position specifically dedicated to the homelessness crisis in Quebec.",housing-infrastructure.cana...,Unclear website,Out of context
45,E,"Homelessness project in Quebec City: A political proposal introduced in the summer of 2026 suggests creating a ""superminister"" position specifically dedicated to the homelessness crisis in Quebec.",ighomelessness.org,Unclear website,Out of context
45,E,"Homelessness project in Quebec City: A political proposal introduced in the summer of 2026 suggests creating a ""superminister"" position specifically dedicated to the homelessness crisis in Quebec.",pm.gc.ca,Government / public institution,Out of context
45,E,"Homelessness project in Quebec City: A political proposal introduced in the summer of 2026 suggests creating a ""superminister"" position specifically dedicated to the homelessness crisis in Quebec.",cmhc-schl.gc.ca,Government / public institution,Out of context
45,E,"Homelessness project in Quebec City: A political proposal introduced in the summer of 2026 suggests creating a ""superminister"" position specifically dedicated to the homelessness crisis in Quebec.",housing-infrastructure.cana...,Unclear website,Out of context
45,E,"Homelessness project in Quebec City: A political proposal introduced in the summer of 2026 suggests creating a ""superminister"" position specifically dedicated to the homelessness crisis in Quebec.",missionoldbrewery.ca,Unclear website,Out of context
45,E,"Homelessness project in Quebec City: A political proposal introduced in the summer of 2026 suggests creating a ""superminister"" position specifically dedicated to the homelessness crisis in Quebec.",housing-infrastructure.cana...,Unclear website,Out of context
45,E,"Homelessness project in Quebec City: A political proposal introduced in the summer of 2026 suggests creating a ""superminister"" position specifically dedicated to the homelessness crisis in Quebec.",canada.ca,Government / public institution,Out of context
45,E,"Homelessness project in Quebec City: A political proposal introduced in the summer of 2026 suggests creating a ""superminister"" position specifically dedicated to the homelessness crisis in Quebec.",alberta.ca,Unclear website,Partially relevant
45,E,"Homelessness project in Quebec City: A political proposal introduced in the summer of 2026 suggests creating a ""superminister"" position specifically dedicated to the homelessness crisis in Quebec.",budget.canada.ca,Government / public institution,Out of context
45,E,"Homelessness project in Quebec City: A political proposal introduced in the summer of 2026 suggests creating a ""superminister"" position specifically dedicated to the homelessness crisis in Quebec.",chrc-ccdp.gc.ca,Government / public institution,Out of context
45,E,"Homelessness project in Quebec City: A political proposal introduced in the summer of 2026 suggests creating a ""superminister"" position specifically dedicated to the homelessness crisis in Quebec.",pm.gc.ca,Government / public institution,Out of context
45,E,"Homelessness project in Quebec City: A political proposal introduced in the summer of 2026 suggests creating a ""superminister"" position specifically dedicated to the homelessness crisis in Quebec.",budget.canada.ca,Government / public institution,Out of context
46,F,Projet d'itinérance à Québec : Une proposition politique déposée à l'été 2026 suggère la création d'un poste de « superministre » dédié spécifiquement à la crise de l'itinérance au Québec.,ledevoir.com,Journalistic source,Partially relevant
46,F,Projet d'itinérance à Québec : Une proposition politique déposée à l'été 2026 suggère la création d'un poste de « superministre » dédié spécifiquement à la crise de l'itinérance au Québec.,lapresse.ca,Journalistic source,Out of context
46,F,Projet d'itinérance à Québec : Une proposition politique déposée à l'été 2026 suggère la création d'un poste de « superministre » dédié spécifiquement à la crise de l'itinérance au Québec.,lapresse.ca,Journalistic source,Partially relevant
46,F,Projet d'itinérance à Québec : Une proposition politique déposée à l'été 2026 suggère la création d'un poste de « superministre » dédié spécifiquement à la crise de l'itinérance au Québec.,lapresse.ca,Journalistic source,Out of context
46,F,Projet d'itinérance à Québec : Une proposition politique déposée à l'été 2026 suggère la création d'un poste de « superministre » dédié spécifiquement à la crise de l'itinérance au Québec.,ici.radio-canada.ca,Government / public institution,Partially relevant
46,F,Projet d'itinérance à Québec : Une proposition politique déposée à l'été 2026 suggère la création d'un poste de « superministre » dédié spécifiquement à la crise de l'itinérance au Québec.,noovo.info,Unclear website,Out of context
46,F,Projet d'itinérance à Québec : Une proposition politique déposée à l'été 2026 suggère la création d'un poste de « superministre » dédié spécifiquement à la crise de l'itinérance au Québec.,noovo.info,Unclear website,Out of context
46,F,Projet d'itinérance à Québec : Une proposition politique déposée à l'été 2026 suggère la création d'un poste de « superministre » dédié spécifiquement à la crise de l'itinérance au Québec.,noovo.info,Unclear website,Out of context
46,F,Projet d'itinérance à Québec : Une proposition politique déposée à l'été 2026 suggère la création d'un poste de « superministre » dédié spécifiquement à la crise de l'itinérance au Québec.,threads.com,Unclear website,Out of context
46,F,Projet d'itinérance à Québec : Une proposition politique déposée à l'été 2026 suggère la création d'un poste de « superministre » dédié spécifiquement à la crise de l'itinérance au Québec.,suminfo.ca,Unclear website,Out of context
46,F,Projet d'itinérance à Québec : Une proposition politique déposée à l'été 2026 suggère la création d'un poste de « superministre » dédié spécifiquement à la crise de l'itinérance au Québec.,ph7.ca,Unclear website,Out of context
46,F,Projet d'itinérance à Québec : Une proposition politique déposée à l'été 2026 suggère la création d'un poste de « superministre » dédié spécifiquement à la crise de l'itinérance au Québec.,lesaffaires.com,Unclear website,Out of context
47,E,"Quebecers' vacation plans: According to an Événements Attractions Québec survey for summer 2026, 95% of Quebecers planned to take part in at least one recreational tourism activity in the province during the season.",en.wikipedia.org,Intermediate media,Out of context
47,E,"Quebecers' vacation plans: According to an Événements Attractions Québec survey for summer 2026, 95% of Quebecers planned to take part in at least one recreational tourism activity in the province during the season.",en.wikipedia.org,Intermediate media,Out of context
47,E,"Quebecers' vacation plans: According to an Événements Attractions Québec survey for summer 2026, 95% of Quebecers planned to take part in at least one recreational tourism activity in the province during the season.",statcan.gc.ca,Government / public institution,Out of context
47,E,"Quebecers' vacation plans: According to an Événements Attractions Québec survey for summer 2026, 95% of Quebecers planned to take part in at least one recreational tourism activity in the province during the season.",jaypeakresort.com,Unclear website,Out of context
47,E,"Quebecers' vacation plans: According to an Événements Attractions Québec survey for summer 2026, 95% of Quebecers planned to take part in at least one recreational tourism activity in the province during the season.",gorgedecoaticook.qc.ca,Unclear website,Out of context
47,E,"Quebecers' vacation plans: According to an Événements Attractions Québec survey for summer 2026, 95% of Quebecers planned to take part in at least one recreational tourism activity in the province during the season.",fgcu.edu,Scientific source,Out of context
47,E,"Quebecers' vacation plans: According to an Événements Attractions Québec survey for summer 2026, 95% of Quebecers planned to take part in at least one recreational tourism activity in the province during the season.",hilton.com,Unclear website,Out of context
47,E,"Quebecers' vacation plans: According to an Événements Attractions Québec survey for summer 2026, 95% of Quebecers planned to take part in at least one recreational tourism activity in the province during the season.",easterntownships.org,Unclear website,Out of context
47,E,"Quebecers' vacation plans: According to an Événements Attractions Québec survey for summer 2026, 95% of Quebecers planned to take part in at least one recreational tourism activity in the province during the season.",tandfonline.com,Scientific source,Out of context
47,E,"Quebecers' vacation plans: According to an Événements Attractions Québec survey for summer 2026, 95% of Quebecers planned to take part in at least one recreational tourism activity in the province during the season.",statcan.gc.ca,Government / public institution,Out of context
47,E,"Quebecers' vacation plans: According to an Événements Attractions Québec survey for summer 2026, 95% of Quebecers planned to take part in at least one recreational tourism activity in the province during the season.",dfo-mpo.gc.ca,Government / public institution,Out of context
47,E,"Quebecers' vacation plans: According to an Événements Attractions Québec survey for summer 2026, 95% of Quebecers planned to take part in at least one recreational tourism activity in the province during the season.",abroad.salemstate.edu,Scientific source,Out of context
47,E,"Quebecers' vacation plans: According to an Événements Attractions Québec survey for summer 2026, 95% of Quebecers planned to take part in at least one recreational tourism activity in the province during the season.",canada.ca,Government / public institution,Out of context
47,E,"Quebecers' vacation plans: According to an Événements Attractions Québec survey for summer 2026, 95% of Quebecers planned to take part in at least one recreational tourism activity in the province during the season.",travel.gc.ca,Government / public institution,Out of context
47,E,"Quebecers' vacation plans: According to an Événements Attractions Québec survey for summer 2026, 95% of Quebecers planned to take part in at least one recreational tourism activity in the province during the season.",changingclimate.ca,Unclear website,Out of context
47,E,"Quebecers' vacation plans: According to an Événements Attractions Québec survey for summer 2026, 95% of Quebecers planned to take part in at least one recreational tourism activity in the province during the season.",cdn-contenu.quebec.ca,Government / public institution,Out of context
47,E,"Quebecers' vacation plans: According to an Événements Attractions Québec survey for summer 2026, 95% of Quebecers planned to take part in at least one recreational tourism activity in the province during the season.",vivatech.com,Unclear website,Out of context
47,E,"Quebecers' vacation plans: According to an Événements Attractions Québec survey for summer 2026, 95% of Quebecers planned to take part in at least one recreational tourism activity in the province during the season.",newswire.ca,Unclear website,Out of context
47,E,"Quebecers' vacation plans: According to an Événements Attractions Québec survey for summer 2026, 95% of Quebecers planned to take part in at least one recreational tourism activity in the province during the season.",qc.dfo-mpo.gc.ca,Government / public institution,Out of context
47,E,"Quebecers' vacation plans: According to an Événements Attractions Québec survey for summer 2026, 95% of Quebecers planned to take part in at least one recreational tourism activity in the province during the season.",dcr.virginia.gov,Government / public institution,Out of context
47,E,"Quebecers' vacation plans: According to an Événements Attractions Québec survey for summer 2026, 95% of Quebecers planned to take part in at least one recreational tourism activity in the province during the season.",tripadvisor.com,Unclear website,Out of context
47,E,"Quebecers' vacation plans: According to an Événements Attractions Québec survey for summer 2026, 95% of Quebecers planned to take part in at least one recreational tourism activity in the province during the season.",marriott.com,Unclear website,Out of context
47,E,"Quebecers' vacation plans: According to an Événements Attractions Québec survey for summer 2026, 95% of Quebecers planned to take part in at least one recreational tourism activity in the province during the season.",wfh.org,Unclear website,Out of context
47,E,"Quebecers' vacation plans: According to an Événements Attractions Québec survey for summer 2026, 95% of Quebecers planned to take part in at least one recreational tourism activity in the province during the season.",tandfonline.com,Scientific source,Out of context
47,E,"Quebecers' vacation plans: According to an Événements Attractions Québec survey for summer 2026, 95% of Quebecers planned to take part in at least one recreational tourism activity in the province during the season.",canada.ca,Government / public institution,Out of context
47,E,"Quebecers' vacation plans: According to an Événements Attractions Québec survey for summer 2026, 95% of Quebecers planned to take part in at least one recreational tourism activity in the province during the season.",mnbaq.org,Unclear website,Out of context
48,F,"Intentions de vacances des Québécois : Selon le sondage d'Événements Attractions Québec pour l'été 2026, 95 % des Québécois ont planifié pratiquer au moins une activité récréotouristique dans la province durant la saison.",lapresse.ca,Journalistic source,Partially relevant
48,F,"Intentions de vacances des Québécois : Selon le sondage d'Événements Attractions Québec pour l'été 2026, 95 % des Québécois ont planifié pratiquer au moins une activité récréotouristique dans la province durant la saison.",cdn-contenu.quebec.ca,Government / public institution,Out of context
48,F,"Intentions de vacances des Québécois : Selon le sondage d'Événements Attractions Québec pour l'été 2026, 95 % des Québécois ont planifié pratiquer au moins une activité récréotouristique dans la province durant la saison.",tourismexpress.com,Journalistic source,Partially relevant
48,F,"Intentions de vacances des Québécois : Selon le sondage d'Événements Attractions Québec pour l'été 2026, 95 % des Québécois ont planifié pratiquer au moins une activité récréotouristique dans la province durant la saison.",cdn-contenu.quebec.ca,Government / public institution,Out of context
48,F,"Intentions de vacances des Québécois : Selon le sondage d'Événements Attractions Québec pour l'été 2026, 95 % des Québécois ont planifié pratiquer au moins une activité récréotouristique dans la province durant la saison.",cdrq.coop,Unclear website,Out of context
48,F,"Intentions de vacances des Québécois : Selon le sondage d'Événements Attractions Québec pour l'été 2026, 95 % des Québécois ont planifié pratiquer au moins une activité récréotouristique dans la province durant la saison.",worldleisure.org,Unclear website,Out of context
48,F,"Intentions de vacances des Québécois : Selon le sondage d'Événements Attractions Québec pour l'été 2026, 95 % des Québécois ont planifié pratiquer au moins une activité récréotouristique dans la province durant la saison.",chambly.ca,Unclear website,Out of context
48,F,"Intentions de vacances des Québécois : Selon le sondage d'Événements Attractions Québec pour l'été 2026, 95 % des Québécois ont planifié pratiquer au moins une activité récréotouristique dans la province durant la saison.",publications.gc.ca,Government / public institution,Out of context
48,F,"Intentions de vacances des Québécois : Selon le sondage d'Événements Attractions Québec pour l'été 2026, 95 % des Québécois ont planifié pratiquer au moins une activité récréotouristique dans la province durant la saison.",ville.levis.qc.ca,Unclear website,Out of context
48,F,"Intentions de vacances des Québécois : Selon le sondage d'Événements Attractions Québec pour l'été 2026, 95 % des Québécois ont planifié pratiquer au moins une activité récréotouristique dans la province durant la saison.",vdmt.ca,Unclear website,Out of context
48,F,"Intentions de vacances des Québécois : Selon le sondage d'Événements Attractions Québec pour l'été 2026, 95 % des Québécois ont planifié pratiquer au moins une activité récréotouristique dans la province durant la saison.",mononews.com,Journalistic source,Partially relevant
48,F,"Intentions de vacances des Québécois : Selon le sondage d'Événements Attractions Québec pour l'été 2026, 95 % des Québécois ont planifié pratiquer au moins une activité récréotouristique dans la province durant la saison.",mononews.com,Journalistic source,Partially relevant
48,F,"Intentions de vacances des Québécois : Selon le sondage d'Événements Attractions Québec pour l'été 2026, 95 % des Québécois ont planifié pratiquer au moins une activité récréotouristique dans la province durant la saison.",veilletourisme.uqam.ca,Unclear website,Out of context
48,F,"Intentions de vacances des Québécois : Selon le sondage d'Événements Attractions Québec pour l'été 2026, 95 % des Québécois ont planifié pratiquer au moins une activité récréotouristique dans la province durant la saison.",journallenord.com,Unclear website,Partially relevant
48,F,"Intentions de vacances des Québécois : Selon le sondage d'Événements Attractions Québec pour l'été 2026, 95 % des Québécois ont planifié pratiquer au moins une activité récréotouristique dans la province durant la saison.",mononews.com,Journalistic source,Partially relevant
48,F,"Intentions de vacances des Québécois : Selon le sondage d'Événements Attractions Québec pour l'été 2026, 95 % des Québécois ont planifié pratiquer au moins une activité récréotouristique dans la province durant la saison.",journalacces.ca,Unclear website,Partially relevant
48,F,"Intentions de vacances des Québécois : Selon le sondage d'Événements Attractions Québec pour l'été 2026, 95 % des Québécois ont planifié pratiquer au moins une activité récréotouristique dans la province durant la saison.",newswire.ca,Unclear website,Partially relevant
48,F,"Intentions de vacances des Québécois : Selon le sondage d'Événements Attractions Québec pour l'été 2026, 95 % des Québécois ont planifié pratiquer au moins une activité récréotouristique dans la province durant la saison.",vgq.qc.ca,Unclear website,Out of context
48,F,"Intentions de vacances des Québécois : Selon le sondage d'Événements Attractions Québec pour l'été 2026, 95 % des Québécois ont planifié pratiquer au moins une activité récréotouristique dans la province durant la saison.",cmquebec.qc.ca,Unclear website,Out of context
48,F,"Intentions de vacances des Québécois : Selon le sondage d'Événements Attractions Québec pour l'été 2026, 95 % des Québécois ont planifié pratiquer au moins une activité récréotouristique dans la province durant la saison.",archipel.uqam.ca,Unclear website,Out of context
48,F,"Intentions de vacances des Québécois : Selon le sondage d'Événements Attractions Québec pour l'été 2026, 95 % des Québécois ont planifié pratiquer au moins une activité récréotouristique dans la province durant la saison.",cmquebec.qc.ca,Unclear website,Out of context
48,F,"Intentions de vacances des Québécois : Selon le sondage d'Événements Attractions Québec pour l'été 2026, 95 % des Québécois ont planifié pratiquer au moins une activité récréotouristique dans la province durant la saison.",numerique.banq.qc.ca,Unclear website,Out of context
48,F,"Intentions de vacances des Québécois : Selon le sondage d'Événements Attractions Québec pour l'été 2026, 95 % des Québécois ont planifié pratiquer au moins une activité récréotouristique dans la province durant la saison.",environnement.gouv.qc.c...,Unclear website,Out of context
49,E,Financial assistance to Nunavik and Eeyou Istchee: The Quebec government confirmed in July 2026 that nearly $6 million in funding would be provided for regional development in Northern Quebec (Nunavik and Eeyou Istchee).,nunatsiaq.com,Unclear website,Partially relevant
49,E,Financial assistance to Nunavik and Eeyou Istchee: The Quebec government confirmed in July 2026 that nearly $6 million in funding would be provided for regional development in Northern Quebec (Nunavik and Eeyou Istchee).,nunatsiaq.com,Unclear website,Partially relevant
49,E,Financial assistance to Nunavik and Eeyou Istchee: The Quebec government confirmed in July 2026 that nearly $6 million in funding would be provided for regional development in Northern Quebec (Nunavik and Eeyou Istchee).,cngov.ca,Unclear website,Partially relevant
49,E,Financial assistance to Nunavik and Eeyou Istchee: The Quebec government confirmed in July 2026 that nearly $6 million in funding would be provided for regional development in Northern Quebec (Nunavik and Eeyou Istchee).,rcaanc-cirnac.gc.ca,Government / public institution,Partially relevant
49,E,Financial assistance to Nunavik and Eeyou Istchee: The Quebec government confirmed in July 2026 that nearly $6 million in funding would be provided for regional development in Northern Quebec (Nunavik and Eeyou Istchee).,ca.linkedin.com,Social media,Out of context
49,E,Financial assistance to Nunavik and Eeyou Istchee: The Quebec government confirmed in July 2026 that nearly $6 million in funding would be provided for regional development in Northern Quebec (Nunavik and Eeyou Istchee).,soleica.ca,Unclear website,Partially relevant
49,E,Financial assistance to Nunavik and Eeyou Istchee: The Quebec government confirmed in July 2026 that nearly $6 million in funding would be provided for regional development in Northern Quebec (Nunavik and Eeyou Istchee).,nationalia.info,Unclear website,Out of context
49,E,Financial assistance to Nunavik and Eeyou Istchee: The Quebec government confirmed in July 2026 that nearly $6 million in funding would be provided for regional development in Northern Quebec (Nunavik and Eeyou Istchee).,sirios.com,Unclear website,Partially relevant
49,E,Financial assistance to Nunavik and Eeyou Istchee: The Quebec government confirmed in July 2026 that nearly $6 million in funding would be provided for regional development in Northern Quebec (Nunavik and Eeyou Istchee).,emrwb.ca,Unclear website,Out of context
49,E,Financial assistance to Nunavik and Eeyou Istchee: The Quebec government confirmed in July 2026 that nearly $6 million in funding would be provided for regional development in Northern Quebec (Nunavik and Eeyou Istchee).,academic.oup.com,Scientific source,Partially relevant
49,E,Financial assistance to Nunavik and Eeyou Istchee: The Quebec government confirmed in July 2026 that nearly $6 million in funding would be provided for regional development in Northern Quebec (Nunavik and Eeyou Istchee).,creehealth.org,Unclear website,Out of context
49,E,Financial assistance to Nunavik and Eeyou Istchee: The Quebec government confirmed in July 2026 that nearly $6 million in funding would be provided for regional development in Northern Quebec (Nunavik and Eeyou Istchee).,soquem.qc.ca,Unclear website,Partially relevant
49,E,Financial assistance to Nunavik and Eeyou Istchee: The Quebec government confirmed in July 2026 that nearly $6 million in funding would be provided for regional development in Northern Quebec (Nunavik and Eeyou Istchee).,azimut-exploration.com,Unclear website,Partially relevant
49,E,Financial assistance to Nunavik and Eeyou Istchee: The Quebec government confirmed in July 2026 that nearly $6 million in funding would be provided for regional development in Northern Quebec (Nunavik and Eeyou Istchee).,azimut-exploration.com,Unclear website,Out of context
49,E,Financial assistance to Nunavik and Eeyou Istchee: The Quebec government confirmed in July 2026 that nearly $6 million in funding would be provided for regional development in Northern Quebec (Nunavik and Eeyou Istchee).,canada.ca,Government / public institution,Out of context
50,F,Aide financière au Nunavik et Eeyou Istchee : Le gouvernement du Québec a confirmé en juillet 2026 l'octroi de près de 6 millions $ de soutien au développement régional dans le Nord du Québec (Nunavik et Eeyou Istchee).,ici.radio-canada.ca,Government / public institution,Out of context
50,F,Aide financière au Nunavik et Eeyou Istchee : Le gouvernement du Québec a confirmé en juillet 2026 l'octroi de près de 6 millions $ de soutien au développement régional dans le Nord du Québec (Nunavik et Eeyou Istchee).,journallecitoyen.com,Unclear website,Partially relevant
50,F,Aide financière au Nunavik et Eeyou Istchee : Le gouvernement du Québec a confirmé en juillet 2026 l'octroi de près de 6 millions $ de soutien au développement régional dans le Nord du Québec (Nunavik et Eeyou Istchee).,quebec.ca,Government / public institution,Relevant
50,F,Aide financière au Nunavik et Eeyou Istchee : Le gouvernement du Québec a confirmé en juillet 2026 l'octroi de près de 6 millions $ de soutien au développement régional dans le Nord du Québec (Nunavik et Eeyou Istchee).,newswire.ca,Unclear website,Partially relevant
50,F,Aide financière au Nunavik et Eeyou Istchee : Le gouvernement du Québec a confirmé en juillet 2026 l'octroi de près de 6 millions $ de soutien au développement régional dans le Nord du Québec (Nunavik et Eeyou Istchee).,cainlamarre.ca,Unclear website,Partially relevant
50,F,Aide financière au Nunavik et Eeyou Istchee : Le gouvernement du Québec a confirmé en juillet 2026 l'octroi de près de 6 millions $ de soutien au développement régional dans le Nord du Québec (Nunavik et Eeyou Istchee).,quebec.ca,Government / public institution,Relevant
50,F,Aide financière au Nunavik et Eeyou Istchee : Le gouvernement du Québec a confirmé en juillet 2026 l'octroi de près de 6 millions $ de soutien au développement régional dans le Nord du Québec (Nunavik et Eeyou Istchee).,cngov.ca,Unclear website,Partially relevant
50,F,Aide financière au Nunavik et Eeyou Istchee : Le gouvernement du Québec a confirmé en juillet 2026 l'octroi de près de 6 millions $ de soutien au développement régional dans le Nord du Québec (Nunavik et Eeyou Istchee).,bonjourresidences.com,Unclear website,Partially relevant
50,F,Aide financière au Nunavik et Eeyou Istchee : Le gouvernement du Québec a confirmé en juillet 2026 l'octroi de près de 6 millions $ de soutien au développement régional dans le Nord du Québec (Nunavik et Eeyou Istchee).,publicationsduquebec.go...,Unclear website,Partially relevant
50,F,Aide financière au Nunavik et Eeyou Istchee : Le gouvernement du Québec a confirmé en juillet 2026 l'octroi de près de 6 millions $ de soutien au développement régional dans le Nord du Québec (Nunavik et Eeyou Istchee).,lesaffaires.com,Unclear website,Partially relevant
50,F,Aide financière au Nunavik et Eeyou Istchee : Le gouvernement du Québec a confirmé en juillet 2026 l'octroi de près de 6 millions $ de soutien au développement régional dans le Nord du Québec (Nunavik et Eeyou Istchee).,rcaanc-cirnac.gc.ca,Government / public institution,Partially relevant
50,F,Aide financière au Nunavik et Eeyou Istchee : Le gouvernement du Québec a confirmé en juillet 2026 l'octroi de près de 6 millions $ de soutien au développement régional dans le Nord du Québec (Nunavik et Eeyou Istchee).,mrnf.gouv.qc.ca,Government / public institution,Out of context
50,F,Aide financière au Nunavik et Eeyou Istchee : Le gouvernement du Québec a confirmé en juillet 2026 l'octroi de près de 6 millions $ de soutien au développement régional dans le Nord du Québec (Nunavik et Eeyou Istchee).,cdn-contenu.quebec.ca,Government / public institution,Out of context
50,F,Aide financière au Nunavik et Eeyou Istchee : Le gouvernement du Québec a confirmé en juillet 2026 l'octroi de près de 6 millions $ de soutien au développement régional dans le Nord du Québec (Nunavik et Eeyou Istchee).,cdn-contenu.quebec.ca,Government / public institution,Partially relevant
50,F,Aide financière au Nunavik et Eeyou Istchee : Le gouvernement du Québec a confirmé en juillet 2026 l'octroi de près de 6 millions $ de soutien au développement régional dans le Nord du Québec (Nunavik et Eeyou Istchee).,cngov.ca,Unclear website,Out of context
50,F,Aide financière au Nunavik et Eeyou Istchee : Le gouvernement du Québec a confirmé en juillet 2026 l'octroi de près de 6 millions $ de soutien au développement régional dans le Nord du Québec (Nunavik et Eeyou Istchee).,erudit.org,Scientific source,Partially relevant
50,F,Aide financière au Nunavik et Eeyou Istchee : Le gouvernement du Québec a confirmé en juillet 2026 l'octroi de près de 6 millions $ de soutien au développement régional dans le Nord du Québec (Nunavik et Eeyou Istchee).,newswire.ca,Unclear website,Relevant
50,F,Aide financière au Nunavik et Eeyou Istchee : Le gouvernement du Québec a confirmé en juillet 2026 l'octroi de près de 6 millions $ de soutien au développement régional dans le Nord du Québec (Nunavik et Eeyou Istchee).,lesaffaires.com,Unclear website,Partially relevant
50,F,Aide financière au Nunavik et Eeyou Istchee : Le gouvernement du Québec a confirmé en juillet 2026 l'octroi de près de 6 millions $ de soutien au développement régional dans le Nord du Québec (Nunavik et Eeyou Istchee).,sdbj.gouv.qc.ca,Government / public institution,Partially relevant
50,F,Aide financière au Nunavik et Eeyou Istchee : Le gouvernement du Québec a confirmé en juillet 2026 l'octroi de près de 6 millions $ de soutien au développement régional dans le Nord du Québec (Nunavik et Eeyou Istchee).,cdn-contenu.quebec.ca,Government / public institution,Partially relevant
50,F,Aide financière au Nunavik et Eeyou Istchee : Le gouvernement du Québec a confirmé en juillet 2026 l'octroi de près de 6 millions $ de soutien au développement régional dans le Nord du Québec (Nunavik et Eeyou Istchee).,tresor.gouv.qc.ca,Government / public institution,Out of context
50,F,Aide financière au Nunavik et Eeyou Istchee : Le gouvernement du Québec a confirmé en juillet 2026 l'octroi de près de 6 millions $ de soutien au développement régional dans le Nord du Québec (Nunavik et Eeyou Istchee).,agence911.org,Unclear website,Out of context
50,F,Aide financière au Nunavik et Eeyou Istchee : Le gouvernement du Québec a confirmé en juillet 2026 l'octroi de près de 6 millions $ de soutien au développement régional dans le Nord du Québec (Nunavik et Eeyou Istchee).,publicationsduquebec.go...,Unclear website,Partially relevant
51,E,"“Congress just picked the one version of clock reform America has already tried, hated, and repealed.”",factcheck.org,Journalistic source,Out of context
51,E,"“Congress just picked the one version of clock reform America has already tried, hated, and repealed.”",congress.gov,Government / public institution,Out of context
51,E,"“Congress just picked the one version of clock reform America has already tried, hated, and repealed.”",congress.gov,Government / public institution,Out of context
51,E,"“Congress just picked the one version of clock reform America has already tried, hated, and repealed.”",usafacts.org,Unclear website,Out of context
51,E,"“Congress just picked the one version of clock reform America has already tried, hated, and repealed.”",congress.gov,Government / public institution,Out of context
51,E,"“Congress just picked the one version of clock reform America has already tried, hated, and repealed.”",fitzpatrick.house.gov,Government / public institution,Out of context
51,E,"“Congress just picked the one version of clock reform America has already tried, hated, and repealed.”",thompson.house.gov,Government / public institution,Out of context
51,E,"“Congress just picked the one version of clock reform America has already tried, hated, and repealed.”",house.gov,Government / public institution,Out of context
51,E,"“Congress just picked the one version of clock reform America has already tried, hated, and repealed.”",energycommerce.house.gov,Government / public institution,Out of context
51,E,"“Congress just picked the one version of clock reform America has already tried, hated, and repealed.”",history.house.gov,Government / public institution,Out of context
51,E,"“Congress just picked the one version of clock reform America has already tried, hated, and repealed.”",thehill.com,Journalistic source,Out of context
51,E,"“Congress just picked the one version of clock reform America has already tried, hated, and repealed.”",ballotpedia.org,Unclear website,Out of context
51,E,"“Congress just picked the one version of clock reform America has already tried, hated, and repealed.”",pbs.org,Journalistic source,Partially relevant
51,E,"“Congress just picked the one version of clock reform America has already tried, hated, and repealed.”",en.wikipedia.org,Intermediate media,Out of context
51,E,"“Congress just picked the one version of clock reform America has already tried, hated, and repealed.”",bipartisanpolicy.org,Unclear website,Out of context
51,E,"“Congress just picked the one version of clock reform America has already tried, hated, and repealed.”",time.com,Journalistic source,Out of context
51,E,"“Congress just picked the one version of clock reform America has already tried, hated, and repealed.”",history.com,Unclear website,Out of context
51,E,"“Congress just picked the one version of clock reform America has already tried, hated, and repealed.”",finance.senate.gov,Government / public institution,Out of context
51,E,"“Congress just picked the one version of clock reform America has already tried, hated, and repealed.”",mintz.com,Unclear website,Out of context
51,E,"“Congress just picked the one version of clock reform America has already tried, hated, and repealed.”",hklaw.com,Unclear website,Out of context
51,E,"“Congress just picked the one version of clock reform America has already tried, hated, and repealed.”",aa.usno.navy.mil,Unclear website,Out of context
51,E,"“Congress just picked the one version of clock reform America has already tried, hated, and repealed.”",war.gov,Government / public institution,Out of context
51,E,"“Congress just picked the one version of clock reform America has already tried, hated, and repealed.”",transportation.gov,Government / public institution,Out of context
51,E,"“Congress just picked the one version of clock reform America has already tried, hated, and repealed.”",csg.org,Unclear website,Out of context
51,E,"“Congress just picked the one version of clock reform America has already tried, hated, and repealed.”",colorado.edu,Scientific source,Out of context
51,E,"“Congress just picked the one version of clock reform America has already tried, hated, and repealed.”",med.stanford.edu,Scientific source,Out of context
52,F,"Le Congrès vient de choisir la seule version de la réforme de l'heure que les États-Unis ont déjà essayée, détestée et abrogée.",amnesty.org,Unclear website,Out of context
52,F,"Le Congrès vient de choisir la seule version de la réforme de l'heure que les États-Unis ont déjà essayée, détestée et abrogée.",fr.wikipedia.org,Intermediate media,Out of context
52,F,"Le Congrès vient de choisir la seule version de la réforme de l'heure que les États-Unis ont déjà essayée, détestée et abrogée.",ici.radio-canada.ca,Government / public institution,Out of context
52,F,"Le Congrès vient de choisir la seule version de la réforme de l'heure que les États-Unis ont déjà essayée, détestée et abrogée.",ici.radio-canada.ca,Government / public institution,Out of context
52,F,"Le Congrès vient de choisir la seule version de la réforme de l'heure que les États-Unis ont déjà essayée, détestée et abrogée.",tourmag.com,Unclear website,Out of context
52,F,"Le Congrès vient de choisir la seule version de la réforme de l'heure que les États-Unis ont déjà essayée, détestée et abrogée.",lagrandeconversation.co...,Unclear website,Out of context
52,F,"Le Congrès vient de choisir la seule version de la réforme de l'heure que les États-Unis ont déjà essayée, détestée et abrogée.",visitukraine.today,Unclear website,Partially relevant
52,F,"Le Congrès vient de choisir la seule version de la réforme de l'heure que les États-Unis ont déjà essayée, détestée et abrogée.",jean-jaures.org,Unclear website,Out of context
52,F,"Le Congrès vient de choisir la seule version de la réforme de l'heure que les États-Unis ont déjà essayée, détestée et abrogée.",vie-publique.fr,Unclear website,Out of context
52,F,"Le Congrès vient de choisir la seule version de la réforme de l'heure que les États-Unis ont déjà essayée, détestée et abrogée.",touteleurope.eu,Unclear website,Out of context
52,F,"Le Congrès vient de choisir la seule version de la réforme de l'heure que les États-Unis ont déjà essayée, détestée et abrogée.",theworldwar.org,Unclear website,Out of context
52,F,"Le Congrès vient de choisir la seule version de la réforme de l'heure que les États-Unis ont déjà essayée, détestée et abrogée.",theworldwar.org,Unclear website,Out of context
52,F,"Le Congrès vient de choisir la seule version de la réforme de l'heure que les États-Unis ont déjà essayée, détestée et abrogée.",normlex.ilo.org,International organization,Out of context
52,F,"Le Congrès vient de choisir la seule version de la réforme de l'heure que les États-Unis ont déjà essayée, détestée et abrogée.",lepetitjournal.com,Journalistic source,Out of context
52,F,"Le Congrès vient de choisir la seule version de la réforme de l'heure que les États-Unis ont déjà essayée, détestée et abrogée.",opo-boa.gc.ca,Government / public institution,Out of context
52,F,"Le Congrès vient de choisir la seule version de la réforme de l'heure que les États-Unis ont déjà essayée, détestée et abrogée.",ourcommons.ca,Unclear website,Out of context
52,F,"Le Congrès vient de choisir la seule version de la réforme de l'heure que les États-Unis ont déjà essayée, détestée et abrogée.",reliefweb.int,Unclear website,Out of context
52,F,"Le Congrès vient de choisir la seule version de la réforme de l'heure que les États-Unis ont déjà essayée, détestée et abrogée.",pourlascience.fr,Unclear website,Out of context
52,F,"Le Congrès vient de choisir la seule version de la réforme de l'heure que les États-Unis ont déjà essayée, détestée et abrogée.",focus2030.org,Unclear website,Out of context
52,F,"Le Congrès vient de choisir la seule version de la réforme de l'heure que les États-Unis ont déjà essayée, détestée et abrogée.",bbf.enssib.fr,Unclear website,Out of context
52,F,"Le Congrès vient de choisir la seule version de la réforme de l'heure que les États-Unis ont déjà essayée, détestée et abrogée.",senat.fr,Unclear website,Out of context
52,F,"Le Congrès vient de choisir la seule version de la réforme de l'heure que les États-Unis ont déjà essayée, détestée et abrogée.",saintdenis.china-consulate....,Unclear website,Out of context
53,E,New York state law allows citizens with dual residences to choose where they want to vote.,ncsl.org,Unclear website,Out of context
53,E,New York state law allows citizens with dual residences to choose where they want to vote.,overseasvotefoundation....,Unclear website,Out of context
53,E,New York state law allows citizens with dual residences to choose where they want to vote.,ohiosos.gov,Government / public institution,Out of context
53,E,New York state law allows citizens with dual residences to choose where they want to vote.,fvap.gov,Government / public institution,Out of context
53,E,New York state law allows citizens with dual residences to choose where they want to vote.,law.justia.com,Unclear website,Partially relevant
53,E,New York state law allows citizens with dual residences to choose where they want to vote.,elections.ny.gov,Government / public institution,Partially relevant
53,E,New York state law allows citizens with dual residences to choose where they want to vote.,appalachian.scholasticahq.c...,Unclear website,Partially relevant
53,E,New York state law allows citizens with dual residences to choose where they want to vote.,overseasvotefoundation....,Unclear website,Out of context
53,E,New York state law allows citizens with dual residences to choose where they want to vote.,vote.nyc,Unclear website,Partially relevant
53,E,New York state law allows citizens with dual residences to choose where they want to vote.,fvap.gov,Government / public institution,Out of context
53,E,New York state law allows citizens with dual residences to choose where they want to vote.,elections.ny.gov,Government / public institution,Partially relevant
53,E,New York state law allows citizens with dual residences to choose where they want to vote.,ag.ny.gov,Government / public institution,Out of context
53,E,New York state law allows citizens with dual residences to choose where they want to vote.,nysenate.gov,Government / public institution,Partially relevant
53,E,New York state law allows citizens with dual residences to choose where they want to vote.,vote.org,Unclear website,Partially relevant
53,E,New York state law allows citizens with dual residences to choose where they want to vote.,keukalakeassociation.or...,Unclear website,Partially relevant
53,E,New York state law allows citizens with dual residences to choose where they want to vote.,elections.ny.gov,Government / public institution,Partially relevant
53,E,New York state law allows citizens with dual residences to choose where they want to vote.,nycourts.gov,Government / public institution,Partially relevant
53,E,New York state law allows citizens with dual residences to choose where they want to vote.,suny.edu,Scientific source,Out of context
53,E,New York state law allows citizens with dual residences to choose where they want to vote.,votewhereitcounts.org,Unclear website,Relevant
53,E,New York state law allows citizens with dual residences to choose where they want to vote.,usa.gov,Government / public institution,Partially relevant
53,E,New York state law allows citizens with dual residences to choose where they want to vote.,dmv.ny.gov,Government / public institution,Partially relevant
53,E,New York state law allows citizens with dual residences to choose where they want to vote.,tax.ny.gov,Government / public institution,Partially relevant
54,F,La loi de l'État de New York permet aux citoyens ayant deux résidences de choisir où ils souhaitent voter.,newsguardtech.com,Unclear website,Out of context
54,F,La loi de l'État de New York permet aux citoyens ayant deux résidences de choisir où ils souhaitent voter.,un.org,International organization,Out of context
54,F,La loi de l'État de New York permet aux citoyens ayant deux résidences de choisir où ils souhaitent voter.,archipel.uqam.ca,Unclear website,Out of context
54,F,La loi de l'État de New York permet aux citoyens ayant deux résidences de choisir où ils souhaitent voter.,undp.org,International organization,Out of context
54,F,La loi de l'État de New York permet aux citoyens ayant deux résidences de choisir où ils souhaitent voter.,achpr.au.int,Unclear website,Out of context
54,F,La loi de l'État de New York permet aux citoyens ayant deux résidences de choisir où ils souhaitent voter.,shs.cairn.info,Unclear website,Out of context
54,F,La loi de l'État de New York permet aux citoyens ayant deux résidences de choisir où ils souhaitent voter.,ndi.org,Unclear website,Out of context
54,F,La loi de l'État de New York permet aux citoyens ayant deux résidences de choisir où ils souhaitent voter.,theses.hal.science,Scientific source,Out of context
54,F,La loi de l'État de New York permet aux citoyens ayant deux résidences de choisir où ils souhaitent voter.,digitallibrary.un.org,International organization,Out of context
54,F,La loi de l'État de New York permet aux citoyens ayant deux résidences de choisir où ils souhaitent voter.,venice.coe.int,International organization,Out of context
54,F,La loi de l'État de New York permet aux citoyens ayant deux résidences de choisir où ils souhaitent voter.,digitallibrary.un.org,International organization,Out of context
54,F,La loi de l'État de New York permet aux citoyens ayant deux résidences de choisir où ils souhaitent voter.,french.nycvotes.org,Unclear website,Out of context
54,F,La loi de l'État de New York permet aux citoyens ayant deux résidences de choisir où ils souhaitent voter.,elections.ca,Government / public institution,Out of context
54,F,La loi de l'État de New York permet aux citoyens ayant deux résidences de choisir où ils souhaitent voter.,hudoc.echr.coe.int,International organization,Out of context
54,F,La loi de l'État de New York permet aux citoyens ayant deux résidences de choisir où ils souhaitent voter.,comptroller.nyc.gov,Government / public institution,Out of context
54,F,La loi de l'État de New York permet aux citoyens ayant deux résidences de choisir où ils souhaitent voter.,dmv.ny.gov,Government / public institution,Partially relevant
54,F,La loi de l'État de New York permet aux citoyens ayant deux résidences de choisir où ils souhaitent voter.,assembly.coe.int,International organization,Out of context
54,F,La loi de l'État de New York permet aux citoyens ayant deux résidences de choisir où ils souhaitent voter.,hrlibrary.umn.edu,Scientific source,Out of context
54,F,La loi de l'État de New York permet aux citoyens ayant deux résidences de choisir où ils souhaitent voter.,sciencespo.hal.science,Scientific source,Out of context
54,F,La loi de l'État de New York permet aux citoyens ayant deux résidences de choisir où ils souhaitent voter.,eac.gov,Government / public institution,Out of context
54,F,La loi de l'État de New York permet aux citoyens ayant deux résidences de choisir où ils souhaitent voter.,europarl.europa.eu,International organization,Out of context
54,F,La loi de l'État de New York permet aux citoyens ayant deux résidences de choisir où ils souhaitent voter.,decisions.scc-csc.ca,Unclear website,Out of context
54,F,La loi de l'État de New York permet aux citoyens ayant deux résidences de choisir où ils souhaitent voter.,common.usembassy.gov,Government / public institution,Out of context
54,F,La loi de l'État de New York permet aux citoyens ayant deux résidences de choisir où ils souhaitent voter.,decisions.scc-csc.ca,Unclear website,Out of context
54,F,La loi de l'État de New York permet aux citoyens ayant deux résidences de choisir où ils souhaitent voter.,idea.int,International organization,Out of context
54,F,La loi de l'État de New York permet aux citoyens ayant deux résidences de choisir où ils souhaitent voter.,venice.coe.int,International organization,Out of context
54,F,La loi de l'État de New York permet aux citoyens ayant deux résidences de choisir où ils souhaitent voter.,ipu.org,Unclear website,Out of context
55,E,“Florida is the only state in the nation kicking children off their affordable health coverage.”,npr.org,Journalistic source,Out of context
55,E,“Florida is the only state in the nation kicking children off their affordable health coverage.”,publications.aap.org,Unclear website,Partially relevant
55,E,“Florida is the only state in the nation kicking children off their affordable health coverage.”,kff.org,Unclear website,Partially relevant
55,E,“Florida is the only state in the nation kicking children off their affordable health coverage.”,kff.org,Unclear website,Out of context
55,E,“Florida is the only state in the nation kicking children off their affordable health coverage.”,kff.org,Unclear website,Partially relevant
55,E,“Florida is the only state in the nation kicking children off their affordable health coverage.”,kff.org,Unclear website,Out of context
55,E,“Florida is the only state in the nation kicking children off their affordable health coverage.”,cbpp.org,Unclear website,Out of context
55,E,“Florida is the only state in the nation kicking children off their affordable health coverage.”,cbpp.org,Unclear website,Out of context
55,E,“Florida is the only state in the nation kicking children off their affordable health coverage.”,bipartisanpolicy.org,Unclear website,Out of context
55,E,“Florida is the only state in the nation kicking children off their affordable health coverage.”,commonwealthfund.org,Unclear website,Partially relevant
55,E,“Florida is the only state in the nation kicking children off their affordable health coverage.”,commonwealthfund.org,Unclear website,Out of context
55,E,“Florida is the only state in the nation kicking children off their affordable health coverage.”,federalregister.gov,Government / public institution,Out of context
55,E,“Florida is the only state in the nation kicking children off their affordable health coverage.”,federalregister.gov,Government / public institution,Partially relevant
55,E,“Florida is the only state in the nation kicking children off their affordable health coverage.”,shvs.org,Unclear website,Partially relevant
55,E,“Florida is the only state in the nation kicking children off their affordable health coverage.”,flsenate.gov,Government / public institution,Out of context
55,E,“Florida is the only state in the nation kicking children off their affordable health coverage.”,leg.state.fl.us,Unclear website,Out of context
55,E,“Florida is the only state in the nation kicking children off their affordable health coverage.”,chcs.org,Unclear website,Out of context
55,E,“Florida is the only state in the nation kicking children off their affordable health coverage.”,cms.gov,Government / public institution,Out of context
55,E,“Florida is the only state in the nation kicking children off their affordable health coverage.”,dol.gov,Government / public institution,Out of context
55,E,“Florida is the only state in the nation kicking children off their affordable health coverage.”,healthcare.gov,Government / public institution,Out of context
55,E,“Florida is the only state in the nation kicking children off their affordable health coverage.”,healthcare.gov,Government / public institution,Out of context
55,E,“Florida is the only state in the nation kicking children off their affordable health coverage.”,dol.gov,Government / public institution,Partially relevant
55,E,“Florida is the only state in the nation kicking children off their affordable health coverage.”,medicarerights.org,Unclear website,Out of context
55,E,“Florida is the only state in the nation kicking children off their affordable health coverage.”,cms.gov,Government / public institution,Out of context
55,E,“Florida is the only state in the nation kicking children off their affordable health coverage.”,info.nystateofhealth.ny.gov...,Government / public institution,Out of context
55,E,“Florida is the only state in the nation kicking children off their affordable health coverage.”,nj.gov,Government / public institution,Partially relevant
55,E,“Florida is the only state in the nation kicking children off their affordable health coverage.”,medicaid.ncdhhs.gov,Government / public institution,Partially relevant
55,E,“Florida is the only state in the nation kicking children off their affordable health coverage.”,medicaid.gov,Government / public institution,Out of context
55,E,“Florida is the only state in the nation kicking children off their affordable health coverage.”,ccf.georgetown.edu,Scientific source,Out of context
55,E,“Florida is the only state in the nation kicking children off their affordable health coverage.”,ccf.georgetown.edu,Scientific source,Partially relevant
55,E,“Florida is the only state in the nation kicking children off their affordable health coverage.”,healthcare.gov,Government / public institution,Partially relevant
55,E,“Florida is the only state in the nation kicking children off their affordable health coverage.”,macpac.gov,Government / public institution,Out of context
55,E,“Florida is the only state in the nation kicking children off their affordable health coverage.”,flmedicaidmanagedcare.c...,Unclear website,Partially relevant
56,F,« La Floride est le seul État du pays à retirer aux enfants leur couverture de santé abordable. »,paho.org,Unclear website,Out of context
56,F,« La Floride est le seul État du pays à retirer aux enfants leur couverture de santé abordable. »,thelancet.com,Scientific source,Partially relevant
56,F,« La Floride est le seul État du pays à retirer aux enfants leur couverture de santé abordable. »,pmc.ncbi.nlm.nih.gov,Government / public institution,Out of context
56,F,« La Floride est le seul État du pays à retirer aux enfants leur couverture de santé abordable. »,hrw.org,Unclear website,Out of context
56,F,« La Floride est le seul État du pays à retirer aux enfants leur couverture de santé abordable. »,hrw.org,Unclear website,Out of context
56,F,« La Floride est le seul État du pays à retirer aux enfants leur couverture de santé abordable. »,humanium.org,Unclear website,Out of context
56,F,« La Floride est le seul État du pays à retirer aux enfants leur couverture de santé abordable. »,lopinion.fr,Unclear website,Partially relevant
56,F,« La Floride est le seul État du pays à retirer aux enfants leur couverture de santé abordable. »,ici.radio-canada.ca,Government / public institution,Partially relevant
56,F,« La Floride est le seul État du pays à retirer aux enfants leur couverture de santé abordable. »,lemonde.fr,Journalistic source,Partially relevant
56,F,« La Floride est le seul État du pays à retirer aux enfants leur couverture de santé abordable. »,fastb.org,Unclear website,Partially relevant
56,F,« La Floride est le seul État du pays à retirer aux enfants leur couverture de santé abordable. »,cleiss.fr,Unclear website,Out of context
56,F,« La Floride est le seul État du pays à retirer aux enfants leur couverture de santé abordable. »,objectif-usa.com,Unclear website,Out of context
56,F,« La Floride est le seul État du pays à retirer aux enfants leur couverture de santé abordable. »,govinfo.gov,Government / public institution,Partially relevant
56,F,« La Floride est le seul État du pays à retirer aux enfants leur couverture de santé abordable. »,diplomatie.belgium.be,Unclear website,Out of context
56,F,« La Floride est le seul État du pays à retirer aux enfants leur couverture de santé abordable. »,aphsa.org,Unclear website,Out of context
56,F,« La Floride est le seul État du pays à retirer aux enfants leur couverture de santé abordable. »,voyage.gc.ca,Government / public institution,Out of context
56,F,« La Floride est le seul État du pays à retirer aux enfants leur couverture de santé abordable. »,recherche-expertise.asnr.fr...,Unclear website,Out of context
56,F,« La Floride est le seul État du pays à retirer aux enfants leur couverture de santé abordable. »,iccp-portal.org,Unclear website,Out of context
56,F,« La Floride est le seul État du pays à retirer aux enfants leur couverture de santé abordable. »,prb.org,Unclear website,Out of context
56,F,« La Floride est le seul État du pays à retirer aux enfants leur couverture de santé abordable. »,unfpa.org,Unclear website,Out of context
56,F,« La Floride est le seul État du pays à retirer aux enfants leur couverture de santé abordable. »,floridaandbeyond.com,Unclear website,Out of context
56,F,« La Floride est le seul État du pays à retirer aux enfants leur couverture de santé abordable. »,bons-plans-voyage-flori...,Unclear website,Out of context
56,F,« La Floride est le seul État du pays à retirer aux enfants leur couverture de santé abordable. »,peoples-law.org,Unclear website,Out of context
57,E,“The average IRS tax refund is up 11% compared to last year.”,federalnewsnetwork.com,Unclear website,Relevant
57,E,“The average IRS tax refund is up 11% compared to last year.”,waysandmeans.house.gov,Government / public institution,Relevant
57,E,“The average IRS tax refund is up 11% compared to last year.”,gao.gov,Government / public institution,Partially relevant
57,E,“The average IRS tax refund is up 11% compared to last year.”,cnbc.com,Journalistic source,Relevant
57,E,“The average IRS tax refund is up 11% compared to last year.”,cnbc.com,Journalistic source,Relevant
57,E,“The average IRS tax refund is up 11% compared to last year.”,bipartisanpolicy.org,Unclear website,Out of context
57,E,“The average IRS tax refund is up 11% compared to last year.”,taxfoundation.org,Unclear website,Relevant
57,E,“The average IRS tax refund is up 11% compared to last year.”,taxfoundation.org,Unclear website,Partially relevant
57,E,“The average IRS tax refund is up 11% compared to last year.”,abcnews.com,Journalistic source,Relevant
57,E,“The average IRS tax refund is up 11% compared to last year.”,americanprogress.org,Unclear website,Partially relevant
57,E,“The average IRS tax refund is up 11% compared to last year.”,irs.gov,Government / public institution,Partially relevant
57,E,“The average IRS tax refund is up 11% compared to last year.”,home.treasury.gov,Government / public institution,Relevant
57,E,“The average IRS tax refund is up 11% compared to last year.”,taxpayeradvocate.irs.go...,Unclear website,Relevant
57,E,“The average IRS tax refund is up 11% compared to last year.”,irs.gov,Government / public institution,Partially relevant
57,E,“The average IRS tax refund is up 11% compared to last year.”,irs.gov,Government / public institution,Partially relevant
57,E,“The average IRS tax refund is up 11% compared to last year.”,taxpayeradvocate.irs.go...,Unclear website,Out of context
57,E,“The average IRS tax refund is up 11% compared to last year.”,taxpayeradvocate.irs.go...,Unclear website,Partially relevant
57,E,“The average IRS tax refund is up 11% compared to last year.”,taxpayeradvocate.irs.go...,Unclear website,Partially relevant
57,E,“The average IRS tax refund is up 11% compared to last year.”,apps.irs.gov,Government / public institution,Out of context
57,E,“The average IRS tax refund is up 11% compared to last year.”,taxpayeradvocate.irs.go...,Unclear website,Partially relevant
57,E,“The average IRS tax refund is up 11% compared to last year.”,taxpayeradvocate.irs.go...,Unclear website,Partially relevant
57,E,“The average IRS tax refund is up 11% compared to last year.”,irs.gov,Government / public institution,Partially relevant
57,E,“The average IRS tax refund is up 11% compared to last year.”,irs.gov,Government / public institution,Out of context
57,E,“The average IRS tax refund is up 11% compared to last year.”,irs.gov,Government / public institution,Out of context
57,E,“The average IRS tax refund is up 11% compared to last year.”,irs.gov,Government / public institution,Out of context
57,E,“The average IRS tax refund is up 11% compared to last year.”,federalregister.gov,Government / public institution,Out of context
57,E,“The average IRS tax refund is up 11% compared to last year.”,irs.gov,Government / public institution,Partially relevant
57,E,“The average IRS tax refund is up 11% compared to last year.”,fsapartners.ed.gov,Government / public institution,Out of context
57,E,“The average IRS tax refund is up 11% compared to last year.”,journalofaccountancy.co...,Unclear website,Relevant
58,F,« Le remboursement d'impôt moyen de l'IRS est en hausse de 11 % par rapport à l'année dernière. »,oecd.org,International organization,Out of context
58,F,« Le remboursement d'impôt moyen de l'IRS est en hausse de 11 % par rapport à l'année dernière. »,banque-france.fr,Unclear website,Out of context
58,F,« Le remboursement d'impôt moyen de l'IRS est en hausse de 11 % par rapport à l'année dernière. »,impots.gouv.fr,Unclear website,Out of context
58,F,« Le remboursement d'impôt moyen de l'IRS est en hausse de 11 % par rapport à l'année dernière. »,oecd.org,International organization,Partially relevant
58,F,« Le remboursement d'impôt moyen de l'IRS est en hausse de 11 % par rapport à l'année dernière. »,bcl.lu,Unclear website,Out of context
58,F,« Le remboursement d'impôt moyen de l'IRS est en hausse de 11 % par rapport à l'année dernière. »,bcl.lu,Unclear website,Out of context
58,F,« Le remboursement d'impôt moyen de l'IRS est en hausse de 11 % par rapport à l'année dernière. »,foundcom.org,Unclear website,Partially relevant
58,F,« Le remboursement d'impôt moyen de l'IRS est en hausse de 11 % par rapport à l'année dernière. »,openknowledge.worldbank.org...,Unclear website,Out of context
58,F,« Le remboursement d'impôt moyen de l'IRS est en hausse de 11 % par rapport à l'année dernière. »,un.org,International organization,Out of context
58,F,« Le remboursement d'impôt moyen de l'IRS est en hausse de 11 % par rapport à l'année dernière. »,canada.ca,Government / public institution,Out of context
58,F,« Le remboursement d'impôt moyen de l'IRS est en hausse de 11 % par rapport à l'année dernière. »,documents1.worldbank.org,International organization,Out of context
58,F,« Le remboursement d'impôt moyen de l'IRS est en hausse de 11 % par rapport à l'année dernière. »,ucb.com,Unclear website,Out of context
58,F,« Le remboursement d'impôt moyen de l'IRS est en hausse de 11 % par rapport à l'année dernière. »,rbc.com,Unclear website,Out of context
58,F,« Le remboursement d'impôt moyen de l'IRS est en hausse de 11 % par rapport à l'année dernière. »,gouvernement.lu,Unclear website,Out of context
58,F,« Le remboursement d'impôt moyen de l'IRS est en hausse de 11 % par rapport à l'année dernière. »,brokla.com,Unclear website,Out of context
58,F,« Le remboursement d'impôt moyen de l'IRS est en hausse de 11 % par rapport à l'année dernière. »,elibrary.imf.org,International organization,Out of context
58,F,« Le remboursement d'impôt moyen de l'IRS est en hausse de 11 % par rapport à l'année dernière. »,housingfinanceafrica.org,Unclear website,Out of context
58,F,« Le remboursement d'impôt moyen de l'IRS est en hausse de 11 % par rapport à l'année dernière. »,housingfinanceafrica.org,Unclear website,Out of context
58,F,« Le remboursement d'impôt moyen de l'IRS est en hausse de 11 % par rapport à l'année dernière. »,fr.taxpayeradvocate.irs.gov...,Government / public institution,Out of context
58,F,« Le remboursement d'impôt moyen de l'IRS est en hausse de 11 % par rapport à l'année dernière. »,211md.org,Unclear website,Out of context
58,F,« Le remboursement d'impôt moyen de l'IRS est en hausse de 11 % par rapport à l'année dernière. »,service-public.gouv.fr,Unclear website,Out of context
58,F,« Le remboursement d'impôt moyen de l'IRS est en hausse de 11 % par rapport à l'année dernière. »,budget.ontario.ca,Government / public institution,Out of context
58,F,« Le remboursement d'impôt moyen de l'IRS est en hausse de 11 % par rapport à l'année dernière. »,budget.ontario.ca,Government / public institution,Partially relevant
58,F,« Le remboursement d'impôt moyen de l'IRS est en hausse de 11 % par rapport à l'année dernière. »,economie.gouv.fr,Unclear website,Out of context
58,F,« Le remboursement d'impôt moyen de l'IRS est en hausse de 11 % par rapport à l'année dernière. »,access.nyc.gov,Government / public institution,Out of context
58,F,« Le remboursement d'impôt moyen de l'IRS est en hausse de 11 % par rapport à l'année dernière. »,fr.taxpayeradvocate.irs.gov...,Government / public institution,Out of context
59,E,"“In the modern era, no American president has ordered more military strikes against as many different countries as Donald Trump.”",nature.com,Scientific source,Out of context
59,E,"“In the modern era, no American president has ordered more military strikes against as many different countries as Donald Trump.”",constitutioncenter.org,Unclear website,Out of context
59,E,"“In the modern era, no American president has ordered more military strikes against as many different countries as Donald Trump.”",pewresearch.org,Scientific source,Out of context
59,E,"“In the modern era, no American president has ordered more military strikes against as many different countries as Donald Trump.”",pewresearch.org,Scientific source,Out of context
59,E,"“In the modern era, no American president has ordered more military strikes against as many different countries as Donald Trump.”",congress.gov,Government / public institution,Out of context
59,E,"“In the modern era, no American president has ordered more military strikes against as many different countries as Donald Trump.”",congress.gov,Government / public institution,Out of context
59,E,"“In the modern era, no American president has ordered more military strikes against as many different countries as Donald Trump.”",congress.gov,Government / public institution,Out of context
59,E,"“In the modern era, no American president has ordered more military strikes against as many different countries as Donald Trump.”",sciencedirect.com,Scientific source,Out of context
59,E,"“In the modern era, no American president has ordered more military strikes against as many different countries as Donald Trump.”",democrats-foreignaffairs.ho...,Unclear website,Partially relevant
59,E,"“In the modern era, no American president has ordered more military strikes against as many different countries as Donald Trump.”",pmc.ncbi.nlm.nih.gov,Government / public institution,Out of context
59,E,"“In the modern era, no American president has ordered more military strikes against as many different countries as Donald Trump.”",pmc.ncbi.nlm.nih.gov,Government / public institution,Out of context
59,E,"“In the modern era, no American president has ordered more military strikes against as many different countries as Donald Trump.”",pmc.ncbi.nlm.nih.gov,Government / public institution,Out of context
59,E,"“In the modern era, no American president has ordered more military strikes against as many different countries as Donald Trump.”",pmc.ncbi.nlm.nih.gov,Government / public institution,Out of context
59,E,"“In the modern era, no American president has ordered more military strikes against as many different countries as Donald Trump.”",cfr.org,Unclear website,Partially relevant
59,E,"“In the modern era, no American president has ordered more military strikes against as many different countries as Donald Trump.”",cfr.org,Unclear website,Out of context
59,E,"“In the modern era, no American president has ordered more military strikes against as many different countries as Donald Trump.”",wral.com,Unclear website,Relevant
59,E,"“In the modern era, no American president has ordered more military strikes against as many different countries as Donald Trump.”",pbs.org,Journalistic source,Out of context
59,E,"“In the modern era, no American president has ordered more military strikes against as many different countries as Donald Trump.”",pbs.org,Journalistic source,Partially relevant
59,E,"“In the modern era, no American president has ordered more military strikes against as many different countries as Donald Trump.”",kff.org,Unclear website,Out of context
59,E,"“In the modern era, no American president has ordered more military strikes against as many different countries as Donald Trump.”",americanimmigrationcoun...,Unclear website,Out of context
59,E,"“In the modern era, no American president has ordered more military strikes against as many different countries as Donald Trump.”",cato.org,Unclear website,Out of context
59,E,"“In the modern era, no American president has ordered more military strikes against as many different countries as Donald Trump.”",cato.org,Unclear website,Out of context
59,E,"“In the modern era, no American president has ordered more military strikes against as many different countries as Donald Trump.”",medium.com,Intermediate media,Out of context
59,E,"“In the modern era, no American president has ordered more military strikes against as many different countries as Donald Trump.”",hls.harvard.edu,Scientific source,Out of context
59,E,"“In the modern era, no American president has ordered more military strikes against as many different countries as Donald Trump.”",whitehouse.gov,Government / public institution,Partially relevant
59,E,"“In the modern era, no American president has ordered more military strikes against as many different countries as Donald Trump.”",nycbar.org,Unclear website,Partially relevant
59,E,"“In the modern era, no American president has ordered more military strikes against as many different countries as Donald Trump.”",ndupress.ndu.edu,Scientific source,Out of context
59,E,"“In the modern era, no American president has ordered more military strikes against as many different countries as Donald Trump.”",knightcolumbia.org,Unclear website,Out of context
59,E,"“In the modern era, no American president has ordered more military strikes against as many different countries as Donald Trump.”",ofac.treasury.gov,Government / public institution,Out of context
59,E,"“In the modern era, no American president has ordered more military strikes against as many different countries as Donald Trump.”",reutersinstitute.politics.o...,Scientific source,Out of context
59,E,"“In the modern era, no American president has ordered more military strikes against as many different countries as Donald Trump.”",exactsciences.com,Unclear website,Out of context
59,E,"“In the modern era, no American president has ordered more military strikes against as many different countries as Donald Trump.”",uspto.gov,Government / public institution,Out of context
59,E,"“In the modern era, no American president has ordered more military strikes against as many different countries as Donald Trump.”",eugeneyan.com,Unclear website,Out of context
59,E,"“In the modern era, no American president has ordered more military strikes against as many different countries as Donald Trump.”",uspto.gov,Government / public institution,Out of context
59,E,"“In the modern era, no American president has ordered more military strikes against as many different countries as Donald Trump.”",uspreventiveservicestas...,Unclear website,Out of context
59,E,"“In the modern era, no American president has ordered more military strikes against as many different countries as Donald Trump.”",warpowers.lawandsecurity.or...,Unclear website,Out of context
59,E,"“In the modern era, no American president has ordered more military strikes against as many different countries as Donald Trump.”",gjia.georgetown.edu,Scientific source,Out of context
59,E,"“In the modern era, no American president has ordered more military strikes against as many different countries as Donald Trump.”",presidency.ucsb.edu,Scientific source,Out of context
59,E,"“In the modern era, no American president has ordered more military strikes against as many different countries as Donald Trump.”",scarab.bates.edu,Scientific source,Out of context
59,E,"“In the modern era, no American president has ordered more military strikes against as many different countries as Donald Trump.”",tnsr.org,Unclear website,Out of context
59,E,"“In the modern era, no American president has ordered more military strikes against as many different countries as Donald Trump.”",wsps.ut.ac.ir,Unclear website,Out of context
60,F,"« À l'ère moderne, aucun président américain n'a ordonné davantage de frappes militaires contre autant de pays différents que Donald Trump. »",bbc.com,Journalistic source,Partially relevant
60,F,"« À l'ère moderne, aucun président américain n'a ordonné davantage de frappes militaires contre autant de pays différents que Donald Trump. »",crisisgroup.org,Unclear website,Out of context
60,F,"« À l'ère moderne, aucun président américain n'a ordonné davantage de frappes militaires contre autant de pays différents que Donald Trump. »",amnesty.org,Unclear website,Out of context
60,F,"« À l'ère moderne, aucun président américain n'a ordonné davantage de frappes militaires contre autant de pays différents que Donald Trump. »",deutschland.de,Unclear website,Out of context
60,F,"« À l'ère moderne, aucun président américain n'a ordonné davantage de frappes militaires contre autant de pays différents que Donald Trump. »",airuniversity.af.edu,Scientific source,Out of context
60,F,"« À l'ère moderne, aucun président américain n'a ordonné davantage de frappes militaires contre autant de pays différents que Donald Trump. »",assemblee-nationale.fr,Government / public institution,Out of context
60,F,"« À l'ère moderne, aucun président américain n'a ordonné davantage de frappes militaires contre autant de pays différents que Donald Trump. »",rts.ch,Unclear website,Out of context
60,F,"« À l'ère moderne, aucun président américain n'a ordonné davantage de frappes militaires contre autant de pays différents que Donald Trump. »",hal.science,Scientific source,Out of context
60,F,"« À l'ère moderne, aucun président américain n'a ordonné davantage de frappes militaires contre autant de pays différents que Donald Trump. »",legrandcontinent.eu,Unclear website,Partially relevant
60,F,"« À l'ère moderne, aucun président américain n'a ordonné davantage de frappes militaires contre autant de pays différents que Donald Trump. »",amnesty.fr,Unclear website,Out of context
60,F,"« À l'ère moderne, aucun président américain n'a ordonné davantage de frappes militaires contre autant de pays différents que Donald Trump. »",archipel.uqam.ca,Unclear website,Out of context
60,F,"« À l'ère moderne, aucun président américain n'a ordonné davantage de frappes militaires contre autant de pays différents que Donald Trump. »",sciencespo.hal.science,Scientific source,Out of context
60,F,"« À l'ère moderne, aucun président américain n'a ordonné davantage de frappes militaires contre autant de pays différents que Donald Trump. »",assemblee-nationale.fr,Government / public institution,Out of context
60,F,"« À l'ère moderne, aucun président américain n'a ordonné davantage de frappes militaires contre autant de pays différents que Donald Trump. »",ifri.org,Unclear website,Out of context
60,F,"« À l'ère moderne, aucun président américain n'a ordonné davantage de frappes militaires contre autant de pays différents que Donald Trump. »",assemblee-nationale.fr,Government / public institution,Out of context
60,F,"« À l'ère moderne, aucun président américain n'a ordonné davantage de frappes militaires contre autant de pays différents que Donald Trump. »",icj-cij.org,Unclear website,Out of context
60,F,"« À l'ère moderne, aucun président américain n'a ordonné davantage de frappes militaires contre autant de pays différents que Donald Trump. »",hal.science,Scientific source,Out of context
60,F,"« À l'ère moderne, aucun président américain n'a ordonné davantage de frappes militaires contre autant de pays différents que Donald Trump. »",hal.science,Scientific source,Out of context
60,F,"« À l'ère moderne, aucun président américain n'a ordonné davantage de frappes militaires contre autant de pays différents que Donald Trump. »",assemblee-nationale.fr,Government / public institution,Out of context
60,F,"« À l'ère moderne, aucun président américain n'a ordonné davantage de frappes militaires contre autant de pays différents que Donald Trump. »",diploweb.com,Unclear website,Out of context
60,F,"« À l'ère moderne, aucun président américain n'a ordonné davantage de frappes militaires contre autant de pays différents que Donald Trump. »",senat.fr,Unclear website,Out of context
60,F,"« À l'ère moderne, aucun président américain n'a ordonné davantage de frappes militaires contre autant de pays différents que Donald Trump. »",theses.hal.science,Scientific source,Out of context
60,F,"« À l'ère moderne, aucun président américain n'a ordonné davantage de frappes militaires contre autant de pays différents que Donald Trump. »",budget.canada.ca,Government / public institution,Out of context
60,F,"« À l'ère moderne, aucun président américain n'a ordonné davantage de frappes militaires contre autant de pays différents que Donald Trump. »",assas-universite.fr,Scientific source,Out of context
60,F,"« À l'ère moderne, aucun président américain n'a ordonné davantage de frappes militaires contre autant de pays différents que Donald Trump. »",senat.fr,Unclear website,Out of context
60,F,"« À l'ère moderne, aucun président américain n'a ordonné davantage de frappes militaires contre autant de pays différents que Donald Trump. »",shs.cairn.info,Unclear website,Out of context
60,F,"« À l'ère moderne, aucun président américain n'a ordonné davantage de frappes militaires contre autant de pays différents que Donald Trump. »",theses.hal.science,Scientific source,Out of context
61,E,"“Trump’s budget called for a $300 million cut” to the Women, Infants and Children program.",apnews.com,Journalistic source,Partially relevant
61,E,"“Trump’s budget called for a $300 million cut” to the Women, Infants and Children program.",factcheck.org,Journalistic source,Out of context
61,E,"“Trump’s budget called for a $300 million cut” to the Women, Infants and Children program.",amo.house.gov,Government / public institution,Partially relevant
61,E,"“Trump’s budget called for a $300 million cut” to the Women, Infants and Children program.",democrats-appropriations.hou...,Unclear website,Partially relevant
61,E,"“Trump’s budget called for a $300 million cut” to the Women, Infants and Children program.",politico.com,Journalistic source,Partially relevant
61,E,"“Trump’s budget called for a $300 million cut” to the Women, Infants and Children program.",cbpp.org,Unclear website,Partially relevant
61,E,"“Trump’s budget called for a $300 million cut” to the Women, Infants and Children program.",cbpp.org,Unclear website,Out of context
61,E,"“Trump’s budget called for a $300 million cut” to the Women, Infants and Children program.",cbpp.org,Unclear website,Out of context
61,E,"“Trump’s budget called for a $300 million cut” to the Women, Infants and Children program.",cbpp.org,Unclear website,Out of context
61,E,"“Trump’s budget called for a $300 million cut” to the Women, Infants and Children program.",cbpp.org,Unclear website,Out of context
61,E,"“Trump’s budget called for a $300 million cut” to the Women, Infants and Children program.",americanprogress.org,Unclear website,Partially relevant
61,E,"“Trump’s budget called for a $300 million cut” to the Women, Infants and Children program.",georgetownpoverty.org,Unclear website,Partially relevant
61,E,"“Trump’s budget called for a $300 million cut” to the Women, Infants and Children program.",nwica.org,Unclear website,Partially relevant
61,E,"“Trump’s budget called for a $300 million cut” to the Women, Infants and Children program.",newsfromthestates.com,Unclear website,Relevant
61,E,"“Trump’s budget called for a $300 million cut” to the Women, Infants and Children program.",frac.org,Unclear website,Relevant
61,E,"“Trump’s budget called for a $300 million cut” to the Women, Infants and Children program.",astho.org,Unclear website,Out of context
61,E,"“Trump’s budget called for a $300 million cut” to the Women, Infants and Children program.",ticas.org,Unclear website,Partially relevant
61,E,"“Trump’s budget called for a $300 million cut” to the Women, Infants and Children program.",nwica.org,Unclear website,Out of context
61,E,"“Trump’s budget called for a $300 million cut” to the Women, Infants and Children program.",heinrich.senate.gov,Government / public institution,Out of context
61,E,"“Trump’s budget called for a $300 million cut” to the Women, Infants and Children program.",usda.gov,Government / public institution,Partially relevant
61,E,"“Trump’s budget called for a $300 million cut” to the Women, Infants and Children program.",pawic.com,Unclear website,Partially relevant
61,E,"“Trump’s budget called for a $300 million cut” to the Women, Infants and Children program.",floridahealth.gov,Government / public institution,Partially relevant
61,E,"“Trump’s budget called for a $300 million cut” to the Women, Infants and Children program.",hhs.iowa.gov,Government / public institution,Partially relevant
61,E,"“Trump’s budget called for a $300 million cut” to the Women, Infants and Children program.",health.ny.gov,Government / public institution,Partially relevant
61,E,"“Trump’s budget called for a $300 million cut” to the Women, Infants and Children program.",dhs.wisconsin.gov,Government / public institution,Partially relevant
61,E,"“Trump’s budget called for a $300 million cut” to the Women, Infants and Children program.",nwica.org,Unclear website,Out of context
61,E,"“Trump’s budget called for a $300 million cut” to the Women, Infants and Children program.",ers.usda.gov,Government / public institution,Partially relevant
61,E,"“Trump’s budget called for a $300 million cut” to the Women, Infants and Children program.",fna.usda.gov,Government / public institution,Out of context
61,E,"“Trump’s budget called for a $300 million cut” to the Women, Infants and Children program.",cdss.ca.gov,Government / public institution,Out of context
61,E,"“Trump’s budget called for a $300 million cut” to the Women, Infants and Children program.",cdss.ca.gov,Government / public institution,Out of context
61,E,"“Trump’s budget called for a $300 million cut” to the Women, Infants and Children program.",cdss.ca.gov,Government / public institution,Out of context
61,E,"“Trump’s budget called for a $300 million cut” to the Women, Infants and Children program.",dhs.wisconsin.gov,Government / public institution,Out of context
61,E,"“Trump’s budget called for a $300 million cut” to the Women, Infants and Children program.",cdph.ca.gov,Government / public institution,Partially relevant
61,E,"“Trump’s budget called for a $300 million cut” to the Women, Infants and Children program.",fna.usda.gov,Government / public institution,Out of context
62,F,"« Le budget de Trump prévoyait une réduction de 300 millions de dollars du programme pour les femmes, les nourrissons et les enfants. »",hrw.org,Unclear website,Out of context
62,F,"« Le budget de Trump prévoyait une réduction de 300 millions de dollars du programme pour les femmes, les nourrissons et les enfants. »",researchgate.net,Scientific source,Out of context
62,F,"« Le budget de Trump prévoyait une réduction de 300 millions de dollars du programme pour les femmes, les nourrissons et les enfants. »",translate.google.com,Unclear website,Out of context
62,F,"« Le budget de Trump prévoyait une réduction de 300 millions de dollars du programme pour les femmes, les nourrissons et les enfants. »",noscommunes.ca,Unclear website,Out of context
62,F,"« Le budget de Trump prévoyait une réduction de 300 millions de dollars du programme pour les femmes, les nourrissons et les enfants. »",canada.ca,Government / public institution,Partially relevant
62,F,"« Le budget de Trump prévoyait une réduction de 300 millions de dollars du programme pour les femmes, les nourrissons et les enfants. »",focus2030.org,Unclear website,Partially relevant
62,F,"« Le budget de Trump prévoyait une réduction de 300 millions de dollars du programme pour les femmes, les nourrissons et les enfants. »",assemblee-nationale.fr,Government / public institution,Out of context
62,F,"« Le budget de Trump prévoyait une réduction de 300 millions de dollars du programme pour les femmes, les nourrissons et les enfants. »",vih.org,Unclear website,Partially relevant
62,F,"« Le budget de Trump prévoyait une réduction de 300 millions de dollars du programme pour les femmes, les nourrissons et les enfants. »",dup15q.org,Unclear website,Out of context
62,F,"« Le budget de Trump prévoyait une réduction de 300 millions de dollars du programme pour les femmes, les nourrissons et les enfants. »",misiones.cubaminrex.cu,Unclear website,Partially relevant
62,F,"« Le budget de Trump prévoyait une réduction de 300 millions de dollars du programme pour les femmes, les nourrissons et les enfants. »",immigrantjustice.org,Unclear website,Out of context
62,F,"« Le budget de Trump prévoyait une réduction de 300 millions de dollars du programme pour les femmes, les nourrissons et les enfants. »",savehivfunding.org,Unclear website,Partially relevant
62,F,"« Le budget de Trump prévoyait une réduction de 300 millions de dollars du programme pour les femmes, les nourrissons et les enfants. »",assemblee-nationale.fr,Government / public institution,Out of context
62,F,"« Le budget de Trump prévoyait une réduction de 300 millions de dollars du programme pour les femmes, les nourrissons et les enfants. »",assemblee-nationale.fr,Government / public institution,Out of context
62,F,"« Le budget de Trump prévoyait une réduction de 300 millions de dollars du programme pour les femmes, les nourrissons et les enfants. »",assemblee-nationale.fr,Government / public institution,Out of context
62,F,"« Le budget de Trump prévoyait une réduction de 300 millions de dollars du programme pour les femmes, les nourrissons et les enfants. »",assemblee-nationale.fr,Government / public institution,Out of context
63,E,“Nearly 25 cents of every $1 spent via SNAP goes to farmers and ranchers.”,congress.gov,Government / public institution,Out of context
63,E,“Nearly 25 cents of every $1 spent via SNAP goes to farmers and ranchers.”,vasquez.house.gov,Government / public institution,Partially relevant
63,E,“Nearly 25 cents of every $1 spent via SNAP goes to farmers and ranchers.”,cbpp.org,Unclear website,Out of context
63,E,“Nearly 25 cents of every $1 spent via SNAP goes to farmers and ranchers.”,cbpp.org,Unclear website,Out of context
63,E,“Nearly 25 cents of every $1 spent via SNAP goes to farmers and ranchers.”,cato.org,Unclear website,Out of context
63,E,“Nearly 25 cents of every $1 spent via SNAP goes to farmers and ranchers.”,files.santaclaracounty.gov,Government / public institution,Out of context
63,E,“Nearly 25 cents of every $1 spent via SNAP goes to farmers and ranchers.”,experts.okstate.edu,Scientific source,Out of context
63,E,“Nearly 25 cents of every $1 spent via SNAP goes to farmers and ranchers.”,usda.gov,Government / public institution,Out of context
63,E,“Nearly 25 cents of every $1 spent via SNAP goes to farmers and ranchers.”,awm.venturacounty.gov,Government / public institution,Out of context
63,E,“Nearly 25 cents of every $1 spent via SNAP goes to farmers and ranchers.”,usda.gov,Government / public institution,Out of context
63,E,“Nearly 25 cents of every $1 spent via SNAP goes to farmers and ranchers.”,ers.usda.gov,Government / public institution,Out of context
63,E,“Nearly 25 cents of every $1 spent via SNAP goes to farmers and ranchers.”,fac.gov,Government / public institution,Out of context
63,E,“Nearly 25 cents of every $1 spent via SNAP goes to farmers and ranchers.”,ers.usda.gov,Government / public institution,Out of context
63,E,“Nearly 25 cents of every $1 spent via SNAP goes to farmers and ranchers.”,usda.gov,Government / public institution,Out of context
63,E,“Nearly 25 cents of every $1 spent via SNAP goes to farmers and ranchers.”,usda.gov,Government / public institution,Out of context
63,E,“Nearly 25 cents of every $1 spent via SNAP goes to farmers and ranchers.”,usda.gov,Government / public institution,Partially relevant
63,E,“Nearly 25 cents of every $1 spent via SNAP goes to farmers and ranchers.”,ers.usda.gov,Government / public institution,Out of context
63,E,“Nearly 25 cents of every $1 spent via SNAP goes to farmers and ranchers.”,usda.gov,Government / public institution,Partially relevant
63,E,“Nearly 25 cents of every $1 spent via SNAP goes to farmers and ranchers.”,usda.gov,Government / public institution,Out of context
63,E,“Nearly 25 cents of every $1 spent via SNAP goes to farmers and ranchers.”,nifa.usda.gov,Government / public institution,Out of context
63,E,“Nearly 25 cents of every $1 spent via SNAP goes to farmers and ranchers.”,fsa.usda.gov,Government / public institution,Out of context
63,E,“Nearly 25 cents of every $1 spent via SNAP goes to farmers and ranchers.”,centraltxfoodsystem.org...,Unclear website,Out of context
63,E,“Nearly 25 cents of every $1 spent via SNAP goes to farmers and ranchers.”,ers.usda.gov,Government / public institution,Out of context
63,E,“Nearly 25 cents of every $1 spent via SNAP goes to farmers and ranchers.”,amstat.org,Unclear website,Out of context
63,E,“Nearly 25 cents of every $1 spent via SNAP goes to farmers and ranchers.”,fb.org,Unclear website,Out of context
63,E,“Nearly 25 cents of every $1 spent via SNAP goes to farmers and ranchers.”,farmland.org,Unclear website,Out of context
63,E,“Nearly 25 cents of every $1 spent via SNAP goes to farmers and ranchers.”,ers.usda.gov,Government / public institution,Out of context
63,E,“Nearly 25 cents of every $1 spent via SNAP goes to farmers and ranchers.”,usda.gov,Government / public institution,Out of context
63,E,“Nearly 25 cents of every $1 spent via SNAP goes to farmers and ranchers.”,ruralhealth.us,Unclear website,Partially relevant
63,E,“Nearly 25 cents of every $1 spent via SNAP goes to farmers and ranchers.”,sustainableagriculture.net,Unclear website,Out of context
64,F,« Près de 25 cents de chaque dollar dépensé par l'intermédiaire du SNAP vont aux agriculteurs et aux éleveurs. »,fr.wikipedia.org,Intermediate media,Out of context
64,F,« Près de 25 cents de chaque dollar dépensé par l'intermédiaire du SNAP vont aux agriculteurs et aux éleveurs. »,globalnutritionreport.org,Unclear website,Out of context
64,F,« Près de 25 cents de chaque dollar dépensé par l'intermédiaire du SNAP vont aux agriculteurs et aux éleveurs. »,jeanne-taylor.squarespace.c...,Unclear website,Out of context
64,F,« Près de 25 cents de chaque dollar dépensé par l'intermédiaire du SNAP vont aux agriculteurs et aux éleveurs. »,canada.ca,Government / public institution,Out of context
64,F,« Près de 25 cents de chaque dollar dépensé par l'intermédiaire du SNAP vont aux agriculteurs et aux éleveurs. »,documents1.worldbank.org,International organization,Out of context
64,F,« Près de 25 cents de chaque dollar dépensé par l'intermédiaire du SNAP vont aux agriculteurs et aux éleveurs. »,unesdoc.unesco.org,International organization,Out of context
64,F,« Près de 25 cents de chaque dollar dépensé par l'intermédiaire du SNAP vont aux agriculteurs et aux éleveurs. »,oecd.org,International organization,Out of context
64,F,« Près de 25 cents de chaque dollar dépensé par l'intermédiaire du SNAP vont aux agriculteurs et aux éleveurs. »,fairtrade.net,Unclear website,Out of context
64,F,« Près de 25 cents de chaque dollar dépensé par l'intermédiaire du SNAP vont aux agriculteurs et aux éleveurs. »,ilo.org,International organization,Out of context
64,F,« Près de 25 cents de chaque dollar dépensé par l'intermédiaire du SNAP vont aux agriculteurs et aux éleveurs. »,wfp.tind.io,Unclear website,Out of context
64,F,« Près de 25 cents de chaque dollar dépensé par l'intermédiaire du SNAP vont aux agriculteurs et aux éleveurs. »,digitallibrary.un.org,International organization,Out of context
64,F,« Près de 25 cents de chaque dollar dépensé par l'intermédiaire du SNAP vont aux agriculteurs et aux éleveurs. »,openknowledge.fao.org,International organization,Out of context
64,F,« Près de 25 cents de chaque dollar dépensé par l'intermédiaire du SNAP vont aux agriculteurs et aux éleveurs. »,ifri.org,Unclear website,Out of context
64,F,« Près de 25 cents de chaque dollar dépensé par l'intermédiaire du SNAP vont aux agriculteurs et aux éleveurs. »,agriculture.gouv.fr,Unclear website,Out of context
64,F,« Près de 25 cents de chaque dollar dépensé par l'intermédiaire du SNAP vont aux agriculteurs et aux éleveurs. »,shs.cairn.info,Unclear website,Out of context
64,F,« Près de 25 cents de chaque dollar dépensé par l'intermédiaire du SNAP vont aux agriculteurs et aux éleveurs. »,fao.org,International organization,Out of context
64,F,« Près de 25 cents de chaque dollar dépensé par l'intermédiaire du SNAP vont aux agriculteurs et aux éleveurs. »,institutmontaigne.org,Unclear website,Out of context
64,F,« Près de 25 cents de chaque dollar dépensé par l'intermédiaire du SNAP vont aux agriculteurs et aux éleveurs. »,faolex.fao.org,International organization,Out of context
64,F,« Près de 25 cents de chaque dollar dépensé par l'intermédiaire du SNAP vont aux agriculteurs et aux éleveurs. »,agriculture-strategies....,Unclear website,Out of context
64,F,« Près de 25 cents de chaque dollar dépensé par l'intermédiaire du SNAP vont aux agriculteurs et aux éleveurs. »,theses.hal.science,Scientific source,Out of context
65,E,“China makes 80% of all toys” and “90% of all Christmas goods” sold in the U.S.,everycrsreport.com,Unclear website,Out of context
65,E,“China makes 80% of all toys” and “90% of all Christmas goods” sold in the U.S.,politifact.com,Journalistic source,Partially relevant
65,E,“China makes 80% of all toys” and “90% of all Christmas goods” sold in the U.S.,piie.com,Unclear website,Partially relevant
65,E,“China makes 80% of all toys” and “90% of all Christmas goods” sold in the U.S.,piie.com,Unclear website,Out of context
65,E,“China makes 80% of all toys” and “90% of all Christmas goods” sold in the U.S.,nytimes.com,Journalistic source,Relevant
65,E,“China makes 80% of all toys” and “90% of all Christmas goods” sold in the U.S.,statesman.com,Unclear website,Relevant
65,E,“China makes 80% of all toys” and “90% of all Christmas goods” sold in the U.S.,aljazeera.com,Journalistic source,Relevant
65,E,“China makes 80% of all toys” and “90% of all Christmas goods” sold in the U.S.,taxfoundation.org,Unclear website,Partially relevant
65,E,“China makes 80% of all toys” and “90% of all Christmas goods” sold in the U.S.,som.yale.edu,Scientific source,Out of context
65,E,“China makes 80% of all toys” and “90% of all Christmas goods” sold in the U.S.,houstonpublicmedia.org,Unclear website,Partially relevant
65,E,“China makes 80% of all toys” and “90% of all Christmas goods” sold in the U.S.,cpsc.gov,Government / public institution,Partially relevant
65,E,“China makes 80% of all toys” and “90% of all Christmas goods” sold in the U.S.,shop.whitehousehistory.org,Unclear website,Partially relevant
65,E,“China makes 80% of all toys” and “90% of all Christmas goods” sold in the U.S.,uschina.org,Unclear website,Partially relevant
65,E,“China makes 80% of all toys” and “90% of all Christmas goods” sold in the U.S.,dol.gov,Government / public institution,Partially relevant
65,E,“China makes 80% of all toys” and “90% of all Christmas goods” sold in the U.S.,shop.whitehousehistory.org,Unclear website,Out of context
65,E,“China makes 80% of all toys” and “90% of all Christmas goods” sold in the U.S.,link.springer.com,Scientific source,Out of context
65,E,“China makes 80% of all toys” and “90% of all Christmas goods” sold in the U.S.,euipo.europa.eu,International organization,Out of context
65,E,“China makes 80% of all toys” and “90% of all Christmas goods” sold in the U.S.,danwang.co,Unclear website,Out of context
65,E,“China makes 80% of all toys” and “90% of all Christmas goods” sold in the U.S.,ecfr.gov,Government / public institution,Out of context
65,E,“China makes 80% of all toys” and “90% of all Christmas goods” sold in the U.S.,adamprzeworski.substack.com...,Unclear website,Out of context
65,E,“China makes 80% of all toys” and “90% of all Christmas goods” sold in the U.S.,census.gov,Government / public institution,Partially relevant
65,E,“China makes 80% of all toys” and “90% of all Christmas goods” sold in the U.S.,wto.org,International organization,Out of context
65,E,“China makes 80% of all toys” and “90% of all Christmas goods” sold in the U.S.,hts.usitc.gov,Government / public institution,Out of context
65,E,“China makes 80% of all toys” and “90% of all Christmas goods” sold in the U.S.,hts.usitc.gov,Government / public institution,Out of context
65,E,“China makes 80% of all toys” and “90% of all Christmas goods” sold in the U.S.,dataweb.usitc.gov,Government / public institution,Out of context
65,E,“China makes 80% of all toys” and “90% of all Christmas goods” sold in the U.S.,bea.gov,Government / public institution,Out of context
65,E,“China makes 80% of all toys” and “90% of all Christmas goods” sold in the U.S.,uscensus.prod.3ceonline.com...,Unclear website,Out of context
65,E,“China makes 80% of all toys” and “90% of all Christmas goods” sold in the U.S.,census.gov,Government / public institution,Out of context
65,E,“China makes 80% of all toys” and “90% of all Christmas goods” sold in the U.S.,census.gov,Government / public institution,Out of context
65,E,“China makes 80% of all toys” and “90% of all Christmas goods” sold in the U.S.,usitc.gov,Government / public institution,Out of context
65,E,“China makes 80% of all toys” and “90% of all Christmas goods” sold in the U.S.,nyassembly.gov,Government / public institution,Out of context
65,E,“China makes 80% of all toys” and “90% of all Christmas goods” sold in the U.S.,torrestradelaw.com,Unclear website,Out of context
65,E,“China makes 80% of all toys” and “90% of all Christmas goods” sold in the U.S.,www2.census.gov,Government / public institution,Out of context
65,E,“China makes 80% of all toys” and “90% of all Christmas goods” sold in the U.S.,trade.gov,Government / public institution,Out of context
65,E,“China makes 80% of all toys” and “90% of all Christmas goods” sold in the U.S.,census.gov,Government / public institution,Out of context
66,F,« La Chine fabrique 80 % de tous les jouets » et « 90 % de tous les articles de Noël » vendus aux États-Unis.,science.gov,Government / public institution,Out of context
66,F,« La Chine fabrique 80 % de tous les jouets » et « 90 % de tous les articles de Noël » vendus aux États-Unis.,academia.edu,Scientific source,Out of context
66,F,« La Chine fabrique 80 % de tous les jouets » et « 90 % de tous les articles de Noël » vendus aux États-Unis.,documents1.worldbank.org,International organization,Out of context
66,F,« La Chine fabrique 80 % de tous les jouets » et « 90 % de tous les articles de Noël » vendus aux États-Unis.,undp.org,International organization,Out of context
66,F,« La Chine fabrique 80 % de tous les jouets » et « 90 % de tous les articles de Noël » vendus aux États-Unis.,unesdoc.unesco.org,International organization,Out of context
66,F,« La Chine fabrique 80 % de tous les jouets » et « 90 % de tous les articles de Noël » vendus aux États-Unis.,economie.gouv.fr,Unclear website,Out of context
66,F,« La Chine fabrique 80 % de tous les jouets » et « 90 % de tous les articles de Noël » vendus aux États-Unis.,elibrary.imf.org,International organization,Out of context
66,F,« La Chine fabrique 80 % de tous les jouets » et « 90 % de tous les articles de Noël » vendus aux États-Unis.,svn.spraakdata.gu.se,Unclear website,Out of context
66,F,« La Chine fabrique 80 % de tous les jouets » et « 90 % de tous les articles de Noël » vendus aux États-Unis.,usherbrooke.scholaris.ca,Unclear website,Out of context
66,F,« La Chine fabrique 80 % de tous les jouets » et « 90 % de tous les articles de Noël » vendus aux États-Unis.,insee.fr,Unclear website,Out of context
66,F,« La Chine fabrique 80 % de tous les jouets » et « 90 % de tous les articles de Noël » vendus aux États-Unis.,thecanadianencyclopedia.ca,Unclear website,Out of context
66,F,« La Chine fabrique 80 % de tous les jouets » et « 90 % de tous les articles de Noël » vendus aux États-Unis.,ieom.fr,Unclear website,Out of context
66,F,« La Chine fabrique 80 % de tous les jouets » et « 90 % de tous les articles de Noël » vendus aux États-Unis.,eur-lex.europa.eu,International organization,Out of context
66,F,« La Chine fabrique 80 % de tous les jouets » et « 90 % de tous les articles de Noël » vendus aux États-Unis.,canada.ca,Government / public institution,Out of context
66,F,« La Chine fabrique 80 % de tous les jouets » et « 90 % de tous les articles de Noël » vendus aux États-Unis.,unesdoc.unesco.org,International organization,Out of context
66,F,« La Chine fabrique 80 % de tous les jouets » et « 90 % de tous les articles de Noël » vendus aux États-Unis.,imf.org,International organization,Out of context
66,F,« La Chine fabrique 80 % de tous les jouets » et « 90 % de tous les articles de Noël » vendus aux États-Unis.,itu.int,Unclear website,Out of context
66,F,« La Chine fabrique 80 % de tous les jouets » et « 90 % de tous les articles de Noël » vendus aux États-Unis.,wto.org,International organization,Partially relevant
66,F,« La Chine fabrique 80 % de tous les jouets » et « 90 % de tous les articles de Noël » vendus aux États-Unis.,intracen.org,Unclear website,Partially relevant
66,F,« La Chine fabrique 80 % de tous les jouets » et « 90 % de tous les articles de Noël » vendus aux États-Unis.,theshiftproject.org,Unclear website,Out of context
66,F,« La Chine fabrique 80 % de tous les jouets » et « 90 % de tous les articles de Noël » vendus aux États-Unis.,alliancefrancecuir.org,Unclear website,Out of context
66,F,« La Chine fabrique 80 % de tous les jouets » et « 90 % de tous les articles de Noël » vendus aux États-Unis.,theses.hal.science,Scientific source,Out of context
66,F,« La Chine fabrique 80 % de tous les jouets » et « 90 % de tous les articles de Noël » vendus aux États-Unis.,senat.fr,Unclear website,Out of context
66,F,« La Chine fabrique 80 % de tous les jouets » et « 90 % de tous les articles de Noël » vendus aux États-Unis.,shs.hal.science,Scientific source,Out of context
66,F,« La Chine fabrique 80 % de tous les jouets » et « 90 % de tous les articles de Noël » vendus aux États-Unis.,wto.org,International organization,Out of context
66,F,« La Chine fabrique 80 % de tous les jouets » et « 90 % de tous les articles de Noël » vendus aux États-Unis.,wcoomd.org,Unclear website,Out of context
66,F,« La Chine fabrique 80 % de tous les jouets » et « 90 % de tous les articles de Noël » vendus aux États-Unis.,fortunebusinessinsights...,Unclear website,Partially relevant
66,F,« La Chine fabrique 80 % de tous les jouets » et « 90 % de tous les articles de Noël » vendus aux États-Unis.,canada.ca,Government / public institution,Out of context
66,F,« La Chine fabrique 80 % de tous les jouets » et « 90 % de tous les articles de Noël » vendus aux États-Unis.,wto.org,International organization,Out of context
66,F,« La Chine fabrique 80 % de tous les jouets » et « 90 % de tous les articles de Noël » vendus aux États-Unis.,agriculture.canada.ca,Government / public institution,Out of context
66,F,« La Chine fabrique 80 % de tous les jouets » et « 90 % de tous les articles de Noël » vendus aux États-Unis.,unesdoc.unesco.org,International organization,Out of context
66,F,« La Chine fabrique 80 % de tous les jouets » et « 90 % de tous les articles de Noël » vendus aux États-Unis.,gouvernement.lu,Unclear website,Out of context
66,F,« La Chine fabrique 80 % de tous les jouets » et « 90 % de tous les articles de Noël » vendus aux États-Unis.,faculty.georgetown.edu,Scientific source,Out of context
66,F,« La Chine fabrique 80 % de tous les jouets » et « 90 % de tous les articles de Noël » vendus aux États-Unis.,gazette.gc.ca,Government / public institution,Out of context
66,F,« La Chine fabrique 80 % de tous les jouets » et « 90 % de tous les articles de Noël » vendus aux États-Unis.,thedocs.worldbank.org,International organization,Out of context
66,F,« La Chine fabrique 80 % de tous les jouets » et « 90 % de tous les articles de Noël » vendus aux États-Unis.,journals.openedition.org,Unclear website,Out of context
66,F,« La Chine fabrique 80 % de tous les jouets » et « 90 % de tous les articles de Noël » vendus aux États-Unis.,huggingface.co,Unclear website,Out of context
66,F,« La Chine fabrique 80 % de tous les jouets » et « 90 % de tous les articles de Noël » vendus aux États-Unis.,documents1.worldbank.org,International organization,Out of context
67,E,“Gun violence is the leading killer of college-aged people in the U.S.”,wisqars.cdc.gov,Government / public institution,Partially relevant
67,E,“Gun violence is the leading killer of college-aged people in the U.S.”,cdc.gov,Government / public institution,Out of context
67,E,“Gun violence is the leading killer of college-aged people in the U.S.”,cdc.gov,Government / public institution,Out of context
67,E,“Gun violence is the leading killer of college-aged people in the U.S.”,nejm.org,Scientific source,Partially relevant
67,E,“Gun violence is the leading killer of college-aged people in the U.S.”,sciencedirect.com,Scientific source,Partially relevant
67,E,“Gun violence is the leading killer of college-aged people in the U.S.”,nimh.nih.gov,Government / public institution,Out of context
67,E,“Gun violence is the leading killer of college-aged people in the U.S.”,pmc.ncbi.nlm.nih.gov,Government / public institution,Partially relevant
67,E,“Gun violence is the leading killer of college-aged people in the U.S.”,niaaa.nih.gov,Government / public institution,Out of context
67,E,“Gun violence is the leading killer of college-aged people in the U.S.”,pmc.ncbi.nlm.nih.gov,Government / public institution,Out of context
67,E,“Gun violence is the leading killer of college-aged people in the U.S.”,pmc.ncbi.nlm.nih.gov,Government / public institution,Out of context
67,E,“Gun violence is the leading killer of college-aged people in the U.S.”,kff.org,Unclear website,Out of context
67,E,“Gun violence is the leading killer of college-aged people in the U.S.”,who.int,International organization,Partially relevant
67,E,“Gun violence is the leading killer of college-aged people in the U.S.”,sentencingproject.org,Unclear website,Out of context
67,E,“Gun violence is the leading killer of college-aged people in the U.S.”,hsph.harvard.edu,Scientific source,Partially relevant
67,E,“Gun violence is the leading killer of college-aged people in the U.S.”,jamanetwork.com,Unclear website,Partially relevant
67,E,“Gun violence is the leading killer of college-aged people in the U.S.”,nami.org,Unclear website,Partially relevant
67,E,“Gun violence is the leading killer of college-aged people in the U.S.”,yalemedicine.org,Unclear website,Partially relevant
67,E,“Gun violence is the leading killer of college-aged people in the U.S.”,everytownresearch.org,Scientific source,Partially relevant
67,E,“Gun violence is the leading killer of college-aged people in the U.S.”,everytownresearch.org,Scientific source,Partially relevant
67,E,“Gun violence is the leading killer of college-aged people in the U.S.”,everytown.org,Unclear website,Relevant
67,E,“Gun violence is the leading killer of college-aged people in the U.S.”,everytown.org,Unclear website,Partially relevant
67,E,“Gun violence is the leading killer of college-aged people in the U.S.”,studentaffairs.utah.edu,Scientific source,Partially relevant
67,E,“Gun violence is the leading killer of college-aged people in the U.S.”,jacc.org,Unclear website,Out of context
67,E,“Gun violence is the leading killer of college-aged people in the U.S.”,drugabusestatistics.org,Unclear website,Out of context
67,E,“Gun violence is the leading killer of college-aged people in the U.S.”,schs.dph.ncdhhs.gov,Government / public institution,Out of context
67,E,“Gun violence is the leading killer of college-aged people in the U.S.”,counciloncj.org,Unclear website,Out of context
67,E,“Gun violence is the leading killer of college-aged people in the U.S.”,sandyhookpromise.org,Unclear website,Partially relevant
67,E,“Gun violence is the leading killer of college-aged people in the U.S.”,giffords.org,Unclear website,Partially relevant
68,F,« La violence armée est la principale cause de décès chez les jeunes adultes fréquentant l'université aux États-Unis. »,dumas.ccsd.cnrs.fr,Unclear website,Out of context
68,F,« La violence armée est la principale cause de décès chez les jeunes adultes fréquentant l'université aux États-Unis. »,sante.gouv.fr,Unclear website,Out of context
68,F,« La violence armée est la principale cause de décès chez les jeunes adultes fréquentant l'université aux États-Unis. »,unicef.fr,Unclear website,Out of context
68,F,« La violence armée est la principale cause de décès chez les jeunes adultes fréquentant l'université aux États-Unis. »,inserm.hal.science,Scientific source,Out of context
68,F,« La violence armée est la principale cause de décès chez les jeunes adultes fréquentant l'université aux États-Unis. »,inserm.hal.science,Scientific source,Out of context
68,F,« La violence armée est la principale cause de décès chez les jeunes adultes fréquentant l'université aux États-Unis. »,orspaysdelaloire.com,Unclear website,Out of context
68,F,« La violence armée est la principale cause de décès chez les jeunes adultes fréquentant l'université aux États-Unis. »,hdr.undp.org,International organization,Out of context
68,F,« La violence armée est la principale cause de décès chez les jeunes adultes fréquentant l'université aux États-Unis. »,documents1.worldbank.org,International organization,Out of context
68,F,« La violence armée est la principale cause de décès chez les jeunes adultes fréquentant l'université aux États-Unis. »,hi-us.org,Unclear website,Out of context
68,F,« La violence armée est la principale cause de décès chez les jeunes adultes fréquentant l'université aux États-Unis. »,clr.africanchildforum.org,Unclear website,Out of context
68,F,« La violence armée est la principale cause de décès chez les jeunes adultes fréquentant l'université aux États-Unis. »,documents1.worldbank.org,International organization,Out of context
68,F,« La violence armée est la principale cause de décès chez les jeunes adultes fréquentant l'université aux États-Unis. »,oecd.org,International organization,Partially relevant
68,F,« La violence armée est la principale cause de décès chez les jeunes adultes fréquentant l'université aux États-Unis. »,unesdoc.unesco.org,International organization,Out of context
68,F,« La violence armée est la principale cause de décès chez les jeunes adultes fréquentant l'université aux États-Unis. »,hal.science,Scientific source,Out of context
68,F,« La violence armée est la principale cause de décès chez les jeunes adultes fréquentant l'université aux États-Unis. »,repository.lsu.edu,Scientific source,Out of context
68,F,« La violence armée est la principale cause de décès chez les jeunes adultes fréquentant l'université aux États-Unis. »,childrenandarmedconflict.un...,Unclear website,Out of context
68,F,« La violence armée est la principale cause de décès chez les jeunes adultes fréquentant l'université aux États-Unis. »,hlpf.un.org,International organization,Out of context
68,F,« La violence armée est la principale cause de décès chez les jeunes adultes fréquentant l'université aux États-Unis. »,unis.unvienna.org,Unclear website,Out of context
68,F,« La violence armée est la principale cause de décès chez les jeunes adultes fréquentant l'université aux États-Unis. »,hdr.undp.org,International organization,Out of context
68,F,« La violence armée est la principale cause de décès chez les jeunes adultes fréquentant l'université aux États-Unis. »,assemblee-nationale.fr,Government / public institution,Out of context
68,F,« La violence armée est la principale cause de décès chez les jeunes adultes fréquentant l'université aux États-Unis. »,ccomptes.fr,Unclear website,Out of context
68,F,« La violence armée est la principale cause de décès chez les jeunes adultes fréquentant l'université aux États-Unis. »,theses.fr,Unclear website,Out of context
68,F,« La violence armée est la principale cause de décès chez les jeunes adultes fréquentant l'université aux États-Unis. »,abstracts.sfsp.fr,Unclear website,Out of context
68,F,« La violence armée est la principale cause de décès chez les jeunes adultes fréquentant l'université aux États-Unis. »,senat.fr,Unclear website,Out of context
68,F,« La violence armée est la principale cause de décès chez les jeunes adultes fréquentant l'université aux États-Unis. »,iro.umontreal.ca,Unclear website,Out of context
68,F,« La violence armée est la principale cause de décès chez les jeunes adultes fréquentant l'université aux États-Unis. »,okaju.lu,Unclear website,Out of context
68,F,« La violence armée est la principale cause de décès chez les jeunes adultes fréquentant l'université aux États-Unis. »,paysflechois.fr,Unclear website,Out of context
68,F,« La violence armée est la principale cause de décès chez les jeunes adultes fréquentant l'université aux États-Unis. »,fr.scribd.com,Intermediate media,Out of context
68,F,« La violence armée est la principale cause de décès chez les jeunes adultes fréquentant l'université aux États-Unis. »,fr.scribd.com,Intermediate media,Out of context
68,F,« La violence armée est la principale cause de décès chez les jeunes adultes fréquentant l'université aux États-Unis. »,unaids.org,Unclear website,Out of context
69,E,“The consumer confidence in this country has gone way down.”,sciencedirect.com,Scientific source,Partially relevant
69,E,“The consumer confidence in this country has gone way down.”,cbpp.org,Unclear website,Relevant
69,E,“The consumer confidence in this country has gone way down.”,epi.org,Unclear website,Partially relevant
69,E,“The consumer confidence in this country has gone way down.”,prnewswire.com,Unclear website,Partially relevant
69,E,“The consumer confidence in this country has gone way down.”,federalreserve.gov,Government / public institution,Out of context
69,E,“The consumer confidence in this country has gone way down.”,bea.gov,Government / public institution,Out of context
69,E,“The consumer confidence in this country has gone way down.”,sca.isr.umich.edu,Scientific source,Out of context
69,E,“The consumer confidence in this country has gone way down.”,bls.gov,Government / public institution,Out of context
69,E,“The consumer confidence in this country has gone way down.”,conference-board.org,Unclear website,Partially relevant
69,E,“The consumer confidence in this country has gone way down.”,oecd.org,International organization,Partially relevant
69,E,“The consumer confidence in this country has gone way down.”,conference-board.org,Unclear website,Out of context
69,E,“The consumer confidence in this country has gone way down.”,nahb.org,Unclear website,Out of context
69,E,“The consumer confidence in this country has gone way down.”,tradingeconomics.com,Unclear website,Out of context
69,E,“The consumer confidence in this country has gone way down.”,bls.gov,Government / public institution,Out of context
69,E,“The consumer confidence in this country has gone way down.”,fred.stlouisfed.org,Unclear website,Out of context
69,E,“The consumer confidence in this country has gone way down.”,bls.gov,Government / public institution,Out of context
69,E,“The consumer confidence in this country has gone way down.”,advisorperspectives.com...,Unclear website,Partially relevant
69,E,“The consumer confidence in this country has gone way down.”,clevelandfed.org,Unclear website,Out of context
69,E,“The consumer confidence in this country has gone way down.”,bis.org,Unclear website,Partially relevant
69,E,“The consumer confidence in this country has gone way down.”,elibrary.imf.org,International organization,Partially relevant
69,E,“The consumer confidence in this country has gone way down.”,unece.org,Unclear website,Partially relevant
69,E,“The consumer confidence in this country has gone way down.”,itif.org,Unclear website,Partially relevant
69,E,“The consumer confidence in this country has gone way down.”,osc.ct.gov,Government / public institution,Relevant
69,E,“The consumer confidence in this country has gone way down.”,greenbushfinancial.com,Unclear website,Partially relevant
70,F,« La confiance des consommateurs dans ce pays a fortement diminué. »,ziqy.co,Unclear website,Partially relevant
70,F,« La confiance des consommateurs dans ce pays a fortement diminué. »,superpotion.fr,Unclear website,Out of context
70,F,« La confiance des consommateurs dans ce pays a fortement diminué. »,insee.fr,Unclear website,Out of context
70,F,« La confiance des consommateurs dans ce pays a fortement diminué. »,nielseniq.com,Unclear website,Partially relevant
70,F,« La confiance des consommateurs dans ce pays a fortement diminué. »,blogdumoderateur.com,Unclear website,Partially relevant
70,F,« La confiance des consommateurs dans ce pays a fortement diminué. »,ipsos.com,Unclear website,Partially relevant
70,F,« La confiance des consommateurs dans ce pays a fortement diminué. »,sbs-software.com,Unclear website,Out of context
70,F,« La confiance des consommateurs dans ce pays a fortement diminué. »,newsroom.pinterest.com,Social media,Partially relevant
70,F,« La confiance des consommateurs dans ce pays a fortement diminué. »,edhec.edu,Scientific source,Out of context
70,F,« La confiance des consommateurs dans ce pays a fortement diminué. »,fr.tradingeconomics.com,Unclear website,Partially relevant
70,F,« La confiance des consommateurs dans ce pays a fortement diminué. »,oecd.org,International organization,Partially relevant
70,F,« La confiance des consommateurs dans ce pays a fortement diminué. »,oecd.org,International organization,Out of context
70,F,« La confiance des consommateurs dans ce pays a fortement diminué. »,one.oecd.org,International organization,Out of context
70,F,« La confiance des consommateurs dans ce pays a fortement diminué. »,ecb.europa.eu,International organization,Out of context
70,F,« La confiance des consommateurs dans ce pays a fortement diminué. »,oecd.org,International organization,Out of context
70,F,« La confiance des consommateurs dans ce pays a fortement diminué. »,oecd.org,International organization,Partially relevant
70,F,« La confiance des consommateurs dans ce pays a fortement diminué. »,ecb.europa.eu,International organization,Relevant
70,F,« La confiance des consommateurs dans ce pays a fortement diminué. »,unctad.org,Unclear website,Out of context
70,F,« La confiance des consommateurs dans ce pays a fortement diminué. »,oecd.org,International organization,Out of context
70,F,« La confiance des consommateurs dans ce pays a fortement diminué. »,globalnutritionreport.org,Unclear website,Out of context
70,F,« La confiance des consommateurs dans ce pays a fortement diminué. »,openknowledge.worldbank.org...,Unclear website,Out of context
70,F,« La confiance des consommateurs dans ce pays a fortement diminué. »,documents1.worldbank.org,International organization,Out of context
70,F,« La confiance des consommateurs dans ce pays a fortement diminué. »,oecd.org,International organization,Out of context
70,F,« La confiance des consommateurs dans ce pays a fortement diminué. »,oecd.org,International organization,Out of context
70,F,« La confiance des consommateurs dans ce pays a fortement diminué. »,openknowledge.worldbank.org...,Unclear website,Out of context
70,F,« La confiance des consommateurs dans ce pays a fortement diminué. »,donnees.banquemondiale.org,Unclear website,Out of context
70,F,« La confiance des consommateurs dans ce pays a fortement diminué. »,russellinvestments.com,Unclear website,Out of context
70,F,« La confiance des consommateurs dans ce pays a fortement diminué. »,itu.int,Unclear website,Out of context
70,F,« La confiance des consommateurs dans ce pays a fortement diminué. »,openknowledge.worldbank.org...,Unclear website,Out of context
70,F,« La confiance des consommateurs dans ce pays a fortement diminué. »,ecb.europa.eu,International organization,Partially relevant
70,F,« La confiance des consommateurs dans ce pays a fortement diminué. »,uneca.org,Unclear website,Out of context
71,E,"“After the referendum, Milwaukee Public Schools has a larger tax levy than the City of Milwaukee.”",ballotpedia.org,Unclear website,Partially relevant
71,E,"“After the referendum, Milwaukee Public Schools has a larger tax levy than the City of Milwaukee.”",politifact.com,Journalistic source,Partially relevant
71,E,"“After the referendum, Milwaukee Public Schools has a larger tax levy than the City of Milwaukee.”",spectrumnews1.com,Unclear website,Partially relevant
71,E,"“After the referendum, Milwaukee Public Schools has a larger tax levy than the City of Milwaukee.”",wpr.org,Unclear website,Partially relevant
71,E,"“After the referendum, Milwaukee Public Schools has a larger tax levy than the City of Milwaukee.”",wpr.org,Unclear website,Partially relevant
71,E,"“After the referendum, Milwaukee Public Schools has a larger tax levy than the City of Milwaukee.”",wpr.org,Unclear website,Relevant
71,E,"“After the referendum, Milwaukee Public Schools has a larger tax levy than the City of Milwaukee.”",wisconsinexaminer.com,Unclear website,Partially relevant
71,E,"“After the referendum, Milwaukee Public Schools has a larger tax levy than the City of Milwaukee.”",city.milwaukee.gov,Government / public institution,Partially relevant
71,E,"“After the referendum, Milwaukee Public Schools has a larger tax levy than the City of Milwaukee.”",wispolicyforum.org,Unclear website,Partially relevant
71,E,"“After the referendum, Milwaukee Public Schools has a larger tax levy than the City of Milwaukee.”",county.milwaukee.gov,Government / public institution,Partially relevant
71,E,"“After the referendum, Milwaukee Public Schools has a larger tax levy than the City of Milwaukee.”",docs.legis.wisconsin.gov,Government / public institution,Partially relevant
71,E,"“After the referendum, Milwaukee Public Schools has a larger tax levy than the City of Milwaukee.”",southmilwaukee.gov,Government / public institution,Partially relevant
71,E,"“After the referendum, Milwaukee Public Schools has a larger tax levy than the City of Milwaukee.”",wawmsd.org,Unclear website,Relevant
71,E,"“After the referendum, Milwaukee Public Schools has a larger tax levy than the City of Milwaukee.”",city.milwaukee.gov,Government / public institution,Relevant
71,E,"“After the referendum, Milwaukee Public Schools has a larger tax levy than the City of Milwaukee.”",docs.legis.wisconsin.gov,Government / public institution,Partially relevant
71,E,"“After the referendum, Milwaukee Public Schools has a larger tax levy than the City of Milwaukee.”",docs.legis.wisconsin.gov,Government / public institution,Partially relevant
71,E,"“After the referendum, Milwaukee Public Schools has a larger tax levy than the City of Milwaukee.”",wispolicyforum.org,Unclear website,Partially relevant
71,E,"“After the referendum, Milwaukee Public Schools has a larger tax levy than the City of Milwaukee.”",wispolicyforum.org,Unclear website,Partially relevant
71,E,"“After the referendum, Milwaukee Public Schools has a larger tax levy than the City of Milwaukee.”",franklinwi.gov,Government / public institution,Partially relevant
71,E,"“After the referendum, Milwaukee Public Schools has a larger tax levy than the City of Milwaukee.”",city.milwaukee.gov,Government / public institution,Relevant
71,E,"“After the referendum, Milwaukee Public Schools has a larger tax levy than the City of Milwaukee.”",revenue.wi.gov,Government / public institution,Partially relevant
71,E,"“After the referendum, Milwaukee Public Schools has a larger tax levy than the City of Milwaukee.”",port.milwaukee.gov,Government / public institution,Partially relevant
72,F,"« Après le référendum, les écoles publiques de Milwaukee ont une taxe foncière plus élevée que la ville de Milwaukee. »",fr.wikipedia.org,Intermediate media,Out of context
72,F,"« Après le référendum, les écoles publiques de Milwaukee ont une taxe foncière plus élevée que la ville de Milwaukee. »",hal.science,Scientific source,Out of context
72,F,"« Après le référendum, les écoles publiques de Milwaukee ont une taxe foncière plus élevée que la ville de Milwaukee. »",horizon.documentation.ird.f...,Unclear website,Out of context
72,F,"« Après le référendum, les écoles publiques de Milwaukee ont une taxe foncière plus élevée que la ville de Milwaukee. »",theses.hal.science,Scientific source,Out of context
72,F,"« Après le référendum, les écoles publiques de Milwaukee ont une taxe foncière plus élevée que la ville de Milwaukee. »",cirano.qc.ca,Unclear website,Out of context
72,F,"« Après le référendum, les écoles publiques de Milwaukee ont une taxe foncière plus élevée que la ville de Milwaukee. »",oecd.org,International organization,Out of context
72,F,"« Après le référendum, les écoles publiques de Milwaukee ont une taxe foncière plus élevée que la ville de Milwaukee. »",afd.fr,Unclear website,Out of context
72,F,"« Après le référendum, les écoles publiques de Milwaukee ont une taxe foncière plus élevée que la ville de Milwaukee. »",senat.fr,Unclear website,Out of context
72,F,"« Après le référendum, les écoles publiques de Milwaukee ont une taxe foncière plus élevée que la ville de Milwaukee. »",theses.hal.science,Scientific source,Partially relevant
72,F,"« Après le référendum, les écoles publiques de Milwaukee ont une taxe foncière plus élevée que la ville de Milwaukee. »",shs.hal.science,Scientific source,Out of context
72,F,"« Après le référendum, les écoles publiques de Milwaukee ont une taxe foncière plus élevée que la ville de Milwaukee. »",pastel.hal.science,Scientific source,Out of context
72,F,"« Après le référendum, les écoles publiques de Milwaukee ont une taxe foncière plus élevée que la ville de Milwaukee. »",bibliotheques-specialisees....,Unclear website,Partially relevant
72,F,"« Après le référendum, les écoles publiques de Milwaukee ont une taxe foncière plus élevée que la ville de Milwaukee. »",idrc-crdi.ca,Unclear website,Out of context
72,F,"« Après le référendum, les écoles publiques de Milwaukee ont une taxe foncière plus élevée que la ville de Milwaukee. »",jean-jaures.org,Unclear website,Partially relevant
72,F,"« Après le référendum, les écoles publiques de Milwaukee ont une taxe foncière plus élevée que la ville de Milwaukee. »",ville.valleyfield.qc.ca...,Unclear website,Out of context
72,F,"« Après le référendum, les écoles publiques de Milwaukee ont une taxe foncière plus élevée que la ville de Milwaukee. »",ville.valleyfield.qc.ca...,Unclear website,Out of context
73,E,“90% of the (school) districts in Wisconsin already have a policy” banning cellphones during class time.,jsonline.com,Unclear website,Partially relevant
73,E,“90% of the (school) districts in Wisconsin already have a policy” banning cellphones during class time.,jsonline.com,Unclear website,Relevant
73,E,“90% of the (school) districts in Wisconsin already have a policy” banning cellphones during class time.,wbay.com,Unclear website,Partially relevant
73,E,“90% of the (school) districts in Wisconsin already have a policy” banning cellphones during class time.,politifact.com,Journalistic source,Relevant
73,E,“90% of the (school) districts in Wisconsin already have a policy” banning cellphones during class time.,wpr.org,Unclear website,Relevant
73,E,“90% of the (school) districts in Wisconsin already have a policy” banning cellphones during class time.,badgerherald.com,Journalistic source,Partially relevant
73,E,“90% of the (school) districts in Wisconsin already have a policy” banning cellphones during class time.,wisconsinexaminer.com,Unclear website,Partially relevant
73,E,“90% of the (school) districts in Wisconsin already have a policy” banning cellphones during class time.,wisconsinexaminer.com,Unclear website,Relevant
73,E,“90% of the (school) districts in Wisconsin already have a policy” banning cellphones during class time.,dpi.wi.gov,Government / public institution,Out of context
73,E,“90% of the (school) districts in Wisconsin already have a policy” banning cellphones during class time.,dailycardinal.com,Unclear website,Partially relevant
73,E,“90% of the (school) districts in Wisconsin already have a policy” banning cellphones during class time.,piercecountyjournal.new...,Journalistic source,Partially relevant
73,E,“90% of the (school) districts in Wisconsin already have a policy” banning cellphones during class time.,wispolicyforum.org,Unclear website,Partially relevant
73,E,“90% of the (school) districts in Wisconsin already have a policy” banning cellphones during class time.,dpi.wi.gov,Government / public institution,Out of context
73,E,“90% of the (school) districts in Wisconsin already have a policy” banning cellphones during class time.,awayfortheday.org,Unclear website,Relevant
73,E,“90% of the (school) districts in Wisconsin already have a policy” banning cellphones during class time.,captimes.com,Journalistic source,Partially relevant
73,E,“90% of the (school) districts in Wisconsin already have a policy” banning cellphones during class time.,lafollette.wisc.edu,Scientific source,Relevant
73,E,“90% of the (school) districts in Wisconsin already have a policy” banning cellphones during class time.,captimes.com,Journalistic source,Partially relevant
73,E,“90% of the (school) districts in Wisconsin already have a policy” banning cellphones during class time.,k-12legalinsights.com,Unclear website,Relevant
73,E,“90% of the (school) districts in Wisconsin already have a policy” banning cellphones during class time.,law-rll.com,Unclear website,Relevant
73,E,“90% of the (school) districts in Wisconsin already have a policy” banning cellphones during class time.,pbswisconsin.org,Unclear website,Relevant
74,F,« 90 % des districts scolaires du Wisconsin ont déjà une politique » interdisant les téléphones cellulaires pendant les heures de cours.,ledevoir.com,Journalistic source,Out of context
74,F,« 90 % des districts scolaires du Wisconsin ont déjà une politique » interdisant les téléphones cellulaires pendant les heures de cours.,fr.wikipedia.org,Intermediate media,Out of context
74,F,« 90 % des districts scolaires du Wisconsin ont déjà une politique » interdisant les téléphones cellulaires pendant les heures de cours.,firstfrc.blob.core.windows....,Unclear website,Out of context
74,F,« 90 % des districts scolaires du Wisconsin ont déjà une politique » interdisant les téléphones cellulaires pendant les heures de cours.,awf.world,Unclear website,Out of context
74,F,« 90 % des districts scolaires du Wisconsin ont déjà une politique » interdisant les téléphones cellulaires pendant les heures de cours.,unesdoc.unesco.org,International organization,Out of context
74,F,« 90 % des districts scolaires du Wisconsin ont déjà une politique » interdisant les téléphones cellulaires pendant les heures de cours.,illumina.com,Unclear website,Out of context
74,F,« 90 % des districts scolaires du Wisconsin ont déjà une politique » interdisant les téléphones cellulaires pendant les heures de cours.,svn.spraakdata.gu.se,Unclear website,Out of context
74,F,« 90 % des districts scolaires du Wisconsin ont déjà une politique » interdisant les téléphones cellulaires pendant les heures de cours.,hal.science,Scientific source,Out of context
74,F,« 90 % des districts scolaires du Wisconsin ont déjà une politique » interdisant les téléphones cellulaires pendant les heures de cours.,espace.inrs.ca,Unclear website,Out of context
74,F,« 90 % des districts scolaires du Wisconsin ont déjà une politique » interdisant les téléphones cellulaires pendant les heures de cours.,theses.hal.science,Scientific source,Out of context
74,F,« 90 % des districts scolaires du Wisconsin ont déjà une politique » interdisant les téléphones cellulaires pendant les heures de cours.,unesdoc.unesco.org,International organization,Out of context
74,F,« 90 % des districts scolaires du Wisconsin ont déjà une politique » interdisant les téléphones cellulaires pendant les heures de cours.,aimatmelanoma.org,Unclear website,Out of context
74,F,« 90 % des districts scolaires du Wisconsin ont déjà une politique » interdisant les téléphones cellulaires pendant les heures de cours.,cmf-fmc.ca,Unclear website,Out of context
74,F,« 90 % des districts scolaires du Wisconsin ont déjà une politique » interdisant les téléphones cellulaires pendant les heures de cours.,legacy.winnipeg.ca,Unclear website,Out of context
74,F,« 90 % des districts scolaires du Wisconsin ont déjà une politique » interdisant les téléphones cellulaires pendant les heures de cours.,fortinet.com,Unclear website,Out of context
74,F,« 90 % des districts scolaires du Wisconsin ont déjà une politique » interdisant les téléphones cellulaires pendant les heures de cours.,theses.hal.science,Scientific source,Out of context
74,F,« 90 % des districts scolaires du Wisconsin ont déjà une politique » interdisant les téléphones cellulaires pendant les heures de cours.,erudit.org,Scientific source,Out of context
74,F,« 90 % des districts scolaires du Wisconsin ont déjà une politique » interdisant les téléphones cellulaires pendant les heures de cours.,epson.ca,Unclear website,Out of context
74,F,« 90 % des districts scolaires du Wisconsin ont déjà une politique » interdisant les téléphones cellulaires pendant les heures de cours.,epson.ca,Unclear website,Out of context
74,F,« 90 % des districts scolaires du Wisconsin ont déjà une politique » interdisant les téléphones cellulaires pendant les heures de cours.,forests.org,Unclear website,Out of context
75,E,Wisconsin does not “require judges to automatically recuse just because they have done some kind of legal work in the past as a lawyer.”,wpr.org,Unclear website,Out of context
75,E,Wisconsin does not “require judges to automatically recuse just because they have done some kind of legal work in the past as a lawyer.”,wpr.org,Unclear website,Out of context
75,E,Wisconsin does not “require judges to automatically recuse just because they have done some kind of legal work in the past as a lawyer.”,americanprogress.org,Unclear website,Out of context
75,E,Wisconsin does not “require judges to automatically recuse just because they have done some kind of legal work in the past as a lawyer.”,wisconsinexaminer.com,Unclear website,Out of context
75,E,Wisconsin does not “require judges to automatically recuse just because they have done some kind of legal work in the past as a lawyer.”,wicourts.gov,Government / public institution,Out of context
75,E,Wisconsin does not “require judges to automatically recuse just because they have done some kind of legal work in the past as a lawyer.”,wjiinc.org,Unclear website,Out of context
75,E,Wisconsin does not “require judges to automatically recuse just because they have done some kind of legal work in the past as a lawyer.”,docs.legis.wisconsin.gov,Government / public institution,Out of context
75,E,Wisconsin does not “require judges to automatically recuse just because they have done some kind of legal work in the past as a lawyer.”,wicourts.gov,Government / public institution,Out of context
75,E,Wisconsin does not “require judges to automatically recuse just because they have done some kind of legal work in the past as a lawyer.”,wjiinc.org,Unclear website,Out of context
75,E,Wisconsin does not “require judges to automatically recuse just because they have done some kind of legal work in the past as a lawyer.”,statedemocracy.law.wisc.edu...,Scientific source,Out of context
75,E,Wisconsin does not “require judges to automatically recuse just because they have done some kind of legal work in the past as a lawyer.”,lawforward.org,Unclear website,Out of context
75,E,Wisconsin does not “require judges to automatically recuse just because they have done some kind of legal work in the past as a lawyer.”,wjiinc.org,Unclear website,Out of context
75,E,Wisconsin does not “require judges to automatically recuse just because they have done some kind of legal work in the past as a lawyer.”,wlr.law.wisc.edu,Scientific source,Out of context
75,E,Wisconsin does not “require judges to automatically recuse just because they have done some kind of legal work in the past as a lawyer.”,wjiinc.org,Unclear website,Out of context
75,E,Wisconsin does not “require judges to automatically recuse just because they have done some kind of legal work in the past as a lawyer.”,campaignlegal.org,Unclear website,Out of context
75,E,Wisconsin does not “require judges to automatically recuse just because they have done some kind of legal work in the past as a lawyer.”,wisconsinwatch.org,Unclear website,Out of context
75,E,Wisconsin does not “require judges to automatically recuse just because they have done some kind of legal work in the past as a lawyer.”,wisconsinwatch.org,Unclear website,Out of context
75,E,Wisconsin does not “require judges to automatically recuse just because they have done some kind of legal work in the past as a lawyer.”,wicourts.gov,Government / public institution,Out of context
75,E,Wisconsin does not “require judges to automatically recuse just because they have done some kind of legal work in the past as a lawyer.”,wicourts.gov,Government / public institution,Out of context
75,E,Wisconsin does not “require judges to automatically recuse just because they have done some kind of legal work in the past as a lawyer.”,wisbar.org,Unclear website,Out of context
75,E,Wisconsin does not “require judges to automatically recuse just because they have done some kind of legal work in the past as a lawyer.”,pbswisconsin.org,Unclear website,Out of context
76,F,Le Wisconsin n'« exige pas que les juges se récusent automatiquement simplement parce qu'ils ont effectué un certain type de travail juridique dans le passé en tant qu'avocats ».,ciaotest.cc.columbia.edu,Scientific source,Out of context
76,F,Le Wisconsin n'« exige pas que les juges se récusent automatiquement simplement parce qu'ils ont effectué un certain type de travail juridique dans le passé en tant qu'avocats ».,medias.amf.asso.fr,Unclear website,Out of context
76,F,Le Wisconsin n'« exige pas que les juges se récusent automatiquement simplement parce qu'ils ont effectué un certain type de travail juridique dans le passé en tant qu'avocats ».,tilman-hoppe.de,Unclear website,Out of context
76,F,Le Wisconsin n'« exige pas que les juges se récusent automatiquement simplement parce qu'ils ont effectué un certain type de travail juridique dans le passé en tant qu'avocats ».,publicationsduquebec.go...,Unclear website,Out of context
76,F,Le Wisconsin n'« exige pas que les juges se récusent automatiquement simplement parce qu'ils ont effectué un certain type de travail juridique dans le passé en tant qu'avocats ».,theses.hal.science,Scientific source,Out of context
76,F,Le Wisconsin n'« exige pas que les juges se récusent automatiquement simplement parce qu'ils ont effectué un certain type de travail juridique dans le passé en tant qu'avocats ».,umontreal.scholaris.ca,Unclear website,Out of context
76,F,Le Wisconsin n'« exige pas que les juges se récusent automatiquement simplement parce qu'ils ont effectué un certain type de travail juridique dans le passé en tant qu'avocats ».,fr.scribd.com,Intermediate media,Out of context
76,F,Le Wisconsin n'« exige pas que les juges se récusent automatiquement simplement parce qu'ils ont effectué un certain type de travail juridique dans le passé en tant qu'avocats ».,publications.ut-capitole.fr...,Unclear website,Out of context
76,F,Le Wisconsin n'« exige pas que les juges se récusent automatiquement simplement parce qu'ils ont effectué un certain type de travail juridique dans le passé en tant qu'avocats ».,lesaf.org,Unclear website,Out of context
76,F,Le Wisconsin n'« exige pas que les juges se récusent automatiquement simplement parce qu'ils ont effectué un certain type de travail juridique dans le passé en tant qu'avocats ».,data.decalog.net,Unclear website,Out of context
76,F,Le Wisconsin n'« exige pas que les juges se récusent automatiquement simplement parce qu'ils ont effectué un certain type de travail juridique dans le passé en tant qu'avocats ».,scholar.lib.vt.edu,Scientific source,Out of context
76,F,Le Wisconsin n'« exige pas que les juges se récusent automatiquement simplement parce qu'ils ont effectué un certain type de travail juridique dans le passé en tant qu'avocats ».,uclouvain.be,Unclear website,Out of context
76,F,Le Wisconsin n'« exige pas que les juges se récusent automatiquement simplement parce qu'ils ont effectué un certain type de travail juridique dans le passé en tant qu'avocats ».,assemblee-nationale.fr,Government / public institution,Out of context
76,F,Le Wisconsin n'« exige pas que les juges se récusent automatiquement simplement parce qu'ils ont effectué un certain type de travail juridique dans le passé en tant qu'avocats ».,theses.hal.science,Scientific source,Out of context
76,F,Le Wisconsin n'« exige pas que les juges se récusent automatiquement simplement parce qu'ils ont effectué un certain type de travail juridique dans le passé en tant qu'avocats ».,igas.gouv.fr,Unclear website,Out of context
76,F,Le Wisconsin n'« exige pas que les juges se récusent automatiquement simplement parce qu'ils ont effectué un certain type de travail juridique dans le passé en tant qu'avocats ».,theses.hal.science,Scientific source,Out of context
77,E,Wisconsin makes it more difficult for its citizens to vote than almost any state in the nation.,npr.org,Journalistic source,Out of context
77,E,Wisconsin makes it more difficult for its citizens to vote than almost any state in the nation.,ncsl.org,Unclear website,Out of context
77,E,Wisconsin makes it more difficult for its citizens to vote than almost any state in the nation.,ballotpedia.org,Unclear website,Out of context
77,E,Wisconsin makes it more difficult for its citizens to vote than almost any state in the nation.,jsonline.com,Unclear website,Partially relevant
77,E,Wisconsin makes it more difficult for its citizens to vote than almost any state in the nation.,brennancenter.org,Unclear website,Out of context
77,E,Wisconsin makes it more difficult for its citizens to vote than almost any state in the nation.,brennancenter.org,Unclear website,Out of context
77,E,Wisconsin makes it more difficult for its citizens to vote than almost any state in the nation.,brennancenter.org,Unclear website,Out of context
77,E,Wisconsin makes it more difficult for its citizens to vote than almost any state in the nation.,brennancenter.org,Unclear website,Out of context
77,E,Wisconsin makes it more difficult for its citizens to vote than almost any state in the nation.,brennancenter.org,Unclear website,Out of context
77,E,Wisconsin makes it more difficult for its citizens to vote than almost any state in the nation.,brennancenter.org,Unclear website,Out of context
77,E,Wisconsin makes it more difficult for its citizens to vote than almost any state in the nation.,mapresearch.org,Scientific source,Out of context
77,E,Wisconsin makes it more difficult for its citizens to vote than almost any state in the nation.,votingrightslab.org,Unclear website,Out of context
77,E,Wisconsin makes it more difficult for its citizens to vote than almost any state in the nation.,attheu.utah.edu,Scientific source,Out of context
77,E,Wisconsin makes it more difficult for its citizens to vote than almost any state in the nation.,campaignlegal.org,Unclear website,Out of context
77,E,Wisconsin makes it more difficult for its citizens to vote than almost any state in the nation.,nationalpartnership.org,Unclear website,Out of context
77,E,Wisconsin makes it more difficult for its citizens to vote than almost any state in the nation.,reproductiverights.org,Unclear website,Out of context
77,E,Wisconsin makes it more difficult for its citizens to vote than almost any state in the nation.,docs.legis.wisconsin.gov,Government / public institution,Out of context
77,E,Wisconsin makes it more difficult for its citizens to vote than almost any state in the nation.,vote411.org,Unclear website,Out of context
77,E,Wisconsin makes it more difficult for its citizens to vote than almost any state in the nation.,docs.legis.wisconsin.gov,Government / public institution,Out of context
77,E,Wisconsin makes it more difficult for its citizens to vote than almost any state in the nation.,docs.legis.wisconsin.gov,Government / public institution,Partially relevant
77,E,Wisconsin makes it more difficult for its citizens to vote than almost any state in the nation.,vote411.org,Unclear website,Out of context
77,E,Wisconsin makes it more difficult for its citizens to vote than almost any state in the nation.,texasattorneygeneral.go...,Unclear website,Out of context
77,E,Wisconsin makes it more difficult for its citizens to vote than almost any state in the nation.,tennesseelookout.com,Unclear website,Out of context
77,E,Wisconsin makes it more difficult for its citizens to vote than almost any state in the nation.,newsroom.niu.edu,Scientific source,Out of context
77,E,Wisconsin makes it more difficult for its citizens to vote than almost any state in the nation.,giffords.org,Unclear website,Out of context
78,F,Le Wisconsin rend le vote plus difficile pour ses citoyens que presque tous les autres États du pays.,fr.wikipedia.org,Intermediate media,Out of context
78,F,Le Wisconsin rend le vote plus difficile pour ses citoyens que presque tous les autres États du pays.,freedomhouse.org,Unclear website,Out of context
78,F,Le Wisconsin rend le vote plus difficile pour ses citoyens que presque tous les autres États du pays.,radiofrance.fr,Unclear website,Out of context
78,F,Le Wisconsin rend le vote plus difficile pour ses citoyens que presque tous les autres États du pays.,ofdt.fr,Unclear website,Out of context
78,F,Le Wisconsin rend le vote plus difficile pour ses citoyens que presque tous les autres États du pays.,droit-et-politique-en-afriq...,Unclear website,Out of context
78,F,Le Wisconsin rend le vote plus difficile pour ses citoyens que presque tous les autres États du pays.,unesdoc.unesco.org,International organization,Out of context
78,F,Le Wisconsin rend le vote plus difficile pour ses citoyens que presque tous les autres États du pays.,achpr.au.int,Unclear website,Out of context
78,F,Le Wisconsin rend le vote plus difficile pour ses citoyens que presque tous les autres États du pays.,assas-universite.fr,Scientific source,Out of context
78,F,Le Wisconsin rend le vote plus difficile pour ses citoyens que presque tous les autres États du pays.,archive.uneca.org,Unclear website,Out of context
78,F,Le Wisconsin rend le vote plus difficile pour ses citoyens que presque tous les autres États du pays.,hal.science,Scientific source,Out of context
78,F,Le Wisconsin rend le vote plus difficile pour ses citoyens que presque tous les autres États du pays.,conseil-etat.fr,Unclear website,Out of context
78,F,Le Wisconsin rend le vote plus difficile pour ses citoyens que presque tous les autres États du pays.,espace.enap.ca,Unclear website,Out of context
78,F,Le Wisconsin rend le vote plus difficile pour ses citoyens que presque tous les autres États du pays.,theses.hal.science,Scientific source,Out of context
78,F,Le Wisconsin rend le vote plus difficile pour ses citoyens que presque tous les autres États du pays.,syndicalisme.com,Unclear website,Out of context
78,F,Le Wisconsin rend le vote plus difficile pour ses citoyens que presque tous les autres États du pays.,assemblee-nationale.fr,Government / public institution,Out of context
78,F,Le Wisconsin rend le vote plus difficile pour ses citoyens que presque tous les autres États du pays.,archipel.uqam.ca,Unclear website,Out of context
78,F,Le Wisconsin rend le vote plus difficile pour ses citoyens que presque tous les autres États du pays.,theses.hal.science,Scientific source,Out of context
78,F,Le Wisconsin rend le vote plus difficile pour ses citoyens que presque tous les autres États du pays.,gold.uclg.org,Unclear website,Out of context
78,F,Le Wisconsin rend le vote plus difficile pour ses citoyens que presque tous les autres États du pays.,tnova.fr,Unclear website,Out of context
78,F,Le Wisconsin rend le vote plus difficile pour ses citoyens que presque tous les autres États du pays.,assas-universite.fr,Scientific source,Out of context
78,F,Le Wisconsin rend le vote plus difficile pour ses citoyens que presque tous les autres États du pays.,diploweb.com,Unclear website,Out of context
78,F,Le Wisconsin rend le vote plus difficile pour ses citoyens que presque tous les autres États du pays.,vie-publique.fr,Unclear website,Out of context
78,F,Le Wisconsin rend le vote plus difficile pour ses citoyens que presque tous les autres États du pays.,strategie-plan.gouv.fr,Unclear website,Out of context
78,F,Le Wisconsin rend le vote plus difficile pour ses citoyens que presque tous les autres États du pays.,univ-droit.fr,Unclear website,Out of context
78,F,Le Wisconsin rend le vote plus difficile pour ses citoyens que presque tous les autres États du pays.,documents1.worldbank.org,International organization,Out of context
78,F,Le Wisconsin rend le vote plus difficile pour ses citoyens que presque tous les autres États du pays.,jean-jaures.org,Unclear website,Out of context
78,F,Le Wisconsin rend le vote plus difficile pour ses citoyens que presque tous les autres États du pays.,journals.openedition.org,Unclear website,Out of context
78,F,Le Wisconsin rend le vote plus difficile pour ses citoyens que presque tous les autres États du pays.,hal.science,Scientific source,Out of context
78,F,Le Wisconsin rend le vote plus difficile pour ses citoyens que presque tous les autres États du pays.,strategie-plan.gouv.fr,Unclear website,Out of context
78,F,Le Wisconsin rend le vote plus difficile pour ses citoyens que presque tous les autres États du pays.,archipel.uqam.ca,Unclear website,Partially relevant
78,F,Le Wisconsin rend le vote plus difficile pour ses citoyens que presque tous les autres États du pays.,molsoncoors.com,Unclear website,Out of context
79,E,"Voter ID “is supported, if you look at any poll, by 70 to 80% of the public.”",ncsl.org,Unclear website,Partially relevant
79,E,"Voter ID “is supported, if you look at any poll, by 70 to 80% of the public.”",news.gallup.com,Journalistic source,Partially relevant
79,E,"Voter ID “is supported, if you look at any poll, by 70 to 80% of the public.”",pewresearch.org,Scientific source,Out of context
79,E,"Voter ID “is supported, if you look at any poll, by 70 to 80% of the public.”",ballotpedia.org,Unclear website,Out of context
79,E,"Voter ID “is supported, if you look at any poll, by 70 to 80% of the public.”",bipartisanpolicy.org,Unclear website,Out of context
79,E,"Voter ID “is supported, if you look at any poll, by 70 to 80% of the public.”",monmouth.edu,Scientific source,Partially relevant
79,E,"Voter ID “is supported, if you look at any poll, by 70 to 80% of the public.”",brennancenter.org,Unclear website,Out of context
79,E,"Voter ID “is supported, if you look at any poll, by 70 to 80% of the public.”",brennancenter.org,Unclear website,Out of context
79,E,"Voter ID “is supported, if you look at any poll, by 70 to 80% of the public.”",calmatters.org,Unclear website,Out of context
79,E,"Voter ID “is supported, if you look at any poll, by 70 to 80% of the public.”",eac.gov,Government / public institution,Out of context
79,E,"Voter ID “is supported, if you look at any poll, by 70 to 80% of the public.”",lwv.org,Unclear website,Out of context
79,E,"Voter ID “is supported, if you look at any poll, by 70 to 80% of the public.”",eac.gov,Government / public institution,Out of context
79,E,"Voter ID “is supported, if you look at any poll, by 70 to 80% of the public.”",fischer.senate.gov,Government / public institution,Out of context
79,E,"Voter ID “is supported, if you look at any poll, by 70 to 80% of the public.”",sos.mo.gov,Government / public institution,Partially relevant
79,E,"Voter ID “is supported, if you look at any poll, by 70 to 80% of the public.”",sos.mn.gov,Government / public institution,Out of context
79,E,"Voter ID “is supported, if you look at any poll, by 70 to 80% of the public.”",ncsbe.gov,Government / public institution,Partially relevant
79,E,"Voter ID “is supported, if you look at any poll, by 70 to 80% of the public.”",sos.tn.gov,Government / public institution,Out of context
79,E,"Voter ID “is supported, if you look at any poll, by 70 to 80% of the public.”",pavoterservices.pa.gov,Government / public institution,Partially relevant
79,E,"Voter ID “is supported, if you look at any poll, by 70 to 80% of the public.”",elections.delaware.gov,Government / public institution,Out of context
79,E,"Voter ID “is supported, if you look at any poll, by 70 to 80% of the public.”",oklahoma.gov,Government / public institution,Out of context
79,E,"Voter ID “is supported, if you look at any poll, by 70 to 80% of the public.”",pima.gov,Government / public institution,Out of context
79,E,"Voter ID “is supported, if you look at any poll, by 70 to 80% of the public.”",sos.wv.gov,Government / public institution,Out of context
79,E,"Voter ID “is supported, if you look at any poll, by 70 to 80% of the public.”",elliscountytx.gov,Government / public institution,Out of context
79,E,"Voter ID “is supported, if you look at any poll, by 70 to 80% of the public.”",portlandmaine.gov,Government / public institution,Partially relevant
79,E,"Voter ID “is supported, if you look at any poll, by 70 to 80% of the public.”",delcopa.gov,Government / public institution,Out of context
79,E,"Voter ID “is supported, if you look at any poll, by 70 to 80% of the public.”",chesco.org,Unclear website,Out of context
79,E,"Voter ID “is supported, if you look at any poll, by 70 to 80% of the public.”",cobbcounty.gov,Government / public institution,Out of context
79,E,"Voter ID “is supported, if you look at any poll, by 70 to 80% of the public.”",ncsbe.gov,Government / public institution,Partially relevant
79,E,"Voter ID “is supported, if you look at any poll, by 70 to 80% of the public.”",ohiosos.gov,Government / public institution,Partially relevant
79,E,"Voter ID “is supported, if you look at any poll, by 70 to 80% of the public.”",eac.gov,Government / public institution,Out of context
79,E,"Voter ID “is supported, if you look at any poll, by 70 to 80% of the public.”",law.marquette.edu,Scientific source,Partially relevant
79,E,"Voter ID “is supported, if you look at any poll, by 70 to 80% of the public.”",statecourtreport.org,Unclear website,Out of context
79,E,"Voter ID “is supported, if you look at any poll, by 70 to 80% of the public.”",nces.ed.gov,Government / public institution,Out of context
80,F,"« Le vote avec pièce d'identité est soutenu par 70 à 80 % de la population, selon les sondages. »",bfmtv.com,Unclear website,Out of context
80,F,"« Le vote avec pièce d'identité est soutenu par 70 à 80 % de la population, selon les sondages. »",bouches-du-rhone.gouv.f...,Unclear website,Partially relevant
80,F,"« Le vote avec pièce d'identité est soutenu par 70 à 80 % de la population, selon les sondages. »",commission.europa.eu,International organization,Out of context
80,F,"« Le vote avec pièce d'identité est soutenu par 70 à 80 % de la population, selon les sondages. »",yougov.com,Unclear website,Out of context
80,F,"« Le vote avec pièce d'identité est soutenu par 70 à 80 % de la population, selon les sondages. »",admd.org,Unclear website,Out of context
80,F,"« Le vote avec pièce d'identité est soutenu par 70 à 80 % de la population, selon les sondages. »",vie-publique.fr,Unclear website,Partially relevant
80,F,"« Le vote avec pièce d'identité est soutenu par 70 à 80 % de la population, selon les sondages. »",cnccfp.fr,Unclear website,Out of context
80,F,"« Le vote avec pièce d'identité est soutenu par 70 à 80 % de la population, selon les sondages. »",touteleurope.eu,Unclear website,Out of context
80,F,"« Le vote avec pièce d'identité est soutenu par 70 à 80 % de la population, selon les sondages. »",yougov.com,Unclear website,Partially relevant
80,F,"« Le vote avec pièce d'identité est soutenu par 70 à 80 % de la population, selon les sondages. »",elections.ca,Government / public institution,Out of context
80,F,"« Le vote avec pièce d'identité est soutenu par 70 à 80 % de la population, selon les sondages. »",touteleurope.eu,Unclear website,Partially relevant
80,F,"« Le vote avec pièce d'identité est soutenu par 70 à 80 % de la population, selon les sondages. »",mesinfos.fr,Unclear website,Out of context
80,F,"« Le vote avec pièce d'identité est soutenu par 70 à 80 % de la population, selon les sondages. »",service-public.gouv.fr,Unclear website,Out of context
80,F,"« Le vote avec pièce d'identité est soutenu par 70 à 80 % de la population, selon les sondages. »",eaubonne.fr,Unclear website,Out of context
80,F,"« Le vote avec pièce d'identité est soutenu par 70 à 80 % de la population, selon les sondages. »",elections.ca,Government / public institution,Out of context
80,F,"« Le vote avec pièce d'identité est soutenu par 70 à 80 % de la population, selon les sondages. »",ecb.europa.eu,International organization,Out of context
81,E,Government shutdowns in 2013 and 2018 “cost our economy billions of dollars each.”,cbo.gov,Government / public institution,Out of context
81,E,Government shutdowns in 2013 and 2018 “cost our economy billions of dollars each.”,cbo.gov,Government / public institution,Out of context
81,E,Government shutdowns in 2013 and 2018 “cost our economy billions of dollars each.”,cbo.gov,Government / public institution,Out of context
81,E,Government shutdowns in 2013 and 2018 “cost our economy billions of dollars each.”,aaas.org,Unclear website,Partially relevant
81,E,Government shutdowns in 2013 and 2018 “cost our economy billions of dollars each.”,congress.gov,Government / public institution,Partially relevant
81,E,Government shutdowns in 2013 and 2018 “cost our economy billions of dollars each.”,congress.gov,Government / public institution,Partially relevant
81,E,Government shutdowns in 2013 and 2018 “cost our economy billions of dollars each.”,sciencedirect.com,Scientific source,Partially relevant
81,E,Government shutdowns in 2013 and 2018 “cost our economy billions of dollars each.”,bera.house.gov,Government / public institution,Partially relevant
81,E,Government shutdowns in 2013 and 2018 “cost our economy billions of dollars each.”,barr.house.gov,Government / public institution,Relevant
81,E,Government shutdowns in 2013 and 2018 “cost our economy billions of dollars each.”,carbajal.house.gov,Government / public institution,Partially relevant
81,E,Government shutdowns in 2013 and 2018 “cost our economy billions of dollars each.”,pmc.ncbi.nlm.nih.gov,Government / public institution,Partially relevant
81,E,Government shutdowns in 2013 and 2018 “cost our economy billions of dollars each.”,crfb.org,Unclear website,Relevant
81,E,Government shutdowns in 2013 and 2018 “cost our economy billions of dollars each.”,gao.gov,Government / public institution,Partially relevant
81,E,Government shutdowns in 2013 and 2018 “cost our economy billions of dollars each.”,gao.gov,Government / public institution,Out of context
81,E,Government shutdowns in 2013 and 2018 “cost our economy billions of dollars each.”,brookings.edu,Scientific source,Partially relevant
81,E,Government shutdowns in 2013 and 2018 “cost our economy billions of dollars each.”,bipartisanpolicy.org,Unclear website,Relevant
81,E,Government shutdowns in 2013 and 2018 “cost our economy billions of dollars each.”,hks.harvard.edu,Scientific source,Partially relevant
81,E,Government shutdowns in 2013 and 2018 “cost our economy billions of dollars each.”,energy.gov,Government / public institution,Out of context
81,E,Government shutdowns in 2013 and 2018 “cost our economy billions of dollars each.”,economics.td.com,Unclear website,Partially relevant
81,E,Government shutdowns in 2013 and 2018 “cost our economy billions of dollars each.”,economics.td.com,Unclear website,Partially relevant
81,E,Government shutdowns in 2013 and 2018 “cost our economy billions of dollars each.”,jec.senate.gov,Government / public institution,Partially relevant
81,E,Government shutdowns in 2013 and 2018 “cost our economy billions of dollars each.”,bea.gov,Government / public institution,Out of context
81,E,Government shutdowns in 2013 and 2018 “cost our economy billions of dollars each.”,pubs.naruc.org,Unclear website,Partially relevant
81,E,Government shutdowns in 2013 and 2018 “cost our economy billions of dollars each.”,usitc.gov,Government / public institution,Out of context
82,F,Les fermetures du gouvernement en 2013 et 2018 « ont coûté des milliards de dollars à notre économie chacune ».,nature.org,Unclear website,Out of context
82,F,Les fermetures du gouvernement en 2013 et 2018 « ont coûté des milliards de dollars à notre économie chacune ».,oecd.org,International organization,Out of context
82,F,Les fermetures du gouvernement en 2013 et 2018 « ont coûté des milliards de dollars à notre économie chacune ».,insee.fr,Unclear website,Out of context
82,F,Les fermetures du gouvernement en 2013 et 2018 « ont coûté des milliards de dollars à notre économie chacune ».,assemblee-nationale.fr,Government / public institution,Out of context
82,F,Les fermetures du gouvernement en 2013 et 2018 « ont coûté des milliards de dollars à notre économie chacune ».,ilo.org,International organization,Out of context
82,F,Les fermetures du gouvernement en 2013 et 2018 « ont coûté des milliards de dollars à notre économie chacune ».,cae-eco.fr,Unclear website,Out of context
82,F,Les fermetures du gouvernement en 2013 et 2018 « ont coûté des milliards de dollars à notre économie chacune ».,elibrary.imf.org,International organization,Out of context
82,F,Les fermetures du gouvernement en 2013 et 2018 « ont coûté des milliards de dollars à notre économie chacune ».,insee.fr,Unclear website,Out of context
82,F,Les fermetures du gouvernement en 2013 et 2018 « ont coûté des milliards de dollars à notre économie chacune ».,iedom.fr,Unclear website,Out of context
82,F,Les fermetures du gouvernement en 2013 et 2018 « ont coûté des milliards de dollars à notre économie chacune ».,theses.hal.science,Scientific source,Out of context
82,F,Les fermetures du gouvernement en 2013 et 2018 « ont coûté des milliards de dollars à notre économie chacune ».,epa.gov,Government / public institution,Out of context
82,F,Les fermetures du gouvernement en 2013 et 2018 « ont coûté des milliards de dollars à notre économie chacune ».,oecd.org,International organization,Out of context
82,F,Les fermetures du gouvernement en 2013 et 2018 « ont coûté des milliards de dollars à notre économie chacune ».,agriculture.gouv.fr,Unclear website,Out of context
82,F,Les fermetures du gouvernement en 2013 et 2018 « ont coûté des milliards de dollars à notre économie chacune ».,strategie-plan.gouv.fr,Unclear website,Out of context
82,F,Les fermetures du gouvernement en 2013 et 2018 « ont coûté des milliards de dollars à notre économie chacune ».,tc.canada.ca,Government / public institution,Out of context
82,F,Les fermetures du gouvernement en 2013 et 2018 « ont coûté des milliards de dollars à notre économie chacune ».,gouvernement.lu,Unclear website,Partially relevant
82,F,Les fermetures du gouvernement en 2013 et 2018 « ont coûté des milliards de dollars à notre économie chacune ».,nationalacademies.org,Unclear website,Out of context
82,F,Les fermetures du gouvernement en 2013 et 2018 « ont coûté des milliards de dollars à notre économie chacune ».,peaceau.org,Unclear website,Out of context
82,F,Les fermetures du gouvernement en 2013 et 2018 « ont coûté des milliards de dollars à notre économie chacune ».,strategie-plan.gouv.fr,Unclear website,Out of context
82,F,Les fermetures du gouvernement en 2013 et 2018 « ont coûté des milliards de dollars à notre économie chacune ».,igas.gouv.fr,Unclear website,Partially relevant
82,F,Les fermetures du gouvernement en 2013 et 2018 « ont coûté des milliards de dollars à notre économie chacune ».,cdn-contenu.quebec.ca,Government / public institution,Out of context
82,F,Les fermetures du gouvernement en 2013 et 2018 « ont coûté des milliards de dollars à notre économie chacune ».,international.canada.ca,Government / public institution,Partially relevant
82,F,Les fermetures du gouvernement en 2013 et 2018 « ont coûté des milliards de dollars à notre économie chacune ».,cepii.fr,Unclear website,Out of context
82,F,Les fermetures du gouvernement en 2013 et 2018 « ont coûté des milliards de dollars à notre économie chacune ».,unis.unvienna.org,Unclear website,Out of context
82,F,Les fermetures du gouvernement en 2013 et 2018 « ont coûté des milliards de dollars à notre économie chacune ».,imf.org,International organization,Out of context
82,F,Les fermetures du gouvernement en 2013 et 2018 « ont coûté des milliards de dollars à notre économie chacune ».,sac-isc.gc.ca,Government / public institution,Partially relevant
82,F,Les fermetures du gouvernement en 2013 et 2018 « ont coûté des milliards de dollars à notre économie chacune ».,sng-wofi.org,Unclear website,Out of context
82,F,Les fermetures du gouvernement en 2013 et 2018 « ont coûté des milliards de dollars à notre économie chacune ».,openknowledge.worldbank.org...,Unclear website,Out of context
82,F,Les fermetures du gouvernement en 2013 et 2018 « ont coûté des milliards de dollars à notre économie chacune ».,epa.gov,Government / public institution,Out of context
82,F,Les fermetures du gouvernement en 2013 et 2018 « ont coûté des milliards de dollars à notre économie chacune ».,rbcwealthmanagement.com...,Unclear website,Out of context
82,F,Les fermetures du gouvernement en 2013 et 2018 « ont coûté des milliards de dollars à notre économie chacune ».,cbsa-asfc.gc.ca,Government / public institution,Out of context
82,F,Les fermetures du gouvernement en 2013 et 2018 « ont coûté des milliards de dollars à notre économie chacune ».,documents1.worldbank.org,International organization,Out of context
82,F,Les fermetures du gouvernement en 2013 et 2018 « ont coûté des milliards de dollars à notre économie chacune ».,archipel.uqam.ca,Unclear website,Out of context
82,F,Les fermetures du gouvernement en 2013 et 2018 « ont coûté des milliards de dollars à notre économie chacune ».,senat.fr,Unclear website,Out of context
82,F,Les fermetures du gouvernement en 2013 et 2018 « ont coûté des milliards de dollars à notre économie chacune ».,elibrary.imf.org,International organization,Out of context
82,F,Les fermetures du gouvernement en 2013 et 2018 « ont coûté des milliards de dollars à notre économie chacune ».,sciencespo.hal.science,Scientific source,Out of context
82,F,Les fermetures du gouvernement en 2013 et 2018 « ont coûté des milliards de dollars à notre économie chacune ».,bmo.com,Unclear website,Out of context
82,F,Les fermetures du gouvernement en 2013 et 2018 « ont coûté des milliards de dollars à notre économie chacune ».,theses.hal.science,Scientific source,Out of context
82,F,Les fermetures du gouvernement en 2013 et 2018 « ont coûté des milliards de dollars à notre économie chacune ».,oecd.org,International organization,Out of context
82,F,Les fermetures du gouvernement en 2013 et 2018 « ont coûté des milliards de dollars à notre économie chacune ».,cdn-contenu.quebec.ca,Government / public institution,Out of context
82,F,Les fermetures du gouvernement en 2013 et 2018 « ont coûté des milliards de dollars à notre économie chacune ».,sanofi.com,Unclear website,Out of context
83,E,"“The Universities of Wisconsin are 43rd out of 50 states in the nation, in terms of public support for our universities. The $855 million (budget request) gets us up to average.”",wpr.org,Unclear website,Out of context
83,E,"“The Universities of Wisconsin are 43rd out of 50 states in the nation, in terms of public support for our universities. The $855 million (budget request) gets us up to average.”",wpr.org,Unclear website,Out of context
83,E,"“The Universities of Wisconsin are 43rd out of 50 states in the nation, in terms of public support for our universities. The $855 million (budget request) gets us up to average.”",wisconsinexaminer.com,Unclear website,Partially relevant
83,E,"“The Universities of Wisconsin are 43rd out of 50 states in the nation, in terms of public support for our universities. The $855 million (budget request) gets us up to average.”",wisconsinexaminer.com,Unclear website,Partially relevant
83,E,"“The Universities of Wisconsin are 43rd out of 50 states in the nation, in terms of public support for our universities. The $855 million (budget request) gets us up to average.”",wisconsinexaminer.com,Unclear website,Out of context
83,E,"“The Universities of Wisconsin are 43rd out of 50 states in the nation, in terms of public support for our universities. The $855 million (budget request) gets us up to average.”",marquette.edu,Scientific source,Out of context
83,E,"“The Universities of Wisconsin are 43rd out of 50 states in the nation, in terms of public support for our universities. The $855 million (budget request) gets us up to average.”",countyhealthrankings.or...,Unclear website,Out of context
83,E,"“The Universities of Wisconsin are 43rd out of 50 states in the nation, in terms of public support for our universities. The $855 million (budget request) gets us up to average.”",uwphi.pophealth.wisc.edu,Scientific source,Out of context
83,E,"“The Universities of Wisconsin are 43rd out of 50 states in the nation, in terms of public support for our universities. The $855 million (budget request) gets us up to average.”",wppa.com,Unclear website,Out of context
83,E,"“The Universities of Wisconsin are 43rd out of 50 states in the nation, in terms of public support for our universities. The $855 million (budget request) gets us up to average.”",wisc.edu,Scientific source,Out of context
83,E,"“The Universities of Wisconsin are 43rd out of 50 states in the nation, in terms of public support for our universities. The $855 million (budget request) gets us up to average.”",news.wisc.edu,Scientific source,Out of context
83,E,"“The Universities of Wisconsin are 43rd out of 50 states in the nation, in terms of public support for our universities. The $855 million (budget request) gets us up to average.”",education.wisc.edu,Scientific source,Out of context
83,E,"“The Universities of Wisconsin are 43rd out of 50 states in the nation, in terms of public support for our universities. The $855 million (budget request) gets us up to average.”",wisconsin.edu,Scientific source,Out of context
83,E,"“The Universities of Wisconsin are 43rd out of 50 states in the nation, in terms of public support for our universities. The $855 million (budget request) gets us up to average.”",med.wisc.edu,Scientific source,Out of context
83,E,"“The Universities of Wisconsin are 43rd out of 50 states in the nation, in terms of public support for our universities. The $855 million (budget request) gets us up to average.”",wisconsin.edu,Scientific source,Relevant
83,E,"“The Universities of Wisconsin are 43rd out of 50 states in the nation, in terms of public support for our universities. The $855 million (budget request) gets us up to average.”",pbswisconsin.org,Unclear website,Out of context
83,E,"“The Universities of Wisconsin are 43rd out of 50 states in the nation, in terms of public support for our universities. The $855 million (budget request) gets us up to average.”",captimes.com,Journalistic source,Partially relevant
83,E,"“The Universities of Wisconsin are 43rd out of 50 states in the nation, in terms of public support for our universities. The $855 million (budget request) gets us up to average.”",dailycardinal.com,Unclear website,Out of context
83,E,"“The Universities of Wisconsin are 43rd out of 50 states in the nation, in terms of public support for our universities. The $855 million (budget request) gets us up to average.”",captimes.com,Journalistic source,Partially relevant
83,E,"“The Universities of Wisconsin are 43rd out of 50 states in the nation, in terms of public support for our universities. The $855 million (budget request) gets us up to average.”",nea.org,Unclear website,Out of context
83,E,"“The Universities of Wisconsin are 43rd out of 50 states in the nation, in terms of public support for our universities. The $855 million (budget request) gets us up to average.”",wpp.med.wisc.edu,Scientific source,Out of context
83,E,"“The Universities of Wisconsin are 43rd out of 50 states in the nation, in terms of public support for our universities. The $855 million (budget request) gets us up to average.”",dnr.wisconsin.gov,Government / public institution,Out of context
83,E,"“The Universities of Wisconsin are 43rd out of 50 states in the nation, in terms of public support for our universities. The $855 million (budget request) gets us up to average.”",flbog.edu,Scientific source,Out of context
83,E,"“The Universities of Wisconsin are 43rd out of 50 states in the nation, in terms of public support for our universities. The $855 million (budget request) gets us up to average.”",budget.wisc.edu,Scientific source,Out of context
83,E,"“The Universities of Wisconsin are 43rd out of 50 states in the nation, in terms of public support for our universities. The $855 million (budget request) gets us up to average.”",wisconsin.edu,Scientific source,Partially relevant
83,E,"“The Universities of Wisconsin are 43rd out of 50 states in the nation, in terms of public support for our universities. The $855 million (budget request) gets us up to average.”",budget.wisc.edu,Scientific source,Out of context
83,E,"“The Universities of Wisconsin are 43rd out of 50 states in the nation, in terms of public support for our universities. The $855 million (budget request) gets us up to average.”",supportuw.org,Unclear website,Out of context
84,F,« Les Universités du Wisconsin se classent au 43e rang sur 50 États en matière de soutien public aux universités. La demande budgétaire de 855 millions de dollars nous ramène à la moyenne. »,fr.wikipedia.org,Intermediate media,Out of context
84,F,« Les Universités du Wisconsin se classent au 43e rang sur 50 États en matière de soutien public aux universités. La demande budgétaire de 855 millions de dollars nous ramène à la moyenne. »,fr.wikipedia.org,Intermediate media,Out of context
84,F,« Les Universités du Wisconsin se classent au 43e rang sur 50 États en matière de soutien public aux universités. La demande budgétaire de 855 millions de dollars nous ramène à la moyenne. »,unesdoc.unesco.org,International organization,Out of context
84,F,« Les Universités du Wisconsin se classent au 43e rang sur 50 États en matière de soutien public aux universités. La demande budgétaire de 855 millions de dollars nous ramène à la moyenne. »,theses.hal.science,Scientific source,Out of context
84,F,« Les Universités du Wisconsin se classent au 43e rang sur 50 États en matière de soutien public aux universités. La demande budgétaire de 855 millions de dollars nous ramène à la moyenne. »,journals.openedition.org,Unclear website,Out of context
84,F,« Les Universités du Wisconsin se classent au 43e rang sur 50 États en matière de soutien public aux universités. La demande budgétaire de 855 millions de dollars nous ramène à la moyenne. »,www-pub.iaea.org,Unclear website,Out of context
84,F,« Les Universités du Wisconsin se classent au 43e rang sur 50 États en matière de soutien public aux universités. La demande budgétaire de 855 millions de dollars nous ramène à la moyenne. »,documents1.worldbank.org,International organization,Out of context
84,F,« Les Universités du Wisconsin se classent au 43e rang sur 50 États en matière de soutien public aux universités. La demande budgétaire de 855 millions de dollars nous ramène à la moyenne. »,unv.org,Unclear website,Out of context
84,F,« Les Universités du Wisconsin se classent au 43e rang sur 50 États en matière de soutien public aux universités. La demande budgétaire de 855 millions de dollars nous ramène à la moyenne. »,tropicalforestscoping.com,Unclear website,Out of context
84,F,« Les Universités du Wisconsin se classent au 43e rang sur 50 États en matière de soutien public aux universités. La demande budgétaire de 855 millions de dollars nous ramène à la moyenne. »,umontreal.scholaris.ca,Unclear website,Out of context
84,F,« Les Universités du Wisconsin se classent au 43e rang sur 50 États en matière de soutien public aux universités. La demande budgétaire de 855 millions de dollars nous ramène à la moyenne. »,theses.hal.science,Scientific source,Out of context
84,F,« Les Universités du Wisconsin se classent au 43e rang sur 50 États en matière de soutien public aux universités. La demande budgétaire de 855 millions de dollars nous ramène à la moyenne. »,ciwaprogram.org,Unclear website,Out of context
84,F,« Les Universités du Wisconsin se classent au 43e rang sur 50 États en matière de soutien public aux universités. La demande budgétaire de 855 millions de dollars nous ramène à la moyenne. »,illumina.com,Unclear website,Out of context
84,F,« Les Universités du Wisconsin se classent au 43e rang sur 50 États en matière de soutien public aux universités. La demande budgétaire de 855 millions de dollars nous ramène à la moyenne. »,totalenergies.com,Unclear website,Out of context
84,F,« Les Universités du Wisconsin se classent au 43e rang sur 50 États en matière de soutien public aux universités. La demande budgétaire de 855 millions de dollars nous ramène à la moyenne. »,ccomptes.fr,Unclear website,Out of context
84,F,« Les Universités du Wisconsin se classent au 43e rang sur 50 États en matière de soutien public aux universités. La demande budgétaire de 855 millions de dollars nous ramène à la moyenne. »,hal.science,Scientific source,Out of context
84,F,« Les Universités du Wisconsin se classent au 43e rang sur 50 États en matière de soutien public aux universités. La demande budgétaire de 855 millions de dollars nous ramène à la moyenne. »,univ-cotedazur.hal.science,Scientific source,Out of context
84,F,« Les Universités du Wisconsin se classent au 43e rang sur 50 États en matière de soutien public aux universités. La demande budgétaire de 855 millions de dollars nous ramène à la moyenne. »,strategie-plan.gouv.fr,Unclear website,Out of context
84,F,« Les Universités du Wisconsin se classent au 43e rang sur 50 États en matière de soutien public aux universités. La demande budgétaire de 855 millions de dollars nous ramène à la moyenne. »,illumina.com,Unclear website,Out of context
84,F,« Les Universités du Wisconsin se classent au 43e rang sur 50 États en matière de soutien public aux universités. La demande budgétaire de 855 millions de dollars nous ramène à la moyenne. »,synopsis.unil.ch,Unclear website,Out of context
84,F,« Les Universités du Wisconsin se classent au 43e rang sur 50 États en matière de soutien public aux universités. La demande budgétaire de 855 millions de dollars nous ramène à la moyenne. »,univ-lyon1.fr,Unclear website,Out of context
84,F,« Les Universités du Wisconsin se classent au 43e rang sur 50 États en matière de soutien public aux universités. La demande budgétaire de 855 millions de dollars nous ramène à la moyenne. »,fr.y-axis.com,Unclear website,Out of context
84,F,« Les Universités du Wisconsin se classent au 43e rang sur 50 États en matière de soutien public aux universités. La demande budgétaire de 855 millions de dollars nous ramène à la moyenne. »,aimatmelanoma.org,Unclear website,Out of context
84,F,« Les Universités du Wisconsin se classent au 43e rang sur 50 États en matière de soutien public aux universités. La demande budgétaire de 855 millions de dollars nous ramène à la moyenne. »,sshrc-crsh.canada.ca,Government / public institution,Out of context
84,F,« Les Universités du Wisconsin se classent au 43e rang sur 50 États en matière de soutien public aux universités. La demande budgétaire de 855 millions de dollars nous ramène à la moyenne. »,hal.science,Scientific source,Out of context
84,F,« Les Universités du Wisconsin se classent au 43e rang sur 50 États en matière de soutien public aux universités. La demande budgétaire de 855 millions de dollars nous ramène à la moyenne. »,oecd-nea.org,Unclear website,Out of context
84,F,« Les Universités du Wisconsin se classent au 43e rang sur 50 États en matière de soutien public aux universités. La demande budgétaire de 855 millions de dollars nous ramène à la moyenne. »,mae.gouvernement.lu,Unclear website,Out of context
84,F,« Les Universités du Wisconsin se classent au 43e rang sur 50 États en matière de soutien public aux universités. La demande budgétaire de 855 millions de dollars nous ramène à la moyenne. »,parisschoolofeconomics....,Unclear website,Out of context
84,F,« Les Universités du Wisconsin se classent au 43e rang sur 50 États en matière de soutien public aux universités. La demande budgétaire de 855 millions de dollars nous ramène à la moyenne. »,wes.org,Unclear website,Out of context
85,E,"“As of today, we have cut the flow of immigration by over half.”",cbo.gov,Government / public institution,Out of context
85,E,"“As of today, we have cut the flow of immigration by over half.”",cbo.gov,Government / public institution,Out of context
85,E,"“As of today, we have cut the flow of immigration by over half.”",cbo.gov,Government / public institution,Out of context
85,E,"“As of today, we have cut the flow of immigration by over half.”",cbo.gov,Government / public institution,Out of context
85,E,"“As of today, we have cut the flow of immigration by over half.”",pewresearch.org,Scientific source,Out of context
85,E,"“As of today, we have cut the flow of immigration by over half.”",pmc.ncbi.nlm.nih.gov,Government / public institution,Out of context
85,E,"“As of today, we have cut the flow of immigration by over half.”",crfb.org,Unclear website,Out of context
85,E,"“As of today, we have cut the flow of immigration by over half.”",brookings.edu,Scientific source,Partially relevant
85,E,"“As of today, we have cut the flow of immigration by over half.”",kff.org,Unclear website,Out of context
85,E,"“As of today, we have cut the flow of immigration by over half.”",kff.org,Unclear website,Out of context
85,E,"“As of today, we have cut the flow of immigration by over half.”",migrationpolicy.org,Unclear website,Out of context
85,E,"“As of today, we have cut the flow of immigration by over half.”",migrationpolicy.org,Unclear website,Out of context
85,E,"“As of today, we have cut the flow of immigration by over half.”",americanimmigrationcoun...,Unclear website,Out of context
85,E,"“As of today, we have cut the flow of immigration by over half.”",brennancenter.org,Unclear website,Partially relevant
85,E,"“As of today, we have cut the flow of immigration by over half.”",cato.org,Unclear website,Out of context
85,E,"“As of today, we have cut the flow of immigration by over half.”",ons.gov.uk,Government / public institution,Out of context
85,E,"“As of today, we have cut the flow of immigration by over half.”",migrationobservatory.ox.ac....,Unclear website,Out of context
85,E,"“As of today, we have cut the flow of immigration by over half.”",census.gov,Government / public institution,Out of context
85,E,"“As of today, we have cut the flow of immigration by over half.”",uscis.gov,Government / public institution,Out of context
85,E,"“As of today, we have cut the flow of immigration by over half.”",travel.state.gov,Government / public institution,Out of context
85,E,"“As of today, we have cut the flow of immigration by over half.”",comptroller.nyc.gov,Government / public institution,Out of context
85,E,"“As of today, we have cut the flow of immigration by over half.”",deportationdata.org,Unclear website,Partially relevant
85,E,"“As of today, we have cut the flow of immigration by over half.”",refugeecouncil.org.uk,Unclear website,Out of context
86,F,"« À ce jour, nous avons réduit de plus de moitié le flux d'immigration. »",crisisgroup.org,Unclear website,Out of context
86,F,"« À ce jour, nous avons réduit de plus de moitié le flux d'immigration. »",insee.fr,Unclear website,Out of context
86,F,"« À ce jour, nous avons réduit de plus de moitié le flux d'immigration. »",unece.org,Unclear website,Out of context
86,F,"« À ce jour, nous avons réduit de plus de moitié le flux d'immigration. »",iom.int,International organization,Out of context
86,F,"« À ce jour, nous avons réduit de plus de moitié le flux d'immigration. »",statafric.au.int,Unclear website,Out of context
86,F,"« À ce jour, nous avons réduit de plus de moitié le flux d'immigration. »",canada.ca,Government / public institution,Partially relevant
86,F,"« À ce jour, nous avons réduit de plus de moitié le flux d'immigration. »",statistique.quebec.ca,Government / public institution,Out of context
86,F,"« À ce jour, nous avons réduit de plus de moitié le flux d'immigration. »",unhcr.org,International organization,Out of context
86,F,"« À ce jour, nous avons réduit de plus de moitié le flux d'immigration. »",canada.ca,Government / public institution,Out of context
86,F,"« À ce jour, nous avons réduit de plus de moitié le flux d'immigration. »",migrationdataportal.org...,Unclear website,Out of context
86,F,"« À ce jour, nous avons réduit de plus de moitié le flux d'immigration. »",migrationdataportal.org...,Unclear website,Out of context
86,F,"« À ce jour, nous avons réduit de plus de moitié le flux d'immigration. »",ilo.org,International organization,Out of context
86,F,"« À ce jour, nous avons réduit de plus de moitié le flux d'immigration. »",unesdoc.unesco.org,International organization,Out of context
86,F,"« À ce jour, nous avons réduit de plus de moitié le flux d'immigration. »",iom.int,International organization,Out of context
86,F,"« À ce jour, nous avons réduit de plus de moitié le flux d'immigration. »",uneca.org,Unclear website,Out of context
86,F,"« À ce jour, nous avons réduit de plus de moitié le flux d'immigration. »",migrationdataportal.org...,Unclear website,Out of context
86,F,"« À ce jour, nous avons réduit de plus de moitié le flux d'immigration. »",publications.iom.int,International organization,Out of context
86,F,"« À ce jour, nous avons réduit de plus de moitié le flux d'immigration. »",legifrance.gouv.fr,Government / public institution,Out of context
86,F,"« À ce jour, nous avons réduit de plus de moitié le flux d'immigration. »",publications.iom.int,International organization,Out of context
86,F,"« À ce jour, nous avons réduit de plus de moitié le flux d'immigration. »",unctad.org,Unclear website,Out of context
86,F,"« À ce jour, nous avons réduit de plus de moitié le flux d'immigration. »",assemblee-nationale.fr,Government / public institution,Out of context
86,F,"« À ce jour, nous avons réduit de plus de moitié le flux d'immigration. »",cncdh.fr,Unclear website,Out of context
86,F,"« À ce jour, nous avons réduit de plus de moitié le flux d'immigration. »",senat.fr,Unclear website,Out of context
86,F,"« À ce jour, nous avons réduit de plus de moitié le flux d'immigration. »",senat.fr,Unclear website,Out of context
86,F,"« À ce jour, nous avons réduit de plus de moitié le flux d'immigration. »",eur-lex.europa.eu,International organization,Out of context
86,F,"« À ce jour, nous avons réduit de plus de moitié le flux d'immigration. »",hsbc.com,Unclear website,Out of context
86,F,"« À ce jour, nous avons réduit de plus de moitié le flux d'immigration. »",eur-lex.europa.eu,International organization,Out of context
86,F,"« À ce jour, nous avons réduit de plus de moitié le flux d'immigration. »",icao.int,Unclear website,Out of context
86,F,"« À ce jour, nous avons réduit de plus de moitié le flux d'immigration. »",budget.gouv.fr,Unclear website,Out of context
86,F,"« À ce jour, nous avons réduit de plus de moitié le flux d'immigration. »",canada.ca,Government / public institution,Out of context
86,F,"« À ce jour, nous avons réduit de plus de moitié le flux d'immigration. »",oqlf.gouv.qc.ca,Government / public institution,Out of context
87,E,Project 2025 would “cut” the Federal Emergency Management Agency and “kill federal-backed flood insurance.”,factcheck.org,Journalistic source,Out of context
87,E,Project 2025 would “cut” the Federal Emergency Management Agency and “kill federal-backed flood insurance.”,docs.house.gov,Government / public institution,Partially relevant
87,E,Project 2025 would “cut” the Federal Emergency Management Agency and “kill federal-backed flood insurance.”,pbs.org,Journalistic source,Out of context
87,E,Project 2025 would “cut” the Federal Emergency Management Agency and “kill federal-backed flood insurance.”,politifact.com,Journalistic source,Relevant
87,E,Project 2025 would “cut” the Federal Emergency Management Agency and “kill federal-backed flood insurance.”,carnegieendowment.org,Unclear website,Out of context
87,E,Project 2025 would “cut” the Federal Emergency Management Agency and “kill federal-backed flood insurance.”,americanprogress.org,Unclear website,Out of context
87,E,Project 2025 would “cut” the Federal Emergency Management Agency and “kill federal-backed flood insurance.”,whyy.org,Unclear website,Out of context
87,E,Project 2025 would “cut” the Federal Emergency Management Agency and “kill federal-backed flood insurance.”,srcity.org,Unclear website,Partially relevant
87,E,Project 2025 would “cut” the Federal Emergency Management Agency and “kill federal-backed flood insurance.”,fema.gov,Government / public institution,Out of context
87,E,Project 2025 would “cut” the Federal Emergency Management Agency and “kill federal-backed flood insurance.”,honolulu.gov,Government / public institution,Partially relevant
87,E,Project 2025 would “cut” the Federal Emergency Management Agency and “kill federal-backed flood insurance.”,permitsonoma.org,Unclear website,Partially relevant
87,E,Project 2025 would “cut” the Federal Emergency Management Agency and “kill federal-backed flood insurance.”,fema.gov,Government / public institution,Partially relevant
87,E,Project 2025 would “cut” the Federal Emergency Management Agency and “kill federal-backed flood insurance.”,buttecounty.net,Unclear website,Partially relevant
87,E,Project 2025 would “cut” the Federal Emergency Management Agency and “kill federal-backed flood insurance.”,resilientoahu.org,Unclear website,Partially relevant
87,E,Project 2025 would “cut” the Federal Emergency Management Agency and “kill federal-backed flood insurance.”,scgov.net,Unclear website,Out of context
87,E,Project 2025 would “cut” the Federal Emergency Management Agency and “kill federal-backed flood insurance.”,srcity.org,Unclear website,Relevant
87,E,Project 2025 would “cut” the Federal Emergency Management Agency and “kill federal-backed flood insurance.”,floods.org,Unclear website,Out of context
87,E,Project 2025 would “cut” the Federal Emergency Management Agency and “kill federal-backed flood insurance.”,nlihc.org,Unclear website,Partially relevant
87,E,Project 2025 would “cut” the Federal Emergency Management Agency and “kill federal-backed flood insurance.”,fema.gov,Government / public institution,Out of context
87,E,Project 2025 would “cut” the Federal Emergency Management Agency and “kill federal-backed flood insurance.”,markey.senate.gov,Government / public institution,Partially relevant
87,E,Project 2025 would “cut” the Federal Emergency Management Agency and “kill federal-backed flood insurance.”,eenews.net,Journalistic source,Partially relevant
87,E,Project 2025 would “cut” the Federal Emergency Management Agency and “kill federal-backed flood insurance.”,portland.gov,Government / public institution,Partially relevant
87,E,Project 2025 would “cut” the Federal Emergency Management Agency and “kill federal-backed flood insurance.”,apachejunctionaz.gov,Government / public institution,Relevant
87,E,Project 2025 would “cut” the Federal Emergency Management Agency and “kill federal-backed flood insurance.”,cityofithacany.gov,Government / public institution,Partially relevant
87,E,Project 2025 would “cut” the Federal Emergency Management Agency and “kill federal-backed flood insurance.”,sonoma-county.legistar.com,Unclear website,Relevant
87,E,Project 2025 would “cut” the Federal Emergency Management Agency and “kill federal-backed flood insurance.”,springfieldoregonspeaks.org...,Unclear website,Relevant
87,E,Project 2025 would “cut” the Federal Emergency Management Agency and “kill federal-backed flood insurance.”,fema.gov,Government / public institution,Out of context
87,E,Project 2025 would “cut” the Federal Emergency Management Agency and “kill federal-backed flood insurance.”,alexandriava.gov,Government / public institution,Partially relevant
87,E,Project 2025 would “cut” the Federal Emergency Management Agency and “kill federal-backed flood insurance.”,capecoral.gov,Government / public institution,Out of context
87,E,Project 2025 would “cut” the Federal Emergency Management Agency and “kill federal-backed flood insurance.”,eec.ky.gov,Government / public institution,Out of context
88,F,Le Projet 2025 « réduirait » la Federal Emergency Management Agency et « mettrait fin à l'assurance contre les inondations soutenue par le gouvernement fédéral ».,nychazardmitigation.com,Unclear website,Out of context
88,F,Le Projet 2025 « réduirait » la Federal Emergency Management Agency et « mettrait fin à l'assurance contre les inondations soutenue par le gouvernement fédéral ».,openjicareport.jica.go.jp,Unclear website,Out of context
88,F,Le Projet 2025 « réduirait » la Federal Emergency Management Agency et « mettrait fin à l'assurance contre les inondations soutenue par le gouvernement fédéral ».,ecologie.gouv.fr,Unclear website,Out of context
88,F,Le Projet 2025 « réduirait » la Federal Emergency Management Agency et « mettrait fin à l'assurance contre les inondations soutenue par le gouvernement fédéral ».,preventionweb.net,Unclear website,Out of context
88,F,Le Projet 2025 « réduirait » la Federal Emergency Management Agency et « mettrait fin à l'assurance contre les inondations soutenue par le gouvernement fédéral ».,longmontcolorado.gov,Government / public institution,Out of context
88,F,Le Projet 2025 « réduirait » la Federal Emergency Management Agency et « mettrait fin à l'assurance contre les inondations soutenue par le gouvernement fédéral ».,kiewit.com,Unclear website,Out of context
88,F,Le Projet 2025 « réduirait » la Federal Emergency Management Agency et « mettrait fin à l'assurance contre les inondations soutenue par le gouvernement fédéral ».,undrr.org,Unclear website,Out of context
88,F,Le Projet 2025 « réduirait » la Federal Emergency Management Agency et « mettrait fin à l'assurance contre les inondations soutenue par le gouvernement fédéral ».,preventionweb.net,Unclear website,Out of context
88,F,Le Projet 2025 « réduirait » la Federal Emergency Management Agency et « mettrait fin à l'assurance contre les inondations soutenue par le gouvernement fédéral ».,read.oecd.org,International organization,Out of context
88,F,Le Projet 2025 « réduirait » la Federal Emergency Management Agency et « mettrait fin à l'assurance contre les inondations soutenue par le gouvernement fédéral ».,igas.gouv.fr,Unclear website,Out of context
88,F,Le Projet 2025 « réduirait » la Federal Emergency Management Agency et « mettrait fin à l'assurance contre les inondations soutenue par le gouvernement fédéral ».,calpnetwork.org,Unclear website,Out of context
88,F,Le Projet 2025 « réduirait » la Federal Emergency Management Agency et « mettrait fin à l'assurance contre les inondations soutenue par le gouvernement fédéral ».,cdn-contenu.quebec.ca,Government / public institution,Out of context
88,F,Le Projet 2025 « réduirait » la Federal Emergency Management Agency et « mettrait fin à l'assurance contre les inondations soutenue par le gouvernement fédéral ».,ressources-naturelles.canad...,Unclear website,Out of context
88,F,Le Projet 2025 « réduirait » la Federal Emergency Management Agency et « mettrait fin à l'assurance contre les inondations soutenue par le gouvernement fédéral ».,rapports-cac.ca,Unclear website,Out of context
88,F,Le Projet 2025 « réduirait » la Federal Emergency Management Agency et « mettrait fin à l'assurance contre les inondations soutenue par le gouvernement fédéral ».,centreintactadaptationc...,Unclear website,Out of context
88,F,Le Projet 2025 « réduirait » la Federal Emergency Management Agency et « mettrait fin à l'assurance contre les inondations soutenue par le gouvernement fédéral ».,ressources-naturelles.canad...,Unclear website,Out of context
88,F,Le Projet 2025 « réduirait » la Federal Emergency Management Agency et « mettrait fin à l'assurance contre les inondations soutenue par le gouvernement fédéral ».,ressources-naturelles.canad...,Unclear website,Out of context
88,F,Le Projet 2025 « réduirait » la Federal Emergency Management Agency et « mettrait fin à l'assurance contre les inondations soutenue par le gouvernement fédéral ».,globalshield.org,Unclear website,Out of context
89,E,“Donald Trump said he was going to allow Medicare to negotiate drug prices. He never did. We did.”,npr.org,Journalistic source,Partially relevant
89,E,“Donald Trump said he was going to allow Medicare to negotiate drug prices. He never did. We did.”,congress.gov,Government / public institution,Out of context
89,E,“Donald Trump said he was going to allow Medicare to negotiate drug prices. He never did. We did.”,healthaffairs.org,Unclear website,Out of context
89,E,“Donald Trump said he was going to allow Medicare to negotiate drug prices. He never did. We did.”,healthaffairs.org,Unclear website,Out of context
89,E,“Donald Trump said he was going to allow Medicare to negotiate drug prices. He never did. We did.”,pmc.ncbi.nlm.nih.gov,Government / public institution,Out of context
89,E,“Donald Trump said he was going to allow Medicare to negotiate drug prices. He never did. We did.”,pmc.ncbi.nlm.nih.gov,Government / public institution,Out of context
89,E,“Donald Trump said he was going to allow Medicare to negotiate drug prices. He never did. We did.”,kff.org,Unclear website,Out of context
89,E,“Donald Trump said he was going to allow Medicare to negotiate drug prices. He never did. We did.”,kff.org,Unclear website,Partially relevant
89,E,“Donald Trump said he was going to allow Medicare to negotiate drug prices. He never did. We did.”,kff.org,Unclear website,Partially relevant
89,E,“Donald Trump said he was going to allow Medicare to negotiate drug prices. He never did. We did.”,kff.org,Unclear website,Partially relevant
89,E,“Donald Trump said he was going to allow Medicare to negotiate drug prices. He never did. We did.”,commonwealthfund.org,Unclear website,Partially relevant
89,E,“Donald Trump said he was going to allow Medicare to negotiate drug prices. He never did. We did.”,whitehouse.gov,Government / public institution,Partially relevant
89,E,“Donald Trump said he was going to allow Medicare to negotiate drug prices. He never did. We did.”,whitehouse.gov,Government / public institution,Partially relevant
89,E,“Donald Trump said he was going to allow Medicare to negotiate drug prices. He never did. We did.”,americanprogress.org,Unclear website,Out of context
89,E,“Donald Trump said he was going to allow Medicare to negotiate drug prices. He never did. We did.”,americanprogress.org,Unclear website,Partially relevant
89,E,“Donald Trump said he was going to allow Medicare to negotiate drug prices. He never did. We did.”,cms.gov,Government / public institution,Out of context
89,E,“Donald Trump said he was going to allow Medicare to negotiate drug prices. He never did. We did.”,medicare.chir.georgetown.ed...,Unclear website,Out of context
89,E,“Donald Trump said he was going to allow Medicare to negotiate drug prices. He never did. We did.”,cms.gov,Government / public institution,Out of context
89,E,“Donald Trump said he was going to allow Medicare to negotiate drug prices. He never did. We did.”,medicarerights.org,Unclear website,Out of context
89,E,“Donald Trump said he was going to allow Medicare to negotiate drug prices. He never did. We did.”,hrsa.gov,Government / public institution,Out of context
89,E,“Donald Trump said he was going to allow Medicare to negotiate drug prices. He never did. We did.”,medicareadvocacy.org,Unclear website,Partially relevant
89,E,“Donald Trump said he was going to allow Medicare to negotiate drug prices. He never did. We did.”,cms.gov,Government / public institution,Out of context
89,E,“Donald Trump said he was going to allow Medicare to negotiate drug prices. He never did. We did.”,federalregister.gov,Government / public institution,Out of context
89,E,“Donald Trump said he was going to allow Medicare to negotiate drug prices. He never did. We did.”,ajmc.com,Unclear website,Partially relevant
89,E,“Donald Trump said he was going to allow Medicare to negotiate drug prices. He never did. We did.”,medicarerights.org,Unclear website,Out of context
90,F,« Donald Trump avait dit qu'il permettrait à Medicare de négocier les prix des médicaments. Il ne l'a jamais fait. Nous l'avons fait. »,theconversation.com,Journalistic source,Partially relevant
90,F,« Donald Trump avait dit qu'il permettrait à Medicare de négocier les prix des médicaments. Il ne l'a jamais fait. Nous l'avons fait. »,hrw.org,Unclear website,Out of context
90,F,« Donald Trump avait dit qu'il permettrait à Medicare de négocier les prix des médicaments. Il ne l'a jamais fait. Nous l'avons fait. »,fr.wikipedia.org,Intermediate media,Out of context
90,F,« Donald Trump avait dit qu'il permettrait à Medicare de négocier les prix des médicaments. Il ne l'a jamais fait. Nous l'avons fait. »,fr.wikipedia.org,Intermediate media,Out of context
90,F,« Donald Trump avait dit qu'il permettrait à Medicare de négocier les prix des médicaments. Il ne l'a jamais fait. Nous l'avons fait. »,fr.wikipedia.org,Intermediate media,Out of context
90,F,« Donald Trump avait dit qu'il permettrait à Medicare de négocier les prix des médicaments. Il ne l'a jamais fait. Nous l'avons fait. »,lapresse.ca,Journalistic source,Partially relevant
90,F,« Donald Trump avait dit qu'il permettrait à Medicare de négocier les prix des médicaments. Il ne l'a jamais fait. Nous l'avons fait. »,euractiv.com,Unclear website,Partially relevant
90,F,« Donald Trump avait dit qu'il permettrait à Medicare de négocier les prix des médicaments. Il ne l'a jamais fait. Nous l'avons fait. »,lepoint.fr,Unclear website,Partially relevant
90,F,« Donald Trump avait dit qu'il permettrait à Medicare de négocier les prix des médicaments. Il ne l'a jamais fait. Nous l'avons fait. »,alternatives-economique...,Unclear website,Partially relevant
90,F,« Donald Trump avait dit qu'il permettrait à Medicare de négocier les prix des médicaments. Il ne l'a jamais fait. Nous l'avons fait. »,alternatives-economique...,Unclear website,Out of context
90,F,« Donald Trump avait dit qu'il permettrait à Medicare de négocier les prix des médicaments. Il ne l'a jamais fait. Nous l'avons fait. »,iedm.org,Unclear website,Out of context
90,F,« Donald Trump avait dit qu'il permettrait à Medicare de négocier les prix des médicaments. Il ne l'a jamais fait. Nous l'avons fait. »,ires.fr,Unclear website,Out of context
90,F,« Donald Trump avait dit qu'il permettrait à Medicare de négocier les prix des médicaments. Il ne l'a jamais fait. Nous l'avons fait. »,femmexpat.com,Unclear website,Out of context
90,F,« Donald Trump avait dit qu'il permettrait à Medicare de négocier les prix des médicaments. Il ne l'a jamais fait. Nous l'avons fait. »,scfp.ca,Unclear website,Out of context
90,F,« Donald Trump avait dit qu'il permettrait à Medicare de négocier les prix des médicaments. Il ne l'a jamais fait. Nous l'avons fait. »,jean-jaures.org,Unclear website,Out of context
90,F,« Donald Trump avait dit qu'il permettrait à Medicare de négocier les prix des médicaments. Il ne l'a jamais fait. Nous l'avons fait. »,theses.hal.science,Scientific source,Out of context
90,F,« Donald Trump avait dit qu'il permettrait à Medicare de négocier les prix des médicaments. Il ne l'a jamais fait. Nous l'avons fait. »,healthandtech.eu,Unclear website,Partially relevant
90,F,« Donald Trump avait dit qu'il permettrait à Medicare de négocier les prix des médicaments. Il ne l'a jamais fait. Nous l'avons fait. »,hcsp.fr,Unclear website,Partially relevant
90,F,« Donald Trump avait dit qu'il permettrait à Medicare de négocier les prix des médicaments. Il ne l'a jamais fait. Nous l'avons fait. »,archipel.uqam.ca,Unclear website,Out of context
90,F,« Donald Trump avait dit qu'il permettrait à Medicare de négocier les prix des médicaments. Il ne l'a jamais fait. Nous l'avons fait. »,ccfranco-arabe.fr,Unclear website,Partially relevant
90,F,« Donald Trump avait dit qu'il permettrait à Medicare de négocier les prix des médicaments. Il ne l'a jamais fait. Nous l'avons fait. »,lagrandeconversation.co...,Unclear website,Partially relevant
90,F,« Donald Trump avait dit qu'il permettrait à Medicare de négocier les prix des médicaments. Il ne l'a jamais fait. Nous l'avons fait. »,legrandcontinent.eu,Unclear website,Partially relevant
90,F,« Donald Trump avait dit qu'il permettrait à Medicare de négocier les prix des médicaments. Il ne l'a jamais fait. Nous l'avons fait. »,tse-fr.eu,Unclear website,Out of context
90,F,« Donald Trump avait dit qu'il permettrait à Medicare de négocier les prix des médicaments. Il ne l'a jamais fait. Nous l'avons fait. »,assemblee-nationale.fr,Government / public institution,Out of context
90,F,« Donald Trump avait dit qu'il permettrait à Medicare de négocier les prix des médicaments. Il ne l'a jamais fait. Nous l'avons fait. »,global.morningstar.com,Unclear website,Out of context
90,F,« Donald Trump avait dit qu'il permettrait à Medicare de négocier les prix des médicaments. Il ne l'a jamais fait. Nous l'avons fait. »,le-diabete-dans-tous-se...,Unclear website,Out of context
90,F,« Donald Trump avait dit qu'il permettrait à Medicare de négocier les prix des médicaments. Il ne l'a jamais fait. Nous l'avons fait. »,ifri.org,Unclear website,Out of context
90,F,« Donald Trump avait dit qu'il permettrait à Medicare de négocier les prix des médicaments. Il ne l'a jamais fait. Nous l'avons fait. »,publiceye.ch,Unclear website,Out of context
90,F,« Donald Trump avait dit qu'il permettrait à Medicare de négocier les prix des médicaments. Il ne l'a jamais fait. Nous l'avons fait. »,institutmontaigne.org,Unclear website,Out of context
90,F,« Donald Trump avait dit qu'il permettrait à Medicare de négocier les prix des médicaments. Il ne l'a jamais fait. Nous l'avons fait. »,warner.senate.gov,Government / public institution,Partially relevant
90,F,« Donald Trump avait dit qu'il permettrait à Medicare de négocier les prix des médicaments. Il ne l'a jamais fait. Nous l'avons fait. »,iqvia.com,Unclear website,Out of context
91,E,“The most recent State Budget increased funding for the Department of Tourism by 98 percent.”,whyy.org,Unclear website,Partially relevant
91,E,“The most recent State Budget increased funding for the Department of Tourism by 98 percent.”,content.govdelivery.com,Government / public institution,Partially relevant
91,E,“The most recent State Budget increased funding for the Department of Tourism by 98 percent.”,osc.ny.gov,Government / public institution,Partially relevant
91,E,“The most recent State Budget increased funding for the Department of Tourism by 98 percent.”,revisor.mo.gov,Government / public institution,Partially relevant
91,E,“The most recent State Budget increased funding for the Department of Tourism by 98 percent.”,osc.ny.gov,Government / public institution,Partially relevant
91,E,“The most recent State Budget increased funding for the Department of Tourism by 98 percent.”,tourismfederationofwi.org,Unclear website,Relevant
91,E,“The most recent State Budget increased funding for the Department of Tourism by 98 percent.”,comptroller.nyc.gov,Government / public institution,Partially relevant
91,E,“The most recent State Budget increased funding for the Department of Tourism by 98 percent.”,pa.gov,Government / public institution,Partially relevant
91,E,“The most recent State Budget increased funding for the Department of Tourism by 98 percent.”,nhfpi.org,Unclear website,Partially relevant
91,E,“The most recent State Budget increased funding for the Department of Tourism by 98 percent.”,dced.pa.gov,Government / public institution,Out of context
91,E,“The most recent State Budget increased funding for the Department of Tourism by 98 percent.”,lao.ca.gov,Government / public institution,Out of context
91,E,“The most recent State Budget increased funding for the Department of Tourism by 98 percent.”,bea.gov,Government / public institution,Out of context
91,E,“The most recent State Budget increased funding for the Department of Tourism by 98 percent.”,statetreasurer.wi.gov,Government / public institution,Partially relevant
91,E,“The most recent State Budget increased funding for the Department of Tourism by 98 percent.”,statetreasurer.wi.gov,Government / public institution,Partially relevant
91,E,“The most recent State Budget increased funding for the Department of Tourism by 98 percent.”,oksenate.gov,Government / public institution,Out of context
91,E,“The most recent State Budget increased funding for the Department of Tourism by 98 percent.”,comptroller.nyc.gov,Government / public institution,Partially relevant
91,E,“The most recent State Budget increased funding for the Department of Tourism by 98 percent.”,bea.gov,Government / public institution,Out of context
91,E,“The most recent State Budget increased funding for the Department of Tourism by 98 percent.”,azleg.gov,Government / public institution,Out of context
91,E,“The most recent State Budget increased funding for the Department of Tourism by 98 percent.”,governor.ky.gov,Government / public institution,Partially relevant
91,E,“The most recent State Budget increased funding for the Department of Tourism by 98 percent.”,budget.ny.gov,Government / public institution,Partially relevant
91,E,“The most recent State Budget increased funding for the Department of Tourism by 98 percent.”,dbm.maryland.gov,Government / public institution,Partially relevant
91,E,“The most recent State Budget increased funding for the Department of Tourism by 98 percent.”,bfm.sd.gov,Government / public institution,Partially relevant
91,E,“The most recent State Budget increased funding for the Department of Tourism by 98 percent.”,nebraskalegislature.gov,Government / public institution,Out of context
91,E,“The most recent State Budget increased funding for the Department of Tourism by 98 percent.”,flgov.com,Unclear website,Partially relevant
92,F,« Le dernier budget de l'État a augmenté de 98 % le financement du Département du Tourisme. »,apps.who.int,International organization,Out of context
92,F,« Le dernier budget de l'État a augmenté de 98 % le financement du Département du Tourisme. »,radiofrance.fr,Unclear website,Out of context
92,F,« Le dernier budget de l'État a augmenté de 98 % le financement du Département du Tourisme. »,finistere.fr,Unclear website,Partially relevant
92,F,« Le dernier budget de l'État a augmenté de 98 % le financement du Département du Tourisme. »,savoie.fr,Unclear website,Partially relevant
92,F,« Le dernier budget de l'État a augmenté de 98 % le financement du Département du Tourisme. »,untourism.int,Unclear website,Partially relevant
92,F,« Le dernier budget de l'État a augmenté de 98 % le financement du Département du Tourisme. »,ain.fr,Unclear website,Partially relevant
92,F,« Le dernier budget de l'État a augmenté de 98 % le financement du Département du Tourisme. »,budget.gouv.fr,Unclear website,Out of context
92,F,« Le dernier budget de l'État a augmenté de 98 % le financement du Département du Tourisme. »,yvelines.fr,Unclear website,Out of context
92,F,« Le dernier budget de l'État a augmenté de 98 % le financement du Département du Tourisme. »,lavienne86.fr,Unclear website,Partially relevant
92,F,« Le dernier budget de l'État a augmenté de 98 % le financement du Département du Tourisme. »,isere.fr,Unclear website,Partially relevant
92,F,« Le dernier budget de l'État a augmenté de 98 % le financement du Département du Tourisme. »,legifrance.gouv.fr,Government / public institution,Partially relevant
92,F,« Le dernier budget de l'État a augmenté de 98 % le financement du Département du Tourisme. »,somme.fr,Unclear website,Partially relevant
92,F,« Le dernier budget de l'État a augmenté de 98 % le financement du Département du Tourisme. »,assemblee-nationale.fr,Government / public institution,Out of context
92,F,« Le dernier budget de l'État a augmenté de 98 % le financement du Département du Tourisme. »,marseille.fr,Unclear website,Out of context
92,F,« Le dernier budget de l'État a augmenté de 98 % le financement du Département du Tourisme. »,tresor.economie.gouv.fr...,Unclear website,Out of context
92,F,« Le dernier budget de l'État a augmenté de 98 % le financement du Département du Tourisme. »,international.canada.ca,Government / public institution,Partially relevant
92,F,« Le dernier budget de l'État a augmenté de 98 % le financement du Département du Tourisme. »,tc.canada.ca,Government / public institution,Out of context
92,F,« Le dernier budget de l'État a augmenté de 98 % le financement du Département du Tourisme. »,economy-finance.ec.europa.e...,Unclear website,Out of context
92,F,« Le dernier budget de l'État a augmenté de 98 % le financement du Département du Tourisme. »,mondepartement04.fr,Unclear website,Partially relevant
92,F,« Le dernier budget de l'État a augmenté de 98 % le financement du Département du Tourisme. »,budget.canada.ca,Government / public institution,Partially relevant
92,F,« Le dernier budget de l'État a augmenté de 98 % le financement du Département du Tourisme. »,mayerbrown.com,Unclear website,Out of context
92,F,« Le dernier budget de l'État a augmenté de 98 % le financement du Département du Tourisme. »,binic-etables-sur-mer.f...,Unclear website,Out of context
92,F,« Le dernier budget de l'État a augmenté de 98 % le financement du Département du Tourisme. »,tresor.economie.gouv.fr...,Unclear website,Out of context
92,F,« Le dernier budget de l'État a augmenté de 98 % le financement du Département du Tourisme. »,i4ce.org,Unclear website,Partially relevant
92,F,« Le dernier budget de l'État a augmenté de 98 % le financement du Département du Tourisme. »,gouvernement.lu,Unclear website,Partially relevant
92,F,« Le dernier budget de l'État a augmenté de 98 % le financement du Département du Tourisme. »,normandie.fr,Unclear website,Out of context
92,F,« Le dernier budget de l'État a augmenté de 98 % le financement du Département du Tourisme. »,banque-france.fr,Unclear website,Out of context
92,F,« Le dernier budget de l'État a augmenté de 98 % le financement du Département du Tourisme. »,cnis.fr,Unclear website,Out of context
92,F,« Le dernier budget de l'État a augmenté de 98 % le financement du Département du Tourisme. »,indre.fr,Unclear website,Out of context
93,E,"“JD Vance actually sent a letter last year to the Department of Justice saying, ‘enforce the Comstock Act.’”",themarshallproject.org,Unclear website,Partially relevant
93,E,"“JD Vance actually sent a letter last year to the Department of Justice saying, ‘enforce the Comstock Act.’”",thehill.com,Journalistic source,Relevant
93,E,"“JD Vance actually sent a letter last year to the Department of Justice saying, ‘enforce the Comstock Act.’”",politifact.com,Journalistic source,Partially relevant
93,E,"“JD Vance actually sent a letter last year to the Department of Justice saying, ‘enforce the Comstock Act.’”",en.wikipedia.org,Intermediate media,Out of context
93,E,"“JD Vance actually sent a letter last year to the Department of Justice saying, ‘enforce the Comstock Act.’”",washingtonpost.com,Journalistic source,Partially relevant
93,E,"“JD Vance actually sent a letter last year to the Department of Justice saying, ‘enforce the Comstock Act.’”",guttmacher.org,Unclear website,Partially relevant
93,E,"“JD Vance actually sent a letter last year to the Department of Justice saying, ‘enforce the Comstock Act.’”",openyls.law.yale.edu,Scientific source,Partially relevant
93,E,"“JD Vance actually sent a letter last year to the Department of Justice saying, ‘enforce the Comstock Act.’”",static.heritage.org,Unclear website,Out of context
93,E,"“JD Vance actually sent a letter last year to the Department of Justice saying, ‘enforce the Comstock Act.’”",19thnews.org,Journalistic source,Out of context
93,E,"“JD Vance actually sent a letter last year to the Department of Justice saying, ‘enforce the Comstock Act.’”",michiganlawreview.org,Unclear website,Partially relevant
93,E,"“JD Vance actually sent a letter last year to the Department of Justice saying, ‘enforce the Comstock Act.’”",ncnewsline.com,Unclear website,Relevant
93,E,"“JD Vance actually sent a letter last year to the Department of Justice saying, ‘enforce the Comstock Act.’”",repository.law.umich.edu,Scientific source,Partially relevant
93,E,"“JD Vance actually sent a letter last year to the Department of Justice saying, ‘enforce the Comstock Act.’”",wakeforestlawreview.com...,Unclear website,Partially relevant
93,E,"“JD Vance actually sent a letter last year to the Department of Justice saying, ‘enforce the Comstock Act.’”",law.ucla.edu,Scientific source,Partially relevant
93,E,"“JD Vance actually sent a letter last year to the Department of Justice saying, ‘enforce the Comstock Act.’”",law.nyu.edu,Scientific source,Partially relevant
93,E,"“JD Vance actually sent a letter last year to the Department of Justice saying, ‘enforce the Comstock Act.’”",americanprogressaction....,Unclear website,Out of context
93,E,"“JD Vance actually sent a letter last year to the Department of Justice saying, ‘enforce the Comstock Act.’”",digitalcommons.law.udc.edu,Scientific source,Partially relevant
94,F,« JD Vance a effectivement envoyé une lettre l'année dernière au ministère de la Justice demandant : “faites appliquer la loi Comstock”. »,lesoir.be,Unclear website,Out of context
94,F,« JD Vance a effectivement envoyé une lettre l'année dernière au ministère de la Justice demandant : “faites appliquer la loi Comstock”. »,fr.wikipedia.org,Intermediate media,Out of context
94,F,« JD Vance a effectivement envoyé une lettre l'année dernière au ministère de la Justice demandant : “faites appliquer la loi Comstock”. »,fr.wikipedia.org,Intermediate media,Out of context
94,F,« JD Vance a effectivement envoyé une lettre l'année dernière au ministère de la Justice demandant : “faites appliquer la loi Comstock”. »,scribd.com,Intermediate media,Out of context
94,F,« JD Vance a effectivement envoyé une lettre l'année dernière au ministère de la Justice demandant : “faites appliquer la loi Comstock”. »,fr.scribd.com,Intermediate media,Out of context
94,F,« JD Vance a effectivement envoyé une lettre l'année dernière au ministère de la Justice demandant : “faites appliquer la loi Comstock”. »,picclick.ca,Unclear website,Out of context
94,F,« JD Vance a effectivement envoyé une lettre l'année dernière au ministère de la Justice demandant : “faites appliquer la loi Comstock”. »,numerique.banq.qc.ca,Unclear website,Out of context
94,F,« JD Vance a effectivement envoyé une lettre l'année dernière au ministère de la Justice demandant : “faites appliquer la loi Comstock”. »,svn.spraakdata.gu.se,Unclear website,Out of context
94,F,« JD Vance a effectivement envoyé une lettre l'année dernière au ministère de la Justice demandant : “faites appliquer la loi Comstock”. »,depot-e.uqtr.ca,Unclear website,Out of context
94,F,« JD Vance a effectivement envoyé une lettre l'année dernière au ministère de la Justice demandant : “faites appliquer la loi Comstock”. »,numerique.banq.qc.ca,Unclear website,Out of context
95,E,JD Vance “literally wrote the foreword for the architect of the Project 2025 agenda.”,nuclearnetwork.csis.org,Unclear website,Partially relevant
95,E,JD Vance “literally wrote the foreword for the architect of the Project 2025 agenda.”,csis.org,Unclear website,Out of context
95,E,JD Vance “literally wrote the foreword for the architect of the Project 2025 agenda.”,congress.gov,Government / public institution,Partially relevant
95,E,JD Vance “literally wrote the foreword for the architect of the Project 2025 agenda.”,congress.gov,Government / public institution,Out of context
95,E,JD Vance “literally wrote the foreword for the architect of the Project 2025 agenda.”,congress.gov,Government / public institution,Out of context
95,E,JD Vance “literally wrote the foreword for the architect of the Project 2025 agenda.”,axios.com,Journalistic source,Relevant
95,E,JD Vance “literally wrote the foreword for the architect of the Project 2025 agenda.”,pmc.ncbi.nlm.nih.gov,Government / public institution,Out of context
95,E,JD Vance “literally wrote the foreword for the architect of the Project 2025 agenda.”,pmc.ncbi.nlm.nih.gov,Government / public institution,Out of context
95,E,JD Vance “literally wrote the foreword for the architect of the Project 2025 agenda.”,pmc.ncbi.nlm.nih.gov,Government / public institution,Out of context
95,E,JD Vance “literally wrote the foreword for the architect of the Project 2025 agenda.”,pbs.org,Journalistic source,Partially relevant
95,E,JD Vance “literally wrote the foreword for the architect of the Project 2025 agenda.”,nytimes.com,Journalistic source,Relevant
95,E,JD Vance “literally wrote the foreword for the architect of the Project 2025 agenda.”,propublica.org,Unclear website,Partially relevant
95,E,JD Vance “literally wrote the foreword for the architect of the Project 2025 agenda.”,carnegieendowment.org,Unclear website,Partially relevant
95,E,JD Vance “literally wrote the foreword for the architect of the Project 2025 agenda.”,inquirer.com,Unclear website,Relevant
95,E,JD Vance “literally wrote the foreword for the architect of the Project 2025 agenda.”,en.wikipedia.org,Intermediate media,Relevant
95,E,JD Vance “literally wrote the foreword for the architect of the Project 2025 agenda.”,forbes.com,Journalistic source,Relevant
95,E,JD Vance “literally wrote the foreword for the architect of the Project 2025 agenda.”,americanimmigrationcoun...,Unclear website,Partially relevant
95,E,JD Vance “literally wrote the foreword for the architect of the Project 2025 agenda.”,theguardian.com,Journalistic source,Relevant
95,E,JD Vance “literally wrote the foreword for the architect of the Project 2025 agenda.”,president.yale.edu,Scientific source,Partially relevant
95,E,JD Vance “literally wrote the foreword for the architect of the Project 2025 agenda.”,ohiocapitaljournal.com,Journalistic source,Relevant
95,E,JD Vance “literally wrote the foreword for the architect of the Project 2025 agenda.”,whitehouse.gov,Government / public institution,Partially relevant
95,E,JD Vance “literally wrote the foreword for the architect of the Project 2025 agenda.”,whitehouse.gov,Government / public institution,Partially relevant
95,E,JD Vance “literally wrote the foreword for the architect of the Project 2025 agenda.”,whitehouse.gov,Government / public institution,Out of context
95,E,JD Vance “literally wrote the foreword for the architect of the Project 2025 agenda.”,whitehouse.gov,Government / public institution,Out of context
95,E,JD Vance “literally wrote the foreword for the architect of the Project 2025 agenda.”,vox.com,Unclear website,Relevant
95,E,JD Vance “literally wrote the foreword for the architect of the Project 2025 agenda.”,static.heritage.org,Unclear website,Partially relevant
95,E,JD Vance “literally wrote the foreword for the architect of the Project 2025 agenda.”,understandingwar.org,Unclear website,Out of context
95,E,JD Vance “literally wrote the foreword for the architect of the Project 2025 agenda.”,auditor.ca.gov,Government / public institution,Partially relevant
95,E,JD Vance “literally wrote the foreword for the architect of the Project 2025 agenda.”,understandingwar.org,Unclear website,Partially relevant
95,E,JD Vance “literally wrote the foreword for the architect of the Project 2025 agenda.”,tandfonline.com,Scientific source,Out of context
95,E,JD Vance “literally wrote the foreword for the architect of the Project 2025 agenda.”,neurology.org,Unclear website,Out of context
95,E,JD Vance “literally wrote the foreword for the architect of the Project 2025 agenda.”,cms.gov,Government / public institution,Partially relevant
95,E,JD Vance “literally wrote the foreword for the architect of the Project 2025 agenda.”,michiganindependent.com,Unclear website,Relevant
96,F,JD Vance a « littéralement écrit la préface du livre de l'architecte du programme du Projet 2025 ».,fr.wikipedia.org,Intermediate media,Partially relevant
96,F,JD Vance a « littéralement écrit la préface du livre de l'architecte du programme du Projet 2025 ».,fr.wikipedia.org,Intermediate media,Partially relevant
96,F,JD Vance a « littéralement écrit la préface du livre de l'architecte du programme du Projet 2025 ».,cnews.fr,Journalistic source,Partially relevant
96,F,JD Vance a « littéralement écrit la préface du livre de l'architecte du programme du Projet 2025 ».,ici.radio-canada.ca,Government / public institution,Relevant
96,F,JD Vance a « littéralement écrit la préface du livre de l'architecte du programme du Projet 2025 ».,has-sante.fr,Unclear website,Out of context
96,F,JD Vance a « littéralement écrit la préface du livre de l'architecte du programme du Projet 2025 ».,lemonde.fr,Journalistic source,Relevant
96,F,JD Vance a « littéralement écrit la préface du livre de l'architecte du programme du Projet 2025 ».,lemonde.fr,Journalistic source,Partially relevant
96,F,JD Vance a « littéralement écrit la préface du livre de l'architecte du programme du Projet 2025 ».,radiofrance.fr,Unclear website,Partially relevant
96,F,JD Vance a « littéralement écrit la préface du livre de l'architecte du programme du Projet 2025 ».,radiofrance.fr,Unclear website,Partially relevant
96,F,JD Vance a « littéralement écrit la préface du livre de l'architecte du programme du Projet 2025 ».,scienceshumaines.com,Unclear website,Partially relevant
96,F,JD Vance a « littéralement écrit la préface du livre de l'architecte du programme du Projet 2025 ».,franceinfo.fr,Unclear website,Out of context
96,F,JD Vance a « littéralement écrit la préface du livre de l'architecte du programme du Projet 2025 ».,legrandcontinent.eu,Unclear website,Partially relevant
96,F,JD Vance a « littéralement écrit la préface du livre de l'architecte du programme du Projet 2025 ».,diploweb.com,Unclear website,Out of context
96,F,JD Vance a « littéralement écrit la préface du livre de l'architecte du programme du Projet 2025 ».,numerique.banq.qc.ca,Unclear website,Out of context
96,F,JD Vance a « littéralement écrit la préface du livre de l'architecte du programme du Projet 2025 ».,diagrammes.fr,Unclear website,Out of context
96,F,JD Vance a « littéralement écrit la préface du livre de l'architecte du programme du Projet 2025 ».,iro.umontreal.ca,Unclear website,Out of context
96,F,JD Vance a « littéralement écrit la préface du livre de l'architecte du programme du Projet 2025 ».,huggingface.co,Unclear website,Out of context
96,F,JD Vance a « littéralement écrit la préface du livre de l'architecte du programme du Projet 2025 ».,svn.spraakdata.gu.se,Unclear website,Out of context
96,F,JD Vance a « littéralement écrit la préface du livre de l'architecte du programme du Projet 2025 ».,irsem.fr,Unclear website,Partially relevant
96,F,JD Vance a « littéralement écrit la préface du livre de l'architecte du programme du Projet 2025 ».,fr.scribd.com,Intermediate media,Out of context
96,F,JD Vance a « littéralement écrit la préface du livre de l'architecte du programme du Projet 2025 ».,feed.ausha.co,Unclear website,Out of context
96,F,JD Vance a « littéralement écrit la préface du livre de l'architecte du programme du Projet 2025 ».,calmos.net,Unclear website,Out of context
96,F,JD Vance a « littéralement écrit la préface du livre de l'architecte du programme du Projet 2025 ».,franceinfo.fr,Unclear website,Out of context
96,F,JD Vance a « littéralement écrit la préface du livre de l'architecte du programme du Projet 2025 ».,theses.hal.science,Scientific source,Out of context
96,F,JD Vance a « littéralement écrit la préface du livre de l'architecte du programme du Projet 2025 ».,legrandcontinent.eu,Unclear website,Out of context
96,F,JD Vance a « littéralement écrit la préface du livre de l'architecte du programme du Projet 2025 ».,archipel.uqam.ca,Unclear website,Out of context
96,F,JD Vance a « littéralement écrit la préface du livre de l'architecte du programme du Projet 2025 ».,legrandcontinent.eu,Unclear website,Partially relevant
96,F,JD Vance a « littéralement écrit la préface du livre de l'architecte du programme du Projet 2025 ».,sam40.fr,Unclear website,Partially relevant
96,F,JD Vance a « littéralement écrit la préface du livre de l'architecte du programme du Projet 2025 ».,theses.hal.science,Scientific source,Out of context
96,F,JD Vance a « littéralement écrit la préface du livre de l'architecte du programme du Projet 2025 ».,hal.science,Scientific source,Out of context
97,E,"Says Tim Walz said he carried weapons in war, but “he has not spent a day in a combat zone.”",apnews.com,Journalistic source,Partially relevant
97,E,"Says Tim Walz said he carried weapons in war, but “he has not spent a day in a combat zone.”",apnews.com,Journalistic source,Partially relevant
97,E,"Says Tim Walz said he carried weapons in war, but “he has not spent a day in a combat zone.”",npr.org,Journalistic source,Partially relevant
97,E,"Says Tim Walz said he carried weapons in war, but “he has not spent a day in a combat zone.”",cbsnews.com,Journalistic source,Relevant
97,E,"Says Tim Walz said he carried weapons in war, but “he has not spent a day in a combat zone.”",pbs.org,Journalistic source,Partially relevant
97,E,"Says Tim Walz said he carried weapons in war, but “he has not spent a day in a combat zone.”",politifact.com,Journalistic source,Relevant
97,E,"Says Tim Walz said he carried weapons in war, but “he has not spent a day in a combat zone.”",politico.com,Journalistic source,Partially relevant
97,E,"Says Tim Walz said he carried weapons in war, but “he has not spent a day in a combat zone.”",abc7ny.com,Unclear website,Partially relevant
97,E,"Says Tim Walz said he carried weapons in war, but “he has not spent a day in a combat zone.”",nbcnews.com,Journalistic source,Partially relevant
97,E,"Says Tim Walz said he carried weapons in war, but “he has not spent a day in a combat zone.”",washingtonpost.com,Journalistic source,Partially relevant
97,E,"Says Tim Walz said he carried weapons in war, but “he has not spent a day in a combat zone.”",abcnews.com,Journalistic source,Partially relevant
97,E,"Says Tim Walz said he carried weapons in war, but “he has not spent a day in a combat zone.”",nypost.com,Journalistic source,Partially relevant
97,E,"Says Tim Walz said he carried weapons in war, but “he has not spent a day in a combat zone.”",fox9.com,Unclear website,Partially relevant
97,E,"Says Tim Walz said he carried weapons in war, but “he has not spent a day in a combat zone.”",wunc.org,Unclear website,Partially relevant
98,F,"Il est affirmé que Tim Walz a dit avoir porté des armes pendant la guerre, mais « il n'a pas passé une seule journée dans une zone de combat ».",fr.wikipedia.org,Intermediate media,Out of context
98,F,"Il est affirmé que Tim Walz a dit avoir porté des armes pendant la guerre, mais « il n'a pas passé une seule journée dans une zone de combat ».",lapresse.ca,Journalistic source,Partially relevant
98,F,"Il est affirmé que Tim Walz a dit avoir porté des armes pendant la guerre, mais « il n'a pas passé une seule journée dans une zone de combat ».",radiofrance.fr,Unclear website,Out of context
98,F,"Il est affirmé que Tim Walz a dit avoir porté des armes pendant la guerre, mais « il n'a pas passé une seule journée dans une zone de combat ».",bfmtv.com,Unclear website,Out of context
98,F,"Il est affirmé que Tim Walz a dit avoir porté des armes pendant la guerre, mais « il n'a pas passé une seule journée dans une zone de combat ».",weitze.fr,Unclear website,Out of context
98,F,"Il est affirmé que Tim Walz a dit avoir porté des armes pendant la guerre, mais « il n'a pas passé une seule journée dans une zone de combat ».",letemps.ch,Journalistic source,Out of context
98,F,"Il est affirmé que Tim Walz a dit avoir porté des armes pendant la guerre, mais « il n'a pas passé une seule journée dans une zone de combat ».",imdb.com,Unclear website,Out of context
98,F,"Il est affirmé que Tim Walz a dit avoir porté des armes pendant la guerre, mais « il n'a pas passé une seule journée dans une zone de combat ».",institutmontaigne.org,Unclear website,Out of context
98,F,"Il est affirmé que Tim Walz a dit avoir porté des armes pendant la guerre, mais « il n'a pas passé une seule journée dans une zone de combat ».",lactualite.com,Unclear website,Partially relevant
98,F,"Il est affirmé que Tim Walz a dit avoir porté des armes pendant la guerre, mais « il n'a pas passé une seule journée dans une zone de combat ».",shs.hal.science,Scientific source,Out of context
98,F,"Il est affirmé que Tim Walz a dit avoir porté des armes pendant la guerre, mais « il n'a pas passé une seule journée dans une zone de combat ».",unesdoc.unesco.org,International organization,Out of context
98,F,"Il est affirmé que Tim Walz a dit avoir porté des armes pendant la guerre, mais « il n'a pas passé une seule journée dans une zone de combat ».",archipel.uqam.ca,Unclear website,Out of context
98,F,"Il est affirmé que Tim Walz a dit avoir porté des armes pendant la guerre, mais « il n'a pas passé une seule journée dans une zone de combat ».",corpus.ulaval.ca,Unclear website,Out of context
98,F,"Il est affirmé que Tim Walz a dit avoir porté des armes pendant la guerre, mais « il n'a pas passé une seule journée dans une zone de combat ».",archipel.uqam.ca,Unclear website,Out of context
98,F,"Il est affirmé que Tim Walz a dit avoir porté des armes pendant la guerre, mais « il n'a pas passé une seule journée dans une zone de combat ».",publications.gc.ca,Government / public institution,Out of context
98,F,"Il est affirmé que Tim Walz a dit avoir porté des armes pendant la guerre, mais « il n'a pas passé une seule journée dans une zone de combat ».",shs.cairn.info,Unclear website,Out of context
98,F,"Il est affirmé que Tim Walz a dit avoir porté des armes pendant la guerre, mais « il n'a pas passé une seule journée dans une zone de combat ».",publications.gc.ca,Government / public institution,Out of context
98,F,"Il est affirmé que Tim Walz a dit avoir porté des armes pendant la guerre, mais « il n'a pas passé une seule journée dans une zone de combat ».",publications.gc.ca,Government / public institution,Out of context
98,F,"Il est affirmé que Tim Walz a dit avoir porté des armes pendant la guerre, mais « il n'a pas passé une seule journée dans une zone de combat ».",escholarship.org,Unclear website,Out of context
98,F,"Il est affirmé que Tim Walz a dit avoir porté des armes pendant la guerre, mais « il n'a pas passé une seule journée dans une zone de combat ».",theses.hal.science,Scientific source,Out of context
99,E,“Tim Walz signed into law driver’s licenses for illegal immigrants in Minnesota.”,hinson.house.gov,Government / public institution,Relevant
99,E,“Tim Walz signed into law driver’s licenses for illegal immigrants in Minnesota.”,oversight.house.gov,Government / public institution,Relevant
99,E,“Tim Walz signed into law driver’s licenses for illegal immigrants in Minnesota.”,axios.com,Journalistic source,Relevant
99,E,“Tim Walz signed into law driver’s licenses for illegal immigrants in Minnesota.”,pmc.ncbi.nlm.nih.gov,Government / public institution,Partially relevant
99,E,“Tim Walz signed into law driver’s licenses for illegal immigrants in Minnesota.”,americanimmigrationcoun...,Unclear website,Partially relevant
99,E,“Tim Walz signed into law driver’s licenses for illegal immigrants in Minnesota.”,cis.org,Unclear website,Relevant
99,E,“Tim Walz signed into law driver’s licenses for illegal immigrants in Minnesota.”,americanprogress.org,Unclear website,Out of context
99,E,“Tim Walz signed into law driver’s licenses for illegal immigrants in Minnesota.”,19thnews.org,Journalistic source,Partially relevant
99,E,“Tim Walz signed into law driver’s licenses for illegal immigrants in Minnesota.”,revisor.mn.gov,Government / public institution,Out of context
99,E,“Tim Walz signed into law driver’s licenses for illegal immigrants in Minnesota.”,researchonline.stthomas.edu...,Scientific source,Relevant
99,E,“Tim Walz signed into law driver’s licenses for illegal immigrants in Minnesota.”,mn.gov,Government / public institution,Out of context
99,E,“Tim Walz signed into law driver’s licenses for illegal immigrants in Minnesota.”,hhs.gov,Government / public institution,Out of context
99,E,“Tim Walz signed into law driver’s licenses for illegal immigrants in Minnesota.”,sahanjournal.com,Journalistic source,Partially relevant
99,E,“Tim Walz signed into law driver’s licenses for illegal immigrants in Minnesota.”,arxiv.org,Scientific source,Relevant
99,E,“Tim Walz signed into law driver’s licenses for illegal immigrants in Minnesota.”,nationofimmigrators.com...,Unclear website,Partially relevant
99,E,“Tim Walz signed into law driver’s licenses for illegal immigrants in Minnesota.”,mn.gov,Government / public institution,Relevant
99,E,“Tim Walz signed into law driver’s licenses for illegal immigrants in Minnesota.”,transportation.gov,Government / public institution,Partially relevant
99,E,“Tim Walz signed into law driver’s licenses for illegal immigrants in Minnesota.”,aclu-mn.org,Unclear website,Relevant
99,E,“Tim Walz signed into law driver’s licenses for illegal immigrants in Minnesota.”,sahanjournal.com,Journalistic source,Relevant
99,E,“Tim Walz signed into law driver’s licenses for illegal immigrants in Minnesota.”,mn.gov,Government / public institution,Partially relevant
99,E,“Tim Walz signed into law driver’s licenses for illegal immigrants in Minnesota.”,education.mn.gov,Government / public institution,Relevant
99,E,“Tim Walz signed into law driver’s licenses for illegal immigrants in Minnesota.”,revisor.mn.gov,Government / public institution,Partially relevant
100,F,« Tim Walz a signé une loi permettant aux immigrants sans statut légal d'obtenir un permis de conduire au Minnesota. »,factuel.afp.com,Unclear website,Relevant
100,F,« Tim Walz a signé une loi permettant aux immigrants sans statut légal d'obtenir un permis de conduire au Minnesota. »,newsguardtech.com,Unclear website,Out of context
100,F,« Tim Walz a signé une loi permettant aux immigrants sans statut légal d'obtenir un permis de conduire au Minnesota. »,fr.wikipedia.org,Intermediate media,Out of context
100,F,« Tim Walz a signé une loi permettant aux immigrants sans statut légal d'obtenir un permis de conduire au Minnesota. »,lapresse.ca,Journalistic source,Out of context
100,F,« Tim Walz a signé une loi permettant aux immigrants sans statut légal d'obtenir un permis de conduire au Minnesota. »,la-croix.com,Unclear website,Partially relevant
100,F,« Tim Walz a signé une loi permettant aux immigrants sans statut légal d'obtenir un permis de conduire au Minnesota. »,huffingtonpost.fr,Journalistic source,Out of context
100,F,« Tim Walz a signé une loi permettant aux immigrants sans statut légal d'obtenir un permis de conduire au Minnesota. »,lemonde.fr,Journalistic source,Partially relevant
100,F,« Tim Walz a signé une loi permettant aux immigrants sans statut légal d'obtenir un permis de conduire au Minnesota. »,qub.ca,Unclear website,Out of context
100,F,« Tim Walz a signé une loi permettant aux immigrants sans statut légal d'obtenir un permis de conduire au Minnesota. »,letemps.ch,Journalistic source,Out of context
100,F,« Tim Walz a signé une loi permettant aux immigrants sans statut légal d'obtenir un permis de conduire au Minnesota. »,lelaboratoiredelarepubl...,Unclear website,Out of context
100,F,« Tim Walz a signé une loi permettant aux immigrants sans statut légal d'obtenir un permis de conduire au Minnesota. »,svn.spraakdata.gu.se,Unclear website,Out of context
100,F,« Tim Walz a signé une loi permettant aux immigrants sans statut légal d'obtenir un permis de conduire au Minnesota. »,etats-unis-d-amerique.over-...,Unclear website,Out of context
100,F,« Tim Walz a signé une loi permettant aux immigrants sans statut légal d'obtenir un permis de conduire au Minnesota. »,alencontre.org,Unclear website,Partially relevant
100,F,« Tim Walz a signé une loi permettant aux immigrants sans statut légal d'obtenir un permis de conduire au Minnesota. »,lasuedeenkit.se,Unclear website,Out of context
101,E,"Eric Hovde “wants to repeal the Affordable Care Act, and kick millions off their health insurance.”",cbo.gov,Government / public institution,Partially relevant
101,E,"Eric Hovde “wants to repeal the Affordable Care Act, and kick millions off their health insurance.”",rand.org,Unclear website,Partially relevant
101,E,"Eric Hovde “wants to repeal the Affordable Care Act, and kick millions off their health insurance.”",pmc.ncbi.nlm.nih.gov,Government / public institution,Partially relevant
101,E,"Eric Hovde “wants to repeal the Affordable Care Act, and kick millions off their health insurance.”",pubmed.ncbi.nlm.nih.gov,Government / public institution,Partially relevant
101,E,"Eric Hovde “wants to repeal the Affordable Care Act, and kick millions off their health insurance.”",jsonline.com,Unclear website,Partially relevant
101,E,"Eric Hovde “wants to repeal the Affordable Care Act, and kick millions off their health insurance.”",kff.org,Unclear website,Partially relevant
101,E,"Eric Hovde “wants to repeal the Affordable Care Act, and kick millions off their health insurance.”",politifact.com,Journalistic source,Out of context
101,E,"Eric Hovde “wants to repeal the Affordable Care Act, and kick millions off their health insurance.”",politifact.com,Journalistic source,Out of context
101,E,"Eric Hovde “wants to repeal the Affordable Care Act, and kick millions off their health insurance.”",politifact.com,Journalistic source,Partially relevant
101,E,"Eric Hovde “wants to repeal the Affordable Care Act, and kick millions off their health insurance.”",politifact.com,Journalistic source,Relevant
101,E,"Eric Hovde “wants to repeal the Affordable Care Act, and kick millions off their health insurance.”",cbpp.org,Unclear website,Out of context
101,E,"Eric Hovde “wants to repeal the Affordable Care Act, and kick millions off their health insurance.”",insideclimatenews.org,Journalistic source,Partially relevant
101,E,"Eric Hovde “wants to repeal the Affordable Care Act, and kick millions off their health insurance.”",commonwealthfund.org,Unclear website,Partially relevant
101,E,"Eric Hovde “wants to repeal the Affordable Care Act, and kick millions off their health insurance.”",epi.org,Unclear website,Partially relevant
101,E,"Eric Hovde “wants to repeal the Affordable Care Act, and kick millions off their health insurance.”",hrc.org,Unclear website,Partially relevant
101,E,"Eric Hovde “wants to repeal the Affordable Care Act, and kick millions off their health insurance.”",wpr.org,Unclear website,Partially relevant
101,E,"Eric Hovde “wants to repeal the Affordable Care Act, and kick millions off their health insurance.”",americanprogress.org,Unclear website,Partially relevant
101,E,"Eric Hovde “wants to repeal the Affordable Care Act, and kick millions off their health insurance.”",wisconsinexaminer.com,Unclear website,Partially relevant
101,E,"Eric Hovde “wants to repeal the Affordable Care Act, and kick millions off their health insurance.”",retiredamericans.org,Unclear website,Partially relevant
101,E,"Eric Hovde “wants to repeal the Affordable Care Act, and kick millions off their health insurance.”",arnoldporter.com,Unclear website,Partially relevant
101,E,"Eric Hovde “wants to repeal the Affordable Care Act, and kick millions off their health insurance.”",sec.gov,Government / public institution,Out of context
101,E,"Eric Hovde “wants to repeal the Affordable Care Act, and kick millions off their health insurance.”",gaucherdisease.org,Unclear website,Partially relevant
101,E,"Eric Hovde “wants to repeal the Affordable Care Act, and kick millions off their health insurance.”",wisdems.org,Unclear website,Partially relevant
101,E,"Eric Hovde “wants to repeal the Affordable Care Act, and kick millions off their health insurance.”",guides.vote,Unclear website,Out of context
101,E,"Eric Hovde “wants to repeal the Affordable Care Act, and kick millions off their health insurance.”",captimes.com,Journalistic source,Out of context
102,F,Eric Hovde « veut abroger l'Affordable Care Act et retirer leur assurance maladie à des millions de personnes ».,fr.wikipedia.org,Intermediate media,Out of context
102,F,Eric Hovde « veut abroger l'Affordable Care Act et retirer leur assurance maladie à des millions de personnes ».,academia.edu,Scientific source,Out of context
102,F,Eric Hovde « veut abroger l'Affordable Care Act et retirer leur assurance maladie à des millions de personnes ».,lelive.free.fr,Unclear website,Out of context
102,F,Eric Hovde « veut abroger l'Affordable Care Act et retirer leur assurance maladie à des millions de personnes ».,cia.gov,Government / public institution,Out of context
103,E,Project 2025 would “end Head Start.”,npr.org,Journalistic source,Relevant
103,E,Project 2025 would “end Head Start.”,npr.org,Journalistic source,Relevant
103,E,Project 2025 would “end Head Start.”,pbs.org,Journalistic source,Relevant
103,E,Project 2025 would “end Head Start.”,cbpp.org,Unclear website,Relevant
103,E,Project 2025 would “end Head Start.”,newamerica.org,Unclear website,Relevant
103,E,Project 2025 would “end Head Start.”,hechingerreport.org,Unclear website,Relevant
103,E,Project 2025 would “end Head Start.”,calmatters.org,Unclear website,Relevant
103,E,Project 2025 would “end Head Start.”,edweek.org,Unclear website,Relevant
103,E,Project 2025 would “end Head Start.”,americanprogress.org,Unclear website,Relevant
103,E,Project 2025 would “end Head Start.”,19thnews.org,Journalistic source,Partially relevant
103,E,Project 2025 would “end Head Start.”,edsource.org,Unclear website,Relevant
103,E,Project 2025 would “end Head Start.”,nwlc.org,Unclear website,Relevant
103,E,Project 2025 would “end Head Start.”,nea.org,Unclear website,Relevant
103,E,Project 2025 would “end Head Start.”,thegravelygroup.com,Scientific source,Relevant
103,E,Project 2025 would “end Head Start.”,ffyf.org,Unclear website,Relevant
103,E,Project 2025 would “end Head Start.”,tminstituteldf.org,Unclear website,Relevant
103,E,Project 2025 would “end Head Start.”,educationnext.org,Unclear website,Relevant
103,E,Project 2025 would “end Head Start.”,headstart.gov,Government / public institution,Partially relevant
103,E,Project 2025 would “end Head Start.”,thepandemicfund.org,Unclear website,Out of context
103,E,Project 2025 would “end Head Start.”,democracyforward.org,Unclear website,Partially relevant
103,E,Project 2025 would “end Head Start.”,nwlc.org,Unclear website,Relevant
104,F,Le Projet 2025 « mettrait fin au programme Head Start ».,sciencedirect.com,Scientific source,Partially relevant
104,F,Le Projet 2025 « mettrait fin au programme Head Start ».,axl.cefan.ulaval.ca,Unclear website,Out of context
104,F,Le Projet 2025 « mettrait fin au programme Head Start ».,hal.science,Scientific source,Out of context
104,F,Le Projet 2025 « mettrait fin au programme Head Start ».,aswb.org,Unclear website,Out of context
104,F,Le Projet 2025 « mettrait fin au programme Head Start ».,agewell-epic.ca,Unclear website,Out of context
104,F,Le Projet 2025 « mettrait fin au programme Head Start ».,unesdoc.unesco.org,International organization,Partially relevant
104,F,Le Projet 2025 « mettrait fin au programme Head Start ».,unfccc.int,Unclear website,Out of context
104,F,Le Projet 2025 « mettrait fin au programme Head Start ».,unesdoc.unesco.org,International organization,Out of context
104,F,Le Projet 2025 « mettrait fin au programme Head Start ».,iom.int,International organization,Out of context
104,F,Le Projet 2025 « mettrait fin au programme Head Start ».,tropicalforestscoping.com,Unclear website,Out of context
104,F,Le Projet 2025 « mettrait fin au programme Head Start ».,unleashedbypurina.com,Unclear website,Partially relevant
104,F,Le Projet 2025 « mettrait fin au programme Head Start ».,montgomeryschoolsmd.org...,Unclear website,Partially relevant
104,F,Le Projet 2025 « mettrait fin au programme Head Start ».,careers.unesco.org,International organization,Partially relevant
104,F,Le Projet 2025 « mettrait fin au programme Head Start ».,iaac-aeic.gc.ca,Government / public institution,Relevant
104,F,Le Projet 2025 « mettrait fin au programme Head Start ».,creativeassociatesinter...,Unclear website,Relevant
104,F,Le Projet 2025 « mettrait fin au programme Head Start ».,alzheimersresearchuk.or...,Unclear website,Partially relevant
104,F,Le Projet 2025 « mettrait fin au programme Head Start ».,creativeassociatesinter...,Unclear website,Partially relevant
104,F,Le Projet 2025 « mettrait fin au programme Head Start ».,warner.senate.gov,Government / public institution,Partially relevant
104,F,Le Projet 2025 « mettrait fin au programme Head Start ».,drc.ngo,Unclear website,Partially relevant
104,F,Le Projet 2025 « mettrait fin au programme Head Start ».,africainvestmentforum.c...,Unclear website,Out of context
104,F,Le Projet 2025 « mettrait fin au programme Head Start ».,warner.senate.gov,Government / public institution,Partially relevant
104,F,Le Projet 2025 « mettrait fin au programme Head Start ».,elysee.fr,Unclear website,Partially relevant
104,F,Le Projet 2025 « mettrait fin au programme Head Start ».,unodc.org,International organization,Out of context
104,F,Le Projet 2025 « mettrait fin au programme Head Start ».,uil.unesco.org,International organization,Out of context
105,E,Black women in the U.S. are “three to four times more likely to die in connection with childbirth than other women.”,cdc.gov,Government / public institution,Out of context
105,E,Black women in the U.S. are “three to four times more likely to die in connection with childbirth than other women.”,cdc.gov,Government / public institution,Out of context
105,E,Black women in the U.S. are “three to four times more likely to die in connection with childbirth than other women.”,axios.com,Journalistic source,Out of context
105,E,Black women in the U.S. are “three to four times more likely to die in connection with childbirth than other women.”,pmc.ncbi.nlm.nih.gov,Government / public institution,Relevant
105,E,Black women in the U.S. are “three to four times more likely to die in connection with childbirth than other women.”,pmc.ncbi.nlm.nih.gov,Government / public institution,Out of context
105,E,Black women in the U.S. are “three to four times more likely to die in connection with childbirth than other women.”,pubmed.ncbi.nlm.nih.gov,Government / public institution,Out of context
105,E,Black women in the U.S. are “three to four times more likely to die in connection with childbirth than other women.”,pmc.ncbi.nlm.nih.gov,Government / public institution,Out of context
105,E,Black women in the U.S. are “three to four times more likely to die in connection with childbirth than other women.”,pmc.ncbi.nlm.nih.gov,Government / public institution,Partially relevant
105,E,Black women in the U.S. are “three to four times more likely to die in connection with childbirth than other women.”,pmc.ncbi.nlm.nih.gov,Government / public institution,Relevant
105,E,Black women in the U.S. are “three to four times more likely to die in connection with childbirth than other women.”,gao.gov,Government / public institution,Out of context
105,E,Black women in the U.S. are “three to four times more likely to die in connection with childbirth than other women.”,pbs.org,Journalistic source,Partially relevant
105,E,Black women in the U.S. are “three to four times more likely to die in connection with childbirth than other women.”,kff.org,Unclear website,Out of context
105,E,Black women in the U.S. are “three to four times more likely to die in connection with childbirth than other women.”,commonwealthfund.org,Unclear website,Out of context
105,E,Black women in the U.S. are “three to four times more likely to die in connection with childbirth than other women.”,commonwealthfund.org,Unclear website,Out of context
105,E,Black women in the U.S. are “three to four times more likely to die in connection with childbirth than other women.”,ajog.org,Unclear website,Out of context
105,E,Black women in the U.S. are “three to four times more likely to die in connection with childbirth than other women.”,policycentermmh.org,Unclear website,Out of context
105,E,Black women in the U.S. are “three to four times more likely to die in connection with childbirth than other women.”,academic.oup.com,Scientific source,Out of context
105,E,Black women in the U.S. are “three to four times more likely to die in connection with childbirth than other women.”,policycentermmh.org,Unclear website,Out of context
106,F,Les femmes noires aux États-Unis sont « trois à quatre fois plus susceptibles de mourir en lien avec l'accouchement que les autres femmes ».,stacks.cdc.gov,Government / public institution,Out of context
106,F,Les femmes noires aux États-Unis sont « trois à quatre fois plus susceptibles de mourir en lien avec l'accouchement que les autres femmes ».,paho.org,Unclear website,Out of context
106,F,Les femmes noires aux États-Unis sont « trois à quatre fois plus susceptibles de mourir en lien avec l'accouchement que les autres femmes ».,paho.org,Unclear website,Out of context
106,F,Les femmes noires aux États-Unis sont « trois à quatre fois plus susceptibles de mourir en lien avec l'accouchement que les autres femmes ».,thelancet.com,Scientific source,Out of context
106,F,Les femmes noires aux États-Unis sont « trois à quatre fois plus susceptibles de mourir en lien avec l'accouchement que les autres femmes ».,pmc.ncbi.nlm.nih.gov,Government / public institution,Out of context
106,F,Les femmes noires aux États-Unis sont « trois à quatre fois plus susceptibles de mourir en lien avec l'accouchement que les autres femmes ».,iris.who.int,International organization,Out of context
106,F,Les femmes noires aux États-Unis sont « trois à quatre fois plus susceptibles de mourir en lien avec l'accouchement que les autres femmes ».,afro.who.int,International organization,Out of context
106,F,Les femmes noires aux États-Unis sont « trois à quatre fois plus susceptibles de mourir en lien avec l'accouchement que les autres femmes ».,who.int,International organization,Out of context
106,F,Les femmes noires aux États-Unis sont « trois à quatre fois plus susceptibles de mourir en lien avec l'accouchement que les autres femmes ».,extranet.who.int,International organization,Out of context
106,F,Les femmes noires aux États-Unis sont « trois à quatre fois plus susceptibles de mourir en lien avec l'accouchement que les autres femmes ».,afro.who.int,International organization,Out of context
106,F,Les femmes noires aux États-Unis sont « trois à quatre fois plus susceptibles de mourir en lien avec l'accouchement que les autres femmes ».,afro.who.int,International organization,Out of context
106,F,Les femmes noires aux États-Unis sont « trois à quatre fois plus susceptibles de mourir en lien avec l'accouchement que les autres femmes ».,iris.who.int,International organization,Out of context
106,F,Les femmes noires aux États-Unis sont « trois à quatre fois plus susceptibles de mourir en lien avec l'accouchement que les autres femmes ».,data.unicef.org,International organization,Out of context
106,F,Les femmes noires aux États-Unis sont « trois à quatre fois plus susceptibles de mourir en lien avec l'accouchement que les autres femmes ».,unicef.org,International organization,Out of context
106,F,Les femmes noires aux États-Unis sont « trois à quatre fois plus susceptibles de mourir en lien avec l'accouchement que les autres femmes ».,odhd-mali.org,Unclear website,Out of context
106,F,Les femmes noires aux États-Unis sont « trois à quatre fois plus susceptibles de mourir en lien avec l'accouchement que les autres femmes ».,anr.fr,Unclear website,Out of context
106,F,Les femmes noires aux États-Unis sont « trois à quatre fois plus susceptibles de mourir en lien avec l'accouchement que les autres femmes ».,partenariatedifis.com,Unclear website,Out of context
106,F,Les femmes noires aux États-Unis sont « trois à quatre fois plus susceptibles de mourir en lien avec l'accouchement que les autres femmes ».,documents1.worldbank.org,International organization,Out of context
106,F,Les femmes noires aux États-Unis sont « trois à quatre fois plus susceptibles de mourir en lien avec l'accouchement que les autres femmes ».,publications.iom.int,International organization,Out of context
106,F,Les femmes noires aux États-Unis sont « trois à quatre fois plus susceptibles de mourir en lien avec l'accouchement que les autres femmes ».,archipel.uqam.ca,Unclear website,Out of context
106,F,Les femmes noires aux États-Unis sont « trois à quatre fois plus susceptibles de mourir en lien avec l'accouchement que les autres femmes ».,urofrance.org,Unclear website,Out of context
106,F,Les femmes noires aux États-Unis sont « trois à quatre fois plus susceptibles de mourir en lien avec l'accouchement que les autres femmes ».,unesdoc.unesco.org,International organization,Out of context
106,F,Les femmes noires aux États-Unis sont « trois à quatre fois plus susceptibles de mourir en lien avec l'accouchement que les autres femmes ».,info.gouv.fr,Unclear website,Out of context
106,F,Les femmes noires aux États-Unis sont « trois à quatre fois plus susceptibles de mourir en lien avec l'accouchement que les autres femmes ».,un.org,International organization,Out of context
106,F,Les femmes noires aux États-Unis sont « trois à quatre fois plus susceptibles de mourir en lien avec l'accouchement que les autres femmes ».,immigrantjustice.org,Unclear website,Out of context
106,F,Les femmes noires aux États-Unis sont « trois à quatre fois plus susceptibles de mourir en lien avec l'accouchement que les autres femmes ».,llli.org,Unclear website,Out of context
106,F,Les femmes noires aux États-Unis sont « trois à quatre fois plus susceptibles de mourir en lien avec l'accouchement que les autres femmes ».,sesricdiag.blob.core.window...,Unclear website,Out of context
106,F,Les femmes noires aux États-Unis sont « trois à quatre fois plus susceptibles de mourir en lien avec l'accouchement que les autres femmes ».,naturalwomanhood.org,Unclear website,Out of context
106,F,Les femmes noires aux États-Unis sont « trois à quatre fois plus susceptibles de mourir en lien avec l'accouchement que les autres femmes ».,globalnutritionreport.org,Unclear website,Out of context
106,F,Les femmes noires aux États-Unis sont « trois à quatre fois plus susceptibles de mourir en lien avec l'accouchement que les autres femmes ».,unfpa.org,Unclear website,Partially relevant
106,F,Les femmes noires aux États-Unis sont « trois à quatre fois plus susceptibles de mourir en lien avec l'accouchement que les autres femmes ».,hlpf.un.org,International organization,Out of context
106,F,Les femmes noires aux États-Unis sont « trois à quatre fois plus susceptibles de mourir en lien avec l'accouchement que les autres femmes ».,ohchr.org,Unclear website,Out of context
106,F,Les femmes noires aux États-Unis sont « trois à quatre fois plus susceptibles de mourir en lien avec l'accouchement que les autres femmes ».,acerwc.africa,Unclear website,Out of context
106,F,Les femmes noires aux États-Unis sont « trois à quatre fois plus susceptibles de mourir en lien avec l'accouchement que les autres femmes ».,sadc.int,Unclear website,Out of context
106,F,Les femmes noires aux États-Unis sont « trois à quatre fois plus susceptibles de mourir en lien avec l'accouchement que les autres femmes ».,fhi360.org,Unclear website,Out of context
106,F,Les femmes noires aux États-Unis sont « trois à quatre fois plus susceptibles de mourir en lien avec l'accouchement que les autres femmes ».,unesdoc.unesco.org,International organization,Out of context
106,F,Les femmes noires aux États-Unis sont « trois à quatre fois plus susceptibles de mourir en lien avec l'accouchement que les autres femmes ».,iccp-portal.org,Unclear website,Out of context
106,F,Les femmes noires aux États-Unis sont « trois à quatre fois plus susceptibles de mourir en lien avec l'accouchement que les autres femmes ».,globalnutritionreport.org,Unclear website,Out of context
106,F,Les femmes noires aux États-Unis sont « trois à quatre fois plus susceptibles de mourir en lien avec l'accouchement que les autres femmes ».,fip.org,Unclear website,Out of context
106,F,Les femmes noires aux États-Unis sont « trois à quatre fois plus susceptibles de mourir en lien avec l'accouchement que les autres femmes ».,unisdr.org,Unclear website,Out of context
106,F,Les femmes noires aux États-Unis sont « trois à quatre fois plus susceptibles de mourir en lien avec l'accouchement que les autres femmes ».,documents1.worldbank.org,International organization,Out of context
106,F,Les femmes noires aux États-Unis sont « trois à quatre fois plus susceptibles de mourir en lien avec l'accouchement que les autres femmes ».,digitallibrary.un.org,International organization,Out of context
106,F,Les femmes noires aux États-Unis sont « trois à quatre fois plus susceptibles de mourir en lien avec l'accouchement que les autres femmes ».,fra.europa.eu,International organization,Out of context
106,F,Les femmes noires aux États-Unis sont « trois à quatre fois plus susceptibles de mourir en lien avec l'accouchement que les autres femmes ».,undp.org,International organization,Out of context
106,F,Les femmes noires aux États-Unis sont « trois à quatre fois plus susceptibles de mourir en lien avec l'accouchement que les autres femmes ».,unesdoc.unesco.org,International organization,Out of context
106,F,Les femmes noires aux États-Unis sont « trois à quatre fois plus susceptibles de mourir en lien avec l'accouchement que les autres femmes ».,ilo.org,International organization,Out of context
106,F,Les femmes noires aux États-Unis sont « trois à quatre fois plus susceptibles de mourir en lien avec l'accouchement que les autres femmes ».,theses.hal.science,Scientific source,Out of context
106,F,Les femmes noires aux États-Unis sont « trois à quatre fois plus susceptibles de mourir en lien avec l'accouchement que les autres femmes ».,unesdoc.unesco.org,International organization,Out of context
106,F,Les femmes noires aux États-Unis sont « trois à quatre fois plus susceptibles de mourir en lien avec l'accouchement que les autres femmes ».,idrc-crdi.ca,Unclear website,Out of context
106,F,Les femmes noires aux États-Unis sont « trois à quatre fois plus susceptibles de mourir en lien avec l'accouchement que les autres femmes ».,unfpa.org,Unclear website,Out of context
106,F,Les femmes noires aux États-Unis sont « trois à quatre fois plus susceptibles de mourir en lien avec l'accouchement que les autres femmes ».,endocrine.org,Unclear website,Out of context
106,F,Les femmes noires aux États-Unis sont « trois à quatre fois plus susceptibles de mourir en lien avec l'accouchement que les autres femmes ».,au.int,Unclear website,Out of context
107,E,"Kamala Harris “co-sponsored, fully sponsored” the Green New Deal.",congress.gov,Government / public institution,Relevant
107,E,"Kamala Harris “co-sponsored, fully sponsored” the Green New Deal.",crenshaw.house.gov,Government / public institution,Relevant
107,E,"Kamala Harris “co-sponsored, fully sponsored” the Green New Deal.",politifact.com,Journalistic source,Relevant
107,E,"Kamala Harris “co-sponsored, fully sponsored” the Green New Deal.",insideclimatenews.org,Journalistic source,Relevant
107,E,"Kamala Harris “co-sponsored, fully sponsored” the Green New Deal.",time.com,Journalistic source,Relevant
107,E,"Kamala Harris “co-sponsored, fully sponsored” the Green New Deal.",ctmirror.org,Journalistic source,Relevant
107,E,"Kamala Harris “co-sponsored, fully sponsored” the Green New Deal.",abcnews.com,Journalistic source,Relevant
107,E,"Kamala Harris “co-sponsored, fully sponsored” the Green New Deal.",whyy.org,Unclear website,Relevant
107,E,"Kamala Harris “co-sponsored, fully sponsored” the Green New Deal.",markey.senate.gov,Government / public institution,Relevant
107,E,"Kamala Harris “co-sponsored, fully sponsored” the Green New Deal.",eenews.net,Journalistic source,Partially relevant
108,F,Kamala Harris a « coparrainé et entièrement parrainé » le Green New Deal.,fr.wikipedia.org,Intermediate media,Relevant
108,F,Kamala Harris a « coparrainé et entièrement parrainé » le Green New Deal.,lanouvellerepublique.fr...,Unclear website,Out of context
108,F,Kamala Harris a « coparrainé et entièrement parrainé » le Green New Deal.,haitiantimes.com,Journalistic source,Relevant
108,F,Kamala Harris a « coparrainé et entièrement parrainé » le Green New Deal.,lagrandeconversation.co...,Unclear website,Partially relevant
108,F,Kamala Harris a « coparrainé et entièrement parrainé » le Green New Deal.,archipel.uqam.ca,Unclear website,Out of context
108,F,Kamala Harris a « coparrainé et entièrement parrainé » le Green New Deal.,jean-jaures.org,Unclear website,Relevant
108,F,Kamala Harris a « coparrainé et entièrement parrainé » le Green New Deal.,monacodc.org,Unclear website,Partially relevant
108,F,Kamala Harris a « coparrainé et entièrement parrainé » le Green New Deal.,imazpress.com,Journalistic source,Relevant
108,F,Kamala Harris a « coparrainé et entièrement parrainé » le Green New Deal.,rts.ch,Unclear website,Relevant
108,F,Kamala Harris a « coparrainé et entièrement parrainé » le Green New Deal.,institutmontaigne.org,Unclear website,Partially relevant
109,E,“Under (the Biden) administration we have witnessed the fastest growth of Black-owned small businesses in more than 30 years.”,pewresearch.org,Scientific source,Out of context
109,E,“Under (the Biden) administration we have witnessed the fastest growth of Black-owned small businesses in more than 30 years.”,pewresearch.org,Scientific source,Out of context
109,E,“Under (the Biden) administration we have witnessed the fastest growth of Black-owned small businesses in more than 30 years.”,jsonline.com,Unclear website,Relevant
109,E,“Under (the Biden) administration we have witnessed the fastest growth of Black-owned small businesses in more than 30 years.”,brookings.edu,Scientific source,Partially relevant
109,E,“Under (the Biden) administration we have witnessed the fastest growth of Black-owned small businesses in more than 30 years.”,brookings.edu,Scientific source,Partially relevant
109,E,“Under (the Biden) administration we have witnessed the fastest growth of Black-owned small businesses in more than 30 years.”,brookings.edu,Scientific source,Partially relevant
109,E,“Under (the Biden) administration we have witnessed the fastest growth of Black-owned small businesses in more than 30 years.”,migrationpolicy.org,Unclear website,Out of context
109,E,“Under (the Biden) administration we have witnessed the fastest growth of Black-owned small businesses in more than 30 years.”,americanprogress.org,Unclear website,Partially relevant
109,E,“Under (the Biden) administration we have witnessed the fastest growth of Black-owned small businesses in more than 30 years.”,americanprogress.org,Unclear website,Partially relevant
109,E,“Under (the Biden) administration we have witnessed the fastest growth of Black-owned small businesses in more than 30 years.”,whyy.org,Unclear website,Partially relevant
109,E,“Under (the Biden) administration we have witnessed the fastest growth of Black-owned small businesses in more than 30 years.”,census.gov,Government / public institution,Out of context
109,E,“Under (the Biden) administration we have witnessed the fastest growth of Black-owned small businesses in more than 30 years.”,census.gov,Government / public institution,Out of context
109,E,“Under (the Biden) administration we have witnessed the fastest growth of Black-owned small businesses in more than 30 years.”,census.gov,Government / public institution,Out of context
109,E,“Under (the Biden) administration we have witnessed the fastest growth of Black-owned small businesses in more than 30 years.”,data.census.gov,Government / public institution,Out of context
109,E,“Under (the Biden) administration we have witnessed the fastest growth of Black-owned small businesses in more than 30 years.”,census.gov,Government / public institution,Out of context
109,E,“Under (the Biden) administration we have witnessed the fastest growth of Black-owned small businesses in more than 30 years.”,census.gov,Government / public institution,Out of context
109,E,“Under (the Biden) administration we have witnessed the fastest growth of Black-owned small businesses in more than 30 years.”,census.gov,Government / public institution,Out of context
109,E,“Under (the Biden) administration we have witnessed the fastest growth of Black-owned small businesses in more than 30 years.”,census.gov,Government / public institution,Out of context
109,E,“Under (the Biden) administration we have witnessed the fastest growth of Black-owned small businesses in more than 30 years.”,bls.gov,Government / public institution,Out of context
109,E,“Under (the Biden) administration we have witnessed the fastest growth of Black-owned small businesses in more than 30 years.”,census.gov,Government / public institution,Out of context
109,E,“Under (the Biden) administration we have witnessed the fastest growth of Black-owned small businesses in more than 30 years.”,lehd.ces.census.gov,Government / public institution,Out of context
109,E,“Under (the Biden) administration we have witnessed the fastest growth of Black-owned small businesses in more than 30 years.”,bea.gov,Government / public institution,Out of context
109,E,“Under (the Biden) administration we have witnessed the fastest growth of Black-owned small businesses in more than 30 years.”,www2.census.gov,Government / public institution,Out of context
109,E,“Under (the Biden) administration we have witnessed the fastest growth of Black-owned small businesses in more than 30 years.”,census.gov,Government / public institution,Out of context
109,E,“Under (the Biden) administration we have witnessed the fastest growth of Black-owned small businesses in more than 30 years.”,census.gov,Government / public institution,Out of context
109,E,“Under (the Biden) administration we have witnessed the fastest growth of Black-owned small businesses in more than 30 years.”,mbda.gov,Government / public institution,Out of context
109,E,“Under (the Biden) administration we have witnessed the fastest growth of Black-owned small businesses in more than 30 years.”,tandfonline.com,Scientific source,Out of context
109,E,“Under (the Biden) administration we have witnessed the fastest growth of Black-owned small businesses in more than 30 years.”,sba.gov,Government / public institution,Partially relevant
109,E,“Under (the Biden) administration we have witnessed the fastest growth of Black-owned small businesses in more than 30 years.”,drexel.edu,Scientific source,Out of context
109,E,“Under (the Biden) administration we have witnessed the fastest growth of Black-owned small businesses in more than 30 years.”,legacy.sba.gov,Government / public institution,Out of context
109,E,“Under (the Biden) administration we have witnessed the fastest growth of Black-owned small businesses in more than 30 years.”,federalregister.gov,Government / public institution,Out of context
109,E,“Under (the Biden) administration we have witnessed the fastest growth of Black-owned small businesses in more than 30 years.”,legacy.sba.gov,Government / public institution,Out of context
109,E,“Under (the Biden) administration we have witnessed the fastest growth of Black-owned small businesses in more than 30 years.”,legacy.sba.gov,Government / public institution,Partially relevant
109,E,“Under (the Biden) administration we have witnessed the fastest growth of Black-owned small businesses in more than 30 years.”,home.treasury.gov,Government / public institution,Out of context
109,E,“Under (the Biden) administration we have witnessed the fastest growth of Black-owned small businesses in more than 30 years.”,presidency.ucsb.edu,Scientific source,Partially relevant
109,E,“Under (the Biden) administration we have witnessed the fastest growth of Black-owned small businesses in more than 30 years.”,sba.gov,Government / public institution,Relevant
109,E,“Under (the Biden) administration we have witnessed the fastest growth of Black-owned small businesses in more than 30 years.”,bidenwhitehouse.archives.go...,Unclear website,Relevant
109,E,“Under (the Biden) administration we have witnessed the fastest growth of Black-owned small businesses in more than 30 years.”,presidency.ucsb.edu,Scientific source,Relevant
110,F,"« Sous l'administration Biden, nous avons connu la croissance la plus rapide des petites entreprises appartenant à des Noirs en plus de 30 ans. »",housingfinanceafrica.org,Unclear website,Out of context
110,F,"« Sous l'administration Biden, nous avons connu la croissance la plus rapide des petites entreprises appartenant à des Noirs en plus de 30 ans. »",unfccc.int,Unclear website,Out of context
110,F,"« Sous l'administration Biden, nous avons connu la croissance la plus rapide des petites entreprises appartenant à des Noirs en plus de 30 ans. »",hi.org,Unclear website,Out of context
110,F,"« Sous l'administration Biden, nous avons connu la croissance la plus rapide des petites entreprises appartenant à des Noirs en plus de 30 ans. »",elibrary.imf.org,International organization,Out of context
110,F,"« Sous l'administration Biden, nous avons connu la croissance la plus rapide des petites entreprises appartenant à des Noirs en plus de 30 ans. »",theses.hal.science,Scientific source,Out of context
110,F,"« Sous l'administration Biden, nous avons connu la croissance la plus rapide des petites entreprises appartenant à des Noirs en plus de 30 ans. »",elastec.com,Unclear website,Out of context
110,F,"« Sous l'administration Biden, nous avons connu la croissance la plus rapide des petites entreprises appartenant à des Noirs en plus de 30 ans. »",unhabitat.org,Unclear website,Out of context
110,F,"« Sous l'administration Biden, nous avons connu la croissance la plus rapide des petites entreprises appartenant à des Noirs en plus de 30 ans. »",theses.hal.science,Scientific source,Out of context
110,F,"« Sous l'administration Biden, nous avons connu la croissance la plus rapide des petites entreprises appartenant à des Noirs en plus de 30 ans. »",meco.gouvernement.lu,Unclear website,Out of context
110,F,"« Sous l'administration Biden, nous avons connu la croissance la plus rapide des petites entreprises appartenant à des Noirs en plus de 30 ans. »",strategie-plan.gouv.fr,Unclear website,Out of context
110,F,"« Sous l'administration Biden, nous avons connu la croissance la plus rapide des petites entreprises appartenant à des Noirs en plus de 30 ans. »",oecd.org,International organization,Out of context
110,F,"« Sous l'administration Biden, nous avons connu la croissance la plus rapide des petites entreprises appartenant à des Noirs en plus de 30 ans. »",gouvernement.lu,Unclear website,Out of context
110,F,"« Sous l'administration Biden, nous avons connu la croissance la plus rapide des petites entreprises appartenant à des Noirs en plus de 30 ans. »",assemblee-nationale.fr,Government / public institution,Out of context
110,F,"« Sous l'administration Biden, nous avons connu la croissance la plus rapide des petites entreprises appartenant à des Noirs en plus de 30 ans. »",seco.admin.ch,Unclear website,Out of context
110,F,"« Sous l'administration Biden, nous avons connu la croissance la plus rapide des petites entreprises appartenant à des Noirs en plus de 30 ans. »",ccomptes.fr,Unclear website,Out of context
110,F,"« Sous l'administration Biden, nous avons connu la croissance la plus rapide des petites entreprises appartenant à des Noirs en plus de 30 ans. »",ccomptes.fr,Unclear website,Out of context
110,F,"« Sous l'administration Biden, nous avons connu la croissance la plus rapide des petites entreprises appartenant à des Noirs en plus de 30 ans. »",unctad.org,Unclear website,Out of context
110,F,"« Sous l'administration Biden, nous avons connu la croissance la plus rapide des petites entreprises appartenant à des Noirs en plus de 30 ans. »",rcaanc-cirnac.gc.ca,Government / public institution,Out of context
110,F,"« Sous l'administration Biden, nous avons connu la croissance la plus rapide des petites entreprises appartenant à des Noirs en plus de 30 ans. »",strategie-plan.gouv.fr,Unclear website,Out of context
110,F,"« Sous l'administration Biden, nous avons connu la croissance la plus rapide des petites entreprises appartenant à des Noirs en plus de 30 ans. »",normlex.ilo.org,International organization,Out of context
110,F,"« Sous l'administration Biden, nous avons connu la croissance la plus rapide des petites entreprises appartenant à des Noirs en plus de 30 ans. »",ressources-naturelles.canad...,Unclear website,Out of context
110,F,"« Sous l'administration Biden, nous avons connu la croissance la plus rapide des petites entreprises appartenant à des Noirs en plus de 30 ans. »",eur-lex.europa.eu,International organization,Out of context
110,F,"« Sous l'administration Biden, nous avons connu la croissance la plus rapide des petites entreprises appartenant à des Noirs en plus de 30 ans. »",banquemondiale.org,Unclear website,Out of context
110,F,"« Sous l'administration Biden, nous avons connu la croissance la plus rapide des petites entreprises appartenant à des Noirs en plus de 30 ans. »",leem.org,Unclear website,Out of context
110,F,"« Sous l'administration Biden, nous avons connu la croissance la plus rapide des petites entreprises appartenant à des Noirs en plus de 30 ans. »",senat.fr,Unclear website,Out of context
110,F,"« Sous l'administration Biden, nous avons connu la croissance la plus rapide des petites entreprises appartenant à des Noirs en plus de 30 ans. »",xochipelli.fr,Unclear website,Out of context
110,F,"« Sous l'administration Biden, nous avons connu la croissance la plus rapide des petites entreprises appartenant à des Noirs en plus de 30 ans. »",unesdoc.unesco.org,International organization,Out of context
110,F,"« Sous l'administration Biden, nous avons connu la croissance la plus rapide des petites entreprises appartenant à des Noirs en plus de 30 ans. »",dokumen.pub,Unclear website,Out of context
110,F,"« Sous l'administration Biden, nous avons connu la croissance la plus rapide des petites entreprises appartenant à des Noirs en plus de 30 ans. »",editorialescientifica.it,Unclear website,Out of context
110,F,"« Sous l'administration Biden, nous avons connu la croissance la plus rapide des petites entreprises appartenant à des Noirs en plus de 30 ans. »",numerique.banq.qc.ca,Unclear website,Partially relevant
110,F,"« Sous l'administration Biden, nous avons connu la croissance la plus rapide des petites entreprises appartenant à des Noirs en plus de 30 ans. »",assemblee-nationale.fr,Government / public institution,Out of context
111,E,Wisconsin had a “record-breaking year” for tourism in 2023.,wpr.org,Unclear website,Relevant
111,E,Wisconsin had a “record-breaking year” for tourism in 2023.,wpr.org,Unclear website,Relevant
111,E,Wisconsin had a “record-breaking year” for tourism in 2023.,wisconsinindependent.com,Unclear website,Relevant
111,E,Wisconsin had a “record-breaking year” for tourism in 2023.,content.govdelivery.com,Government / public institution,Relevant
111,E,Wisconsin had a “record-breaking year” for tourism in 2023.,volumeone.org,Unclear website,Relevant
111,E,Wisconsin had a “record-breaking year” for tourism in 2023.,industry.travelwisconsin.co...,Unclear website,Relevant
111,E,Wisconsin had a “record-breaking year” for tourism in 2023.,stevenspointarea.com,Unclear website,Relevant
111,E,Wisconsin had a “record-breaking year” for tourism in 2023.,business.menomoniechamber.o...,Unclear website,Relevant
111,E,Wisconsin had a “record-breaking year” for tourism in 2023.,stevenspointarea.com,Unclear website,Relevant
111,E,Wisconsin had a “record-breaking year” for tourism in 2023.,content.govdelivery.com,Government / public institution,Relevant
111,E,Wisconsin had a “record-breaking year” for tourism in 2023.,captimes.com,Journalistic source,Relevant
111,E,Wisconsin had a “record-breaking year” for tourism in 2023.,tourismfederationofwi.org,Unclear website,Relevant
111,E,Wisconsin had a “record-breaking year” for tourism in 2023.,volumeone.org,Unclear website,Relevant
111,E,Wisconsin had a “record-breaking year” for tourism in 2023.,industry.travelwisconsin.co...,Unclear website,Relevant
111,E,Wisconsin had a “record-breaking year” for tourism in 2023.,doa.wi.gov,Government / public institution,Relevant
111,E,Wisconsin had a “record-breaking year” for tourism in 2023.,docs.legis.wisconsin.gov,Government / public institution,Relevant
111,E,Wisconsin had a “record-breaking year” for tourism in 2023.,nfib.com,Unclear website,Relevant
112,F,Le Wisconsin a connu une « année touristique record » en 2023.,fr.wikipedia.org,Intermediate media,Out of context
112,F,Le Wisconsin a connu une « année touristique record » en 2023.,fr.wikipedia.org,Intermediate media,Out of context
112,F,Le Wisconsin a connu une « année touristique record » en 2023.,fr.wikipedia.org,Intermediate media,Partially relevant
112,F,Le Wisconsin a connu une « année touristique record » en 2023.,fr.wikipedia.org,Intermediate media,Out of context
112,F,Le Wisconsin a connu une « année touristique record » en 2023.,20minutes.fr,Unclear website,Partially relevant
112,F,Le Wisconsin a connu une « année touristique record » en 2023.,dumas.ccsd.cnrs.fr,Unclear website,Partially relevant
112,F,Le Wisconsin a connu une « année touristique record » en 2023.,mrclotbiniere.org,Unclear website,Out of context
112,F,Le Wisconsin a connu une « année touristique record » en 2023.,mae.gouvernement.lu,Unclear website,Out of context
112,F,Le Wisconsin a connu une « année touristique record » en 2023.,journals.openedition.org,Unclear website,Out of context
112,F,Le Wisconsin a connu une « année touristique record » en 2023.,vcda.afdb.org,Unclear website,Out of context
112,F,Le Wisconsin a connu une « année touristique record » en 2023.,innovationmaritime.ca,Unclear website,Out of context
112,F,Le Wisconsin a connu une « année touristique record » en 2023.,theses.hal.science,Scientific source,Out of context
112,F,Le Wisconsin a connu une « année touristique record » en 2023.,canada.ca,Government / public institution,Out of context
112,F,Le Wisconsin a connu une « année touristique record » en 2023.,canada.ca,Government / public institution,Out of context
112,F,Le Wisconsin a connu une « année touristique record » en 2023.,virgule.lu,Unclear website,Out of context
112,F,Le Wisconsin a connu une « année touristique record » en 2023.,hevs.ch,Unclear website,Out of context
112,F,Le Wisconsin a connu une « année touristique record » en 2023.,bafu.admin.ch,Unclear website,Out of context
112,F,Le Wisconsin a connu une « année touristique record » en 2023.,canada.ca,Government / public institution,Out of context
112,F,Le Wisconsin a connu une « année touristique record » en 2023.,journals.openedition.org,Unclear website,Out of context
112,F,Le Wisconsin a connu une « année touristique record » en 2023.,abitibi-temiscamingue.org,Unclear website,Out of context
112,F,Le Wisconsin a connu une « année touristique record » en 2023.,canada.ca,Government / public institution,Partially relevant
113,E,"Under federal law, former President Donald Trump’s “felony convictions mean he can no longer possess guns.”",npr.org,Journalistic source,Out of context
113,E,"Under federal law, former President Donald Trump’s “felony convictions mean he can no longer possess guns.”",congress.gov,Government / public institution,Out of context
113,E,"Under federal law, former President Donald Trump’s “felony convictions mean he can no longer possess guns.”",congress.gov,Government / public institution,Out of context
113,E,"Under federal law, former President Donald Trump’s “felony convictions mean he can no longer possess guns.”",congress.gov,Government / public institution,Out of context
113,E,"Under federal law, former President Donald Trump’s “felony convictions mean he can no longer possess guns.”",scotusblog.com,Unclear website,Out of context
113,E,"Under federal law, former President Donald Trump’s “felony convictions mean he can no longer possess guns.”",nytimes.com,Journalistic source,Out of context
113,E,"Under federal law, former President Donald Trump’s “felony convictions mean he can no longer possess guns.”",americanimmigrationcoun...,Unclear website,Out of context
113,E,"Under federal law, former President Donald Trump’s “felony convictions mean he can no longer possess guns.”",brennancenter.org,Unclear website,Out of context
113,E,"Under federal law, former President Donald Trump’s “felony convictions mean he can no longer possess guns.”",brennancenter.org,Unclear website,Out of context
113,E,"Under federal law, former President Donald Trump’s “felony convictions mean he can no longer possess guns.”",wtap.com,Unclear website,Out of context
113,E,"Under federal law, former President Donald Trump’s “felony convictions mean he can no longer possess guns.”",aclu.org,Unclear website,Out of context
113,E,"Under federal law, former President Donald Trump’s “felony convictions mean he can no longer possess guns.”",police1.com,Unclear website,Out of context
113,E,"Under federal law, former President Donald Trump’s “felony convictions mean he can no longer possess guns.”",police1.com,Unclear website,Out of context
113,E,"Under federal law, former President Donald Trump’s “felony convictions mean he can no longer possess guns.”",americanprogress.org,Unclear website,Out of context
113,E,"Under federal law, former President Donald Trump’s “felony convictions mean he can no longer possess guns.”",americanprogress.org,Unclear website,Out of context
113,E,"Under federal law, former President Donald Trump’s “felony convictions mean he can no longer possess guns.”",houstonpublicmedia.org,Unclear website,Partially relevant
113,E,"Under federal law, former President Donald Trump’s “felony convictions mean he can no longer possess guns.”",justice.gov,Government / public institution,Out of context
113,E,"Under federal law, former President Donald Trump’s “felony convictions mean he can no longer possess guns.”",justice.gov,Government / public institution,Out of context
113,E,"Under federal law, former President Donald Trump’s “felony convictions mean he can no longer possess guns.”",dhs.gov,Government / public institution,Out of context
113,E,"Under federal law, former President Donald Trump’s “felony convictions mean he can no longer possess guns.”",revisor.mo.gov,Government / public institution,Out of context
113,E,"Under federal law, former President Donald Trump’s “felony convictions mean he can no longer possess guns.”",guides.sll.texas.gov,Government / public institution,Partially relevant
113,E,"Under federal law, former President Donald Trump’s “felony convictions mean he can no longer possess guns.”",giffords.org,Unclear website,Out of context
113,E,"Under federal law, former President Donald Trump’s “felony convictions mean he can no longer possess guns.”",justice.gov,Government / public institution,Out of context
113,E,"Under federal law, former President Donald Trump’s “felony convictions mean he can no longer possess guns.”",atf.gov,Government / public institution,Out of context
113,E,"Under federal law, former President Donald Trump’s “felony convictions mean he can no longer possess guns.”",sll.texas.gov,Government / public institution,Partially relevant
113,E,"Under federal law, former President Donald Trump’s “felony convictions mean he can no longer possess guns.”",cga.ct.gov,Government / public institution,Out of context
113,E,"Under federal law, former President Donald Trump’s “felony convictions mean he can no longer possess guns.”",cbi.colorado.gov,Government / public institution,Out of context
113,E,"Under federal law, former President Donald Trump’s “felony convictions mean he can no longer possess guns.”",ohiobar.org,Unclear website,Partially relevant
113,E,"Under federal law, former President Donald Trump’s “felony convictions mean he can no longer possess guns.”",nilc.org,Unclear website,Out of context
113,E,"Under federal law, former President Donald Trump’s “felony convictions mean he can no longer possess guns.”",supremecourt.gov,Government / public institution,Out of context
113,E,"Under federal law, former President Donald Trump’s “felony convictions mean he can no longer possess guns.”",justice.gov,Government / public institution,Out of context
114,F,"En vertu de la loi fédérale, les « condamnations pour crimes » de l'ancien président Donald Trump signifient qu'il ne peut plus posséder d'armes à feu.",rsf.org,Unclear website,Out of context
114,F,"En vertu de la loi fédérale, les « condamnations pour crimes » de l'ancien président Donald Trump signifient qu'il ne peut plus posséder d'armes à feu.",amnesty.org,Unclear website,Out of context
114,F,"En vertu de la loi fédérale, les « condamnations pour crimes » de l'ancien président Donald Trump signifient qu'il ne peut plus posséder d'armes à feu.",dumas.ccsd.cnrs.fr,Unclear website,Out of context
114,F,"En vertu de la loi fédérale, les « condamnations pour crimes » de l'ancien président Donald Trump signifient qu'il ne peut plus posséder d'armes à feu.",spvm.qc.ca,Unclear website,Out of context
114,F,"En vertu de la loi fédérale, les « condamnations pour crimes » de l'ancien président Donald Trump signifient qu'il ne peut plus posséder d'armes à feu.",cgtsa.com,Unclear website,Out of context
114,F,"En vertu de la loi fédérale, les « condamnations pour crimes » de l'ancien président Donald Trump signifient qu'il ne peut plus posséder d'armes à feu.",scholar.lib.vt.edu,Scientific source,Out of context
114,F,"En vertu de la loi fédérale, les « condamnations pour crimes » de l'ancien président Donald Trump signifient qu'il ne peut plus posséder d'armes à feu.",gip-recherche-justice.fr...,Unclear website,Out of context
114,F,"En vertu de la loi fédérale, les « condamnations pour crimes » de l'ancien président Donald Trump signifient qu'il ne peut plus posséder d'armes à feu.",publications.gc.ca,Government / public institution,Out of context
114,F,"En vertu de la loi fédérale, les « condamnations pour crimes » de l'ancien président Donald Trump signifient qu'il ne peut plus posséder d'armes à feu.",cartercentee50c07c05.blob.c...,Unclear website,Out of context
114,F,"En vertu de la loi fédérale, les « condamnations pour crimes » de l'ancien président Donald Trump signifient qu'il ne peut plus posséder d'armes à feu.",svn.spraakdata.gu.se,Unclear website,Out of context
114,F,"En vertu de la loi fédérale, les « condamnations pour crimes » de l'ancien président Donald Trump signifient qu'il ne peut plus posséder d'armes à feu.",theses.hal.science,Scientific source,Out of context
114,F,"En vertu de la loi fédérale, les « condamnations pour crimes » de l'ancien président Donald Trump signifient qu'il ne peut plus posséder d'armes à feu.",applis.univ-tours.fr,Unclear website,Out of context
114,F,"En vertu de la loi fédérale, les « condamnations pour crimes » de l'ancien président Donald Trump signifient qu'il ne peut plus posséder d'armes à feu.",sencanada.ca,Government / public institution,Out of context
114,F,"En vertu de la loi fédérale, les « condamnations pour crimes » de l'ancien président Donald Trump signifient qu'il ne peut plus posséder d'armes à feu.",cbsa-asfc.gc.ca,Government / public institution,Out of context
114,F,"En vertu de la loi fédérale, les « condamnations pour crimes » de l'ancien président Donald Trump signifient qu'il ne peut plus posséder d'armes à feu.",worldcoalition.org,Unclear website,Out of context
114,F,"En vertu de la loi fédérale, les « condamnations pour crimes » de l'ancien président Donald Trump signifient qu'il ne peut plus posséder d'armes à feu.",icj-cij.org,Unclear website,Out of context
114,F,"En vertu de la loi fédérale, les « condamnations pour crimes » de l'ancien président Donald Trump signifient qu'il ne peut plus posséder d'armes à feu.",theses.hal.science,Scientific source,Out of context
114,F,"En vertu de la loi fédérale, les « condamnations pour crimes » de l'ancien président Donald Trump signifient qu'il ne peut plus posséder d'armes à feu.",mfa.gov.ir,Government / public institution,Out of context
114,F,"En vertu de la loi fédérale, les « condamnations pour crimes » de l'ancien président Donald Trump signifient qu'il ne peut plus posséder d'armes à feu.",press.un.org,International organization,Out of context
114,F,"En vertu de la loi fédérale, les « condamnations pour crimes » de l'ancien président Donald Trump signifient qu'il ne peut plus posséder d'armes à feu.",theses.hal.science,Scientific source,Out of context
114,F,"En vertu de la loi fédérale, les « condamnations pour crimes » de l'ancien président Donald Trump signifient qu'il ne peut plus posséder d'armes à feu.",senat.fr,Unclear website,Out of context
114,F,"En vertu de la loi fédérale, les « condamnations pour crimes » de l'ancien président Donald Trump signifient qu'il ne peut plus posséder d'armes à feu.",assemblee-nationale.fr,Government / public institution,Out of context
114,F,"En vertu de la loi fédérale, les « condamnations pour crimes » de l'ancien président Donald Trump signifient qu'il ne peut plus posséder d'armes à feu.",archipel.uqam.ca,Unclear website,Out of context
114,F,"En vertu de la loi fédérale, les « condamnations pour crimes » de l'ancien président Donald Trump signifient qu'il ne peut plus posséder d'armes à feu.",theses.hal.science,Scientific source,Out of context
114,F,"En vertu de la loi fédérale, les « condamnations pour crimes » de l'ancien président Donald Trump signifient qu'il ne peut plus posséder d'armes à feu.",sciencespo.hal.science,Scientific source,Out of context
114,F,"En vertu de la loi fédérale, les « condamnations pour crimes » de l'ancien président Donald Trump signifient qu'il ne peut plus posséder d'armes à feu.",hudoc.echr.coe.int,International organization,Out of context
114,F,"En vertu de la loi fédérale, les « condamnations pour crimes » de l'ancien président Donald Trump signifient qu'il ne peut plus posséder d'armes à feu.",icrc.org,Unclear website,Out of context
114,F,"En vertu de la loi fédérale, les « condamnations pour crimes » de l'ancien président Donald Trump signifient qu'il ne peut plus posséder d'armes à feu.",securitepublique.gc.ca,Government / public institution,Out of context
114,F,"En vertu de la loi fédérale, les « condamnations pour crimes » de l'ancien président Donald Trump signifient qu'il ne peut plus posséder d'armes à feu.",international-review.icrc.o...,Unclear website,Out of context
114,F,"En vertu de la loi fédérale, les « condamnations pour crimes » de l'ancien président Donald Trump signifient qu'il ne peut plus posséder d'armes à feu.",agora-parl.org,Unclear website,Out of context
114,F,"En vertu de la loi fédérale, les « condamnations pour crimes » de l'ancien président Donald Trump signifient qu'il ne peut plus posséder d'armes à feu.",classiques.uqam.ca,Unclear website,Out of context
114,F,"En vertu de la loi fédérale, les « condamnations pour crimes » de l'ancien président Donald Trump signifient qu'il ne peut plus posséder d'armes à feu.",fr.scribd.com,Intermediate media,Out of context
114,F,"En vertu de la loi fédérale, les « condamnations pour crimes » de l'ancien président Donald Trump signifient qu'il ne peut plus posséder d'armes à feu.",senat.fr,Unclear website,Out of context
114,F,"En vertu de la loi fédérale, les « condamnations pour crimes » de l'ancien président Donald Trump signifient qu'il ne peut plus posséder d'armes à feu.",be.lessurligneurs.eu,Unclear website,Out of context
114,F,"En vertu de la loi fédérale, les « condamnations pour crimes » de l'ancien président Donald Trump signifient qu'il ne peut plus posséder d'armes à feu.",egale.eu,Unclear website,Out of context
114,F,"En vertu de la loi fédérale, les « condamnations pour crimes » de l'ancien président Donald Trump signifient qu'il ne peut plus posséder d'armes à feu.",scribd.com,Intermediate media,Out of context
114,F,"En vertu de la loi fédérale, les « condamnations pour crimes » de l'ancien président Donald Trump signifient qu'il ne peut plus posséder d'armes à feu.",journals.openedition.org,Unclear website,Out of context
114,F,"En vertu de la loi fédérale, les « condamnations pour crimes » de l'ancien président Donald Trump signifient qu'il ne peut plus posséder d'armes à feu.",publications.ut-capitole.fr...,Unclear website,Out of context
114,F,"En vertu de la loi fédérale, les « condamnations pour crimes » de l'ancien président Donald Trump signifient qu'il ne peut plus posséder d'armes à feu.",blada.com,Unclear website,Out of context
115,E,“Violent crime is near a record 50-year low.”,pewresearch.org,Scientific source,Partially relevant
115,E,“Violent crime is near a record 50-year low.”,migrationpolicy.org,Unclear website,Out of context
115,E,“Violent crime is near a record 50-year low.”,americanimmigrationcoun...,Unclear website,Partially relevant
115,E,“Violent crime is near a record 50-year low.”,sentencingproject.org,Unclear website,Out of context
115,E,“Violent crime is near a record 50-year low.”,sentencingproject.org,Unclear website,Partially relevant
115,E,“Violent crime is near a record 50-year low.”,sentencingproject.org,Unclear website,Relevant
115,E,“Violent crime is near a record 50-year low.”,ourworldindata.org,Unclear website,Partially relevant
115,E,“Violent crime is near a record 50-year low.”,everytownresearch.org,Scientific source,Out of context
115,E,“Violent crime is near a record 50-year low.”,projects.csgjusticecenter.o...,Unclear website,Out of context
115,E,“Violent crime is near a record 50-year low.”,unwomen.org,Unclear website,Out of context
115,E,“Violent crime is near a record 50-year low.”,counciloncj.org,Unclear website,Out of context
115,E,“Violent crime is near a record 50-year low.”,justice.gov,Government / public institution,Relevant
115,E,“Violent crime is near a record 50-year low.”,counciloncj.org,Unclear website,Partially relevant
115,E,“Violent crime is near a record 50-year low.”,usich.gov,Government / public institution,Out of context
115,E,“Violent crime is near a record 50-year low.”,counciloncj.org,Unclear website,Partially relevant
115,E,“Violent crime is near a record 50-year low.”,fbi.gov,Government / public institution,Out of context
115,E,“Violent crime is near a record 50-year low.”,ucr.fbi.gov,Government / public institution,Out of context
115,E,“Violent crime is near a record 50-year low.”,ucr.fbi.gov,Government / public institution,Out of context
115,E,“Violent crime is near a record 50-year low.”,justice.gov,Government / public institution,Out of context
115,E,“Violent crime is near a record 50-year low.”,ncsbi.gov,Government / public institution,Out of context
115,E,“Violent crime is near a record 50-year low.”,ojjdp.ojp.gov,Government / public institution,Out of context
115,E,“Violent crime is near a record 50-year low.”,cde.ucr.cjis.gov,Government / public institution,Out of context
115,E,“Violent crime is near a record 50-year low.”,fbi.gov,Government / public institution,Out of context
116,F,« La criminalité violente est proche de son niveau le plus bas en 50 ans. »,unicef.org,International organization,Out of context
116,F,« La criminalité violente est proche de son niveau le plus bas en 50 ans. »,unicef.org,International organization,Out of context
116,F,« La criminalité violente est proche de son niveau le plus bas en 50 ans. »,unesdoc.unesco.org,International organization,Out of context
116,F,« La criminalité violente est proche de son niveau le plus bas en 50 ans. »,horizon.documentation.ird.f...,Unclear website,Out of context
116,F,« La criminalité violente est proche de son niveau le plus bas en 50 ans. »,hal.science,Scientific source,Out of context
116,F,« La criminalité violente est proche de son niveau le plus bas en 50 ans. »,assemblee-nationale.fr,Government / public institution,Out of context
116,F,« La criminalité violente est proche de son niveau le plus bas en 50 ans. »,sites.comncogroup.com,Scientific source,Out of context
116,F,« La criminalité violente est proche de son niveau le plus bas en 50 ans. »,oecd.org,International organization,Out of context
116,F,« La criminalité violente est proche de son niveau le plus bas en 50 ans. »,hdr.undp.org,International organization,Out of context
116,F,« La criminalité violente est proche de son niveau le plus bas en 50 ans. »,senat.fr,Unclear website,Out of context
116,F,« La criminalité violente est proche de son niveau le plus bas en 50 ans. »,okaju.lu,Unclear website,Out of context
116,F,« La criminalité violente est proche de son niveau le plus bas en 50 ans. »,unsdg.un.org,International organization,Out of context
116,F,« La criminalité violente est proche de son niveau le plus bas en 50 ans. »,unwomen.org,Unclear website,Out of context
116,F,« La criminalité violente est proche de son niveau le plus bas en 50 ans. »,uneca.org,Unclear website,Out of context
116,F,« La criminalité violente est proche de son niveau le plus bas en 50 ans. »,ilo.org,International organization,Out of context
116,F,« La criminalité violente est proche de son niveau le plus bas en 50 ans. »,documents1.worldbank.org,International organization,Out of context
116,F,« La criminalité violente est proche de son niveau le plus bas en 50 ans. »,international.canada.ca,Government / public institution,Out of context
116,F,« La criminalité violente est proche de son niveau le plus bas en 50 ans. »,igas.gouv.fr,Unclear website,Out of context
116,F,« La criminalité violente est proche de son niveau le plus bas en 50 ans. »,un.org,International organization,Out of context
116,F,« La criminalité violente est proche de son niveau le plus bas en 50 ans. »,svn.apache.org,Unclear website,Out of context
116,F,« La criminalité violente est proche de son niveau le plus bas en 50 ans. »,svn.apache.org,Unclear website,Out of context
116,F,« La criminalité violente est proche de son niveau le plus bas en 50 ans. »,africacenter.org,Unclear website,Out of context
116,F,« La criminalité violente est proche de son niveau le plus bas en 50 ans. »,reliefweb.int,Unclear website,Out of context
116,F,« La criminalité violente est proche de son niveau le plus bas en 50 ans. »,track.unodc.org,International organization,Out of context
116,F,« La criminalité violente est proche de son niveau le plus bas en 50 ans. »,documents1.worldbank.org,International organization,Out of context
116,F,« La criminalité violente est proche de son niveau le plus bas en 50 ans. »,canada.ca,Government / public institution,Out of context
116,F,« La criminalité violente est proche de son niveau le plus bas en 50 ans. »,aupaps.org,Unclear website,Out of context
116,F,« La criminalité violente est proche de son niveau le plus bas en 50 ans. »,mccaininstitute.org,Scientific source,Out of context
116,F,« La criminalité violente est proche de son niveau le plus bas en 50 ans. »,budget.canada.ca,Government / public institution,Out of context
116,F,« La criminalité violente est proche de son niveau le plus bas en 50 ans. »,incb.org,Unclear website,Out of context
116,F,« La criminalité violente est proche de son niveau le plus bas en 50 ans. »,journals.openedition.org,Unclear website,Out of context
116,F,« La criminalité violente est proche de son niveau le plus bas en 50 ans. »,erudit.org,Scientific source,Out of context
116,F,« La criminalité violente est proche de son niveau le plus bas en 50 ans. »,senat.fr,Unclear website,Out of context
116,F,« La criminalité violente est proche de son niveau le plus bas en 50 ans. »,unis.unvienna.org,Unclear website,Out of context
116,F,« La criminalité violente est proche de son niveau le plus bas en 50 ans. »,faolex.fao.org,International organization,Out of context
116,F,« La criminalité violente est proche de son niveau le plus bas en 50 ans. »,documentsearch.oas.org,International organization,Out of context
116,F,« La criminalité violente est proche de son niveau le plus bas en 50 ans. »,assemblee-nationale.fr,Government / public institution,Out of context
116,F,« La criminalité violente est proche de son niveau le plus bas en 50 ans. »,ilo.org,International organization,Out of context
116,F,« La criminalité violente est proche de son niveau le plus bas en 50 ans. »,ilo.org,International organization,Out of context
116,F,« La criminalité violente est proche de son niveau le plus bas en 50 ans. »,theses.hal.science,Scientific source,Out of context
116,F,« La criminalité violente est proche de son niveau le plus bas en 50 ans. »,theses.hal.science,Scientific source,Out of context
116,F,« La criminalité violente est proche de son niveau le plus bas en 50 ans. »,senat.fr,Unclear website,Out of context
116,F,« La criminalité violente est proche de son niveau le plus bas en 50 ans. »,drom-com.fr,Unclear website,Out of context
116,F,« La criminalité violente est proche de son niveau le plus bas en 50 ans. »,referenceworks.brill.com,Unclear website,Out of context
116,F,« La criminalité violente est proche de son niveau le plus bas en 50 ans. »,www2.assemblee-nationale.fr...,Government / public institution,Out of context
117,E,“Nearly 90% of all UW graduates stay in Wisconsin 5 years after they graduate.”,pmc.ncbi.nlm.nih.gov,Government / public institution,Partially relevant
117,E,“Nearly 90% of all UW graduates stay in Wisconsin 5 years after they graduate.”,pmc.ncbi.nlm.nih.gov,Government / public institution,Out of context
117,E,“Nearly 90% of all UW graduates stay in Wisconsin 5 years after they graduate.”,news.wisc.edu,Scientific source,Out of context
117,E,“Nearly 90% of all UW graduates stay in Wisconsin 5 years after they graduate.”,hello.blackbaud.com,Unclear website,Out of context
117,E,“Nearly 90% of all UW graduates stay in Wisconsin 5 years after they graduate.”,search.data.wisc.edu,Scientific source,Out of context
117,E,“Nearly 90% of all UW graduates stay in Wisconsin 5 years after they graduate.”,odyssey.wisc.edu,Scientific source,Out of context
117,E,“Nearly 90% of all UW graduates stay in Wisconsin 5 years after they graduate.”,budget.wisc.edu,Scientific source,Out of context
117,E,“Nearly 90% of all UW graduates stay in Wisconsin 5 years after they graduate.”,data.wisc.edu,Scientific source,Out of context
117,E,“Nearly 90% of all UW graduates stay in Wisconsin 5 years after they graduate.”,wisc.edu,Scientific source,Out of context
117,E,“Nearly 90% of all UW graduates stay in Wisconsin 5 years after they graduate.”,news.wisc.edu,Scientific source,Out of context
117,E,“Nearly 90% of all UW graduates stay in Wisconsin 5 years after they graduate.”,uwplatt.edu,Scientific source,Partially relevant
117,E,“Nearly 90% of all UW graduates stay in Wisconsin 5 years after they graduate.”,docs.legis.wisconsin.gov,Government / public institution,Partially relevant
117,E,“Nearly 90% of all UW graduates stay in Wisconsin 5 years after they graduate.”,collegescorecard.ed.gov,Government / public institution,Out of context
117,E,“Nearly 90% of all UW graduates stay in Wisconsin 5 years after they graduate.”,uwosh.edu,Scientific source,Out of context
117,E,“Nearly 90% of all UW graduates stay in Wisconsin 5 years after they graduate.”,wisconsin.edu,Scientific source,Partially relevant
117,E,“Nearly 90% of all UW graduates stay in Wisconsin 5 years after they graduate.”,wisconsin.edu,Scientific source,Relevant
117,E,“Nearly 90% of all UW graduates stay in Wisconsin 5 years after they graduate.”,careercenter.education.wisc...,Scientific source,Partially relevant
117,E,“Nearly 90% of all UW graduates stay in Wisconsin 5 years after they graduate.”,real.smph.wisc.edu,Scientific source,Partially relevant
117,E,“Nearly 90% of all UW graduates stay in Wisconsin 5 years after they graduate.”,cur.org,Unclear website,Out of context
117,E,“Nearly 90% of all UW graduates stay in Wisconsin 5 years after they graduate.”,pharmacy.wisc.edu,Scientific source,Out of context
117,E,“Nearly 90% of all UW graduates stay in Wisconsin 5 years after they graduate.”,dairyinnovationhub.wisc.edu...,Scientific source,Out of context
117,E,“Nearly 90% of all UW graduates stay in Wisconsin 5 years after they graduate.”,guide.wisc.edu,Scientific source,Out of context
117,E,“Nearly 90% of all UW graduates stay in Wisconsin 5 years after they graduate.”,uwlax.edu,Scientific source,Partially relevant
117,E,“Nearly 90% of all UW graduates stay in Wisconsin 5 years after they graduate.”,med.wisc.edu,Scientific source,Out of context
118,F,« Près de 90 % des diplômés de l'Université du Wisconsin restent au Wisconsin cinq ans après leur diplôme. »,newsguardtech.com,Unclear website,Out of context
118,F,« Près de 90 % des diplômés de l'Université du Wisconsin restent au Wisconsin cinq ans après leur diplôme. »,iris.who.int,International organization,Partially relevant
118,F,« Près de 90 % des diplômés de l'Université du Wisconsin restent au Wisconsin cinq ans après leur diplôme. »,theses.hal.science,Scientific source,Out of context
118,F,« Près de 90 % des diplômés de l'Université du Wisconsin restent au Wisconsin cinq ans après leur diplôme. »,usherbrooke.ca,Unclear website,Out of context
118,F,« Près de 90 % des diplômés de l'Université du Wisconsin restent au Wisconsin cinq ans après leur diplôme. »,nlc-bnc.ca,Unclear website,Out of context
118,F,« Près de 90 % des diplômés de l'Université du Wisconsin restent au Wisconsin cinq ans après leur diplôme. »,apsf.org,Unclear website,Out of context
118,F,« Près de 90 % des diplômés de l'Université du Wisconsin restent au Wisconsin cinq ans après leur diplôme. »,unesdoc.unesco.org,International organization,Out of context
118,F,« Près de 90 % des diplômés de l'Université du Wisconsin restent au Wisconsin cinq ans après leur diplôme. »,digitallibrary.un.org,International organization,Out of context
118,F,« Près de 90 % des diplômés de l'Université du Wisconsin restent au Wisconsin cinq ans après leur diplôme. »,archipel.uqam.ca,Unclear website,Out of context
118,F,« Près de 90 % des diplômés de l'Université du Wisconsin restent au Wisconsin cinq ans après leur diplôme. »,r-libre.teluq.ca,Unclear website,Out of context
118,F,« Près de 90 % des diplômés de l'Université du Wisconsin restent au Wisconsin cinq ans après leur diplôme. »,uniranks.com,Unclear website,Out of context
118,F,« Près de 90 % des diplômés de l'Université du Wisconsin restent au Wisconsin cinq ans après leur diplôme. »,openknowledge.worldbank.org...,Unclear website,Out of context
118,F,« Près de 90 % des diplômés de l'Université du Wisconsin restent au Wisconsin cinq ans après leur diplôme. »,2024.auf-semaine-francophon...,Unclear website,Out of context
118,F,« Près de 90 % des diplômés de l'Université du Wisconsin restent au Wisconsin cinq ans après leur diplôme. »,unesdoc.unesco.org,International organization,Out of context
118,F,« Près de 90 % des diplômés de l'Université du Wisconsin restent au Wisconsin cinq ans après leur diplôme. »,documents1.worldbank.org,International organization,Partially relevant
118,F,« Près de 90 % des diplômés de l'Université du Wisconsin restent au Wisconsin cinq ans après leur diplôme. »,www150.statcan.gc.ca,Government / public institution,Out of context
118,F,« Près de 90 % des diplômés de l'Université du Wisconsin restent au Wisconsin cinq ans après leur diplôme. »,careers.wbd.com,Unclear website,Out of context
118,F,« Près de 90 % des diplômés de l'Université du Wisconsin restent au Wisconsin cinq ans après leur diplôme. »,unesdoc.unesco.org,International organization,Out of context
118,F,« Près de 90 % des diplômés de l'Université du Wisconsin restent au Wisconsin cinq ans après leur diplôme. »,baike.baidu.com,Unclear website,Out of context
118,F,« Près de 90 % des diplômés de l'Université du Wisconsin restent au Wisconsin cinq ans après leur diplôme. »,theses.hal.science,Scientific source,Out of context
118,F,« Près de 90 % des diplômés de l'Université du Wisconsin restent au Wisconsin cinq ans après leur diplôme. »,unesdoc.unesco.org,International organization,Out of context
118,F,« Près de 90 % des diplômés de l'Université du Wisconsin restent au Wisconsin cinq ans après leur diplôme. »,xavierleroy.org,Unclear website,Out of context
118,F,« Près de 90 % des diplômés de l'Université du Wisconsin restent au Wisconsin cinq ans après leur diplôme. »,strategie-plan.gouv.fr,Unclear website,Out of context
118,F,« Près de 90 % des diplômés de l'Université du Wisconsin restent au Wisconsin cinq ans après leur diplôme. »,persee.fr,Scientific source,Out of context
118,F,« Près de 90 % des diplômés de l'Université du Wisconsin restent au Wisconsin cinq ans après leur diplôme. »,publications.polymtl.ca,Unclear website,Partially relevant
118,F,« Près de 90 % des diplômés de l'Université du Wisconsin restent au Wisconsin cinq ans après leur diplôme. »,insightsoftware.com,Unclear website,Partially relevant
118,F,« Près de 90 % des diplômés de l'Université du Wisconsin restent au Wisconsin cinq ans après leur diplôme. »,archivesoresquebec.ca,Government / public institution,Partially relevant
118,F,« Près de 90 % des diplômés de l'Université du Wisconsin restent au Wisconsin cinq ans après leur diplôme. »,unesdoc.unesco.org,International organization,Partially relevant
118,F,« Près de 90 % des diplômés de l'Université du Wisconsin restent au Wisconsin cinq ans après leur diplôme. »,salesforce.com,Unclear website,Partially relevant
119,E,"“We passed 27 bills last year, which is the fewest since the Depression.”",cbo.gov,Government / public institution,Out of context
119,E,"“We passed 27 bills last year, which is the fewest since the Depression.”",cbo.gov,Government / public institution,Out of context
119,E,"“We passed 27 bills last year, which is the fewest since the Depression.”",cbo.gov,Government / public institution,Out of context
119,E,"“We passed 27 bills last year, which is the fewest since the Depression.”",npr.org,Journalistic source,Relevant
119,E,"“We passed 27 bills last year, which is the fewest since the Depression.”",ncsl.org,Unclear website,Out of context
119,E,"“We passed 27 bills last year, which is the fewest since the Depression.”",congress.gov,Government / public institution,Partially relevant
119,E,"“We passed 27 bills last year, which is the fewest since the Depression.”",congress.gov,Government / public institution,Out of context
119,E,"“We passed 27 bills last year, which is the fewest since the Depression.”",congress.gov,Government / public institution,Out of context
119,E,"“We passed 27 bills last year, which is the fewest since the Depression.”",congress.gov,Government / public institution,Out of context
119,E,"“We passed 27 bills last year, which is the fewest since the Depression.”",history.house.gov,Government / public institution,Out of context
119,E,"“We passed 27 bills last year, which is the fewest since the Depression.”",axios.com,Journalistic source,Partially relevant
119,E,"“We passed 27 bills last year, which is the fewest since the Depression.”",pmc.ncbi.nlm.nih.gov,Government / public institution,Out of context
119,E,"“We passed 27 bills last year, which is the fewest since the Depression.”",politifact.com,Journalistic source,Relevant
119,E,"“We passed 27 bills last year, which is the fewest since the Depression.”",piie.com,Unclear website,Out of context
119,E,"“We passed 27 bills last year, which is the fewest since the Depression.”",migrationpolicy.org,Unclear website,Out of context
119,E,"“We passed 27 bills last year, which is the fewest since the Depression.”",abcnews.com,Journalistic source,Relevant
119,E,"“We passed 27 bills last year, which is the fewest since the Depression.”",huskiecommons.lib.niu.edu,Scientific source,Out of context
119,E,"“We passed 27 bills last year, which is the fewest since the Depression.”",independentcenter.org,Unclear website,Relevant
119,E,"“We passed 27 bills last year, which is the fewest since the Depression.”",bradfordtaxinstitute.com,Scientific source,Out of context
119,E,"“We passed 27 bills last year, which is the fewest since the Depression.”",ssa.gov,Government / public institution,Out of context
119,E,"“We passed 27 bills last year, which is the fewest since the Depression.”",thetrevorproject.org,Unclear website,Out of context
119,E,"“We passed 27 bills last year, which is the fewest since the Depression.”",fna.usda.gov,Government / public institution,Out of context
119,E,"“We passed 27 bills last year, which is the fewest since the Depression.”",news.uchicago.edu,Scientific source,Out of context
119,E,"“We passed 27 bills last year, which is the fewest since the Depression.”",gov.ca.gov,Government / public institution,Out of context
120,F,"« Nous avons adopté 27 projets de loi l'année dernière, soit le nombre le plus faible depuis la Grande Dépression. »",bbc.com,Journalistic source,Out of context
120,F,"« Nous avons adopté 27 projets de loi l'année dernière, soit le nombre le plus faible depuis la Grande Dépression. »",amnesty.org,Unclear website,Out of context
120,F,"« Nous avons adopté 27 projets de loi l'année dernière, soit le nombre le plus faible depuis la Grande Dépression. »",fr.wikipedia.org,Intermediate media,Out of context
120,F,"« Nous avons adopté 27 projets de loi l'année dernière, soit le nombre le plus faible depuis la Grande Dépression. »",ipu.org,Unclear website,Out of context
120,F,"« Nous avons adopté 27 projets de loi l'année dernière, soit le nombre le plus faible depuis la Grande Dépression. »",ipu.org,Unclear website,Out of context
120,F,"« Nous avons adopté 27 projets de loi l'année dernière, soit le nombre le plus faible depuis la Grande Dépression. »",unesdoc.unesco.org,International organization,Out of context
120,F,"« Nous avons adopté 27 projets de loi l'année dernière, soit le nombre le plus faible depuis la Grande Dépression. »",documentsearch.oas.org,International organization,Out of context
120,F,"« Nous avons adopté 27 projets de loi l'année dernière, soit le nombre le plus faible depuis la Grande Dépression. »",oecd-nea.org,Unclear website,Out of context
120,F,"« Nous avons adopté 27 projets de loi l'année dernière, soit le nombre le plus faible depuis la Grande Dépression. »",acerwc.africa,Unclear website,Out of context
120,F,"« Nous avons adopté 27 projets de loi l'année dernière, soit le nombre le plus faible depuis la Grande Dépression. »",normlex.ilo.org,International organization,Out of context
120,F,"« Nous avons adopté 27 projets de loi l'année dernière, soit le nombre le plus faible depuis la Grande Dépression. »",unhcr.org,International organization,Out of context
120,F,"« Nous avons adopté 27 projets de loi l'année dernière, soit le nombre le plus faible depuis la Grande Dépression. »",un.org,International organization,Out of context
120,F,"« Nous avons adopté 27 projets de loi l'année dernière, soit le nombre le plus faible depuis la Grande Dépression. »",portals.iucn.org,Unclear website,Out of context
120,F,"« Nous avons adopté 27 projets de loi l'année dernière, soit le nombre le plus faible depuis la Grande Dépression. »",assemblee-nationale.fr,Government / public institution,Out of context
120,F,"« Nous avons adopté 27 projets de loi l'année dernière, soit le nombre le plus faible depuis la Grande Dépression. »",europarl.europa.eu,International organization,Out of context
120,F,"« Nous avons adopté 27 projets de loi l'année dernière, soit le nombre le plus faible depuis la Grande Dépression. »",peaceau.org,Unclear website,Out of context
120,F,"« Nous avons adopté 27 projets de loi l'année dernière, soit le nombre le plus faible depuis la Grande Dépression. »",assemblee-nationale.fr,Government / public institution,Out of context
120,F,"« Nous avons adopté 27 projets de loi l'année dernière, soit le nombre le plus faible depuis la Grande Dépression. »",assemblee-nationale.fr,Government / public institution,Out of context
120,F,"« Nous avons adopté 27 projets de loi l'année dernière, soit le nombre le plus faible depuis la Grande Dépression. »",oecd.org,International organization,Out of context
120,F,"« Nous avons adopté 27 projets de loi l'année dernière, soit le nombre le plus faible depuis la Grande Dépression. »",unis.unvienna.org,Unclear website,Out of context
120,F,"« Nous avons adopté 27 projets de loi l'année dernière, soit le nombre le plus faible depuis la Grande Dépression. »",uneca.org,Unclear website,Out of context
120,F,"« Nous avons adopté 27 projets de loi l'année dernière, soit le nombre le plus faible depuis la Grande Dépression. »",unodc.org,International organization,Out of context
120,F,"« Nous avons adopté 27 projets de loi l'année dernière, soit le nombre le plus faible depuis la Grande Dépression. »",budget.canada.ca,Government / public institution,Out of context
120,F,"« Nous avons adopté 27 projets de loi l'année dernière, soit le nombre le plus faible depuis la Grande Dépression. »",strategie-plan.gouv.fr,Unclear website,Out of context
120,F,"« Nous avons adopté 27 projets de loi l'année dernière, soit le nombre le plus faible depuis la Grande Dépression. »",unstats.un.org,International organization,Out of context
120,F,"« Nous avons adopté 27 projets de loi l'année dernière, soit le nombre le plus faible depuis la Grande Dépression. »",documents1.worldbank.org,International organization,Out of context
120,F,"« Nous avons adopté 27 projets de loi l'année dernière, soit le nombre le plus faible depuis la Grande Dépression. »",unfccc.int,Unclear website,Out of context
120,F,"« Nous avons adopté 27 projets de loi l'année dernière, soit le nombre le plus faible depuis la Grande Dépression. »",budget.canada.ca,Government / public institution,Out of context
120,F,"« Nous avons adopté 27 projets de loi l'année dernière, soit le nombre le plus faible depuis la Grande Dépression. »",europarl.europa.eu,International organization,Out of context
120,F,"« Nous avons adopté 27 projets de loi l'année dernière, soit le nombre le plus faible depuis la Grande Dépression. »",parlons-fin-de-vie.fr,Unclear website,Out of context
120,F,"« Nous avons adopté 27 projets de loi l'année dernière, soit le nombre le plus faible depuis la Grande Dépression. »",incb.org,Unclear website,Out of context
120,F,"« Nous avons adopté 27 projets de loi l'année dernière, soit le nombre le plus faible depuis la Grande Dépression. »",unis.unvienna.org,Unclear website,Out of context
120,F,"« Nous avons adopté 27 projets de loi l'année dernière, soit le nombre le plus faible depuis la Grande Dépression. »",normlex.ilo.org,International organization,Out of context
120,F,"« Nous avons adopté 27 projets de loi l'année dernière, soit le nombre le plus faible depuis la Grande Dépression. »",uqam-ca.libguides.com,Unclear website,Out of context
120,F,"« Nous avons adopté 27 projets de loi l'année dernière, soit le nombre le plus faible depuis la Grande Dépression. »",wfh.org,Unclear website,Out of context
120,F,"« Nous avons adopté 27 projets de loi l'année dernière, soit le nombre le plus faible depuis la Grande Dépression. »",diplomacy.edu,Scientific source,Out of context
120,F,"« Nous avons adopté 27 projets de loi l'année dernière, soit le nombre le plus faible depuis la Grande Dépression. »",focus2030.org,Unclear website,Out of context
120,F,"« Nous avons adopté 27 projets de loi l'année dernière, soit le nombre le plus faible depuis la Grande Dépression. »",au.int,Unclear website,Out of context
120,F,"« Nous avons adopté 27 projets de loi l'année dernière, soit le nombre le plus faible depuis la Grande Dépression. »",wto.org,International organization,Out of context
120,F,"« Nous avons adopté 27 projets de loi l'année dernière, soit le nombre le plus faible depuis la Grande Dépression. »",un.org,International organization,Out of context
120,F,"« Nous avons adopté 27 projets de loi l'année dernière, soit le nombre le plus faible depuis la Grande Dépression. »",amnesty.fr,Unclear website,Out of context
120,F,"« Nous avons adopté 27 projets de loi l'année dernière, soit le nombre le plus faible depuis la Grande Dépression. »",data.ipu.org,Unclear website,Out of context
120,F,"« Nous avons adopté 27 projets de loi l'année dernière, soit le nombre le plus faible depuis la Grande Dépression. »",fincen.gov,Government / public institution,Out of context
120,F,"« Nous avons adopté 27 projets de loi l'année dernière, soit le nombre le plus faible depuis la Grande Dépression. »",imf.org,International organization,Out of context
120,F,"« Nous avons adopté 27 projets de loi l'année dernière, soit le nombre le plus faible depuis la Grande Dépression. »",assemblee-nationale.fr,Government / public institution,Out of context
120,F,"« Nous avons adopté 27 projets de loi l'année dernière, soit le nombre le plus faible depuis la Grande Dépression. »",undp.org,International organization,Out of context
120,F,"« Nous avons adopté 27 projets de loi l'année dernière, soit le nombre le plus faible depuis la Grande Dépression. »",unodc.org,International organization,Out of context
120,F,"« Nous avons adopté 27 projets de loi l'année dernière, soit le nombre le plus faible depuis la Grande Dépression. »",ilo.org,International organization,Out of context
121,E,"“The United States is an outlier, one of only about half a dozen countries, without any guarantee of paid leave for new parents and/or other health care needs.”",ncsl.org,Unclear website,Out of context
121,E,"“The United States is an outlier, one of only about half a dozen countries, without any guarantee of paid leave for new parents and/or other health care needs.”",pewresearch.org,Scientific source,Partially relevant
121,E,"“The United States is an outlier, one of only about half a dozen countries, without any guarantee of paid leave for new parents and/or other health care needs.”",pmc.ncbi.nlm.nih.gov,Government / public institution,Out of context
121,E,"“The United States is an outlier, one of only about half a dozen countries, without any guarantee of paid leave for new parents and/or other health care needs.”",pmc.ncbi.nlm.nih.gov,Government / public institution,Out of context
121,E,"“The United States is an outlier, one of only about half a dozen countries, without any guarantee of paid leave for new parents and/or other health care needs.”",pubmed.ncbi.nlm.nih.gov,Government / public institution,Partially relevant
121,E,"“The United States is an outlier, one of only about half a dozen countries, without any guarantee of paid leave for new parents and/or other health care needs.”",bipartisanpolicy.org,Unclear website,Out of context
121,E,"“The United States is an outlier, one of only about half a dozen countries, without any guarantee of paid leave for new parents and/or other health care needs.”",bipartisanpolicy.org,Unclear website,Out of context
121,E,"“The United States is an outlier, one of only about half a dozen countries, without any guarantee of paid leave for new parents and/or other health care needs.”",americanprogress.org,Unclear website,Out of context
121,E,"“The United States is an outlier, one of only about half a dozen countries, without any guarantee of paid leave for new parents and/or other health care needs.”",nationalpartnership.org,Unclear website,Partially relevant
121,E,"“The United States is an outlier, one of only about half a dozen countries, without any guarantee of paid leave for new parents and/or other health care needs.”",oah.org,Unclear website,Partially relevant
121,E,"“The United States is an outlier, one of only about half a dozen countries, without any guarantee of paid leave for new parents and/or other health care needs.”",floridapolicy.org,Unclear website,Partially relevant
121,E,"“The United States is an outlier, one of only about half a dozen countries, without any guarantee of paid leave for new parents and/or other health care needs.”",abetterbalance.org,Unclear website,Out of context
121,E,"“The United States is an outlier, one of only about half a dozen countries, without any guarantee of paid leave for new parents and/or other health care needs.”",oecd.org,International organization,Out of context
121,E,"“The United States is an outlier, one of only about half a dozen countries, without any guarantee of paid leave for new parents and/or other health care needs.”",nationalpartnership.org,Unclear website,Out of context
121,E,"“The United States is an outlier, one of only about half a dozen countries, without any guarantee of paid leave for new parents and/or other health care needs.”",nwlc.org,Unclear website,Out of context
121,E,"“The United States is an outlier, one of only about half a dozen countries, without any guarantee of paid leave for new parents and/or other health care needs.”",rsfjournal.org,Journalistic source,Out of context
121,E,"“The United States is an outlier, one of only about half a dozen countries, without any guarantee of paid leave for new parents and/or other health care needs.”",policycentermmh.org,Unclear website,Partially relevant
121,E,"“The United States is an outlier, one of only about half a dozen countries, without any guarantee of paid leave for new parents and/or other health care needs.”",fordhamilj.org,Unclear website,Partially relevant
122,F,"« Les États-Unis sont une exception, faisant partie d'environ une demi-douzaine de pays qui ne garantissent pas de congé payé aux nouveaux parents et/ou pour d'autres besoins en matière de soins de santé. »",ilo.org,International organization,Out of context
122,F,"« Les États-Unis sont une exception, faisant partie d'environ une demi-douzaine de pays qui ne garantissent pas de congé payé aux nouveaux parents et/ou pour d'autres besoins en matière de soins de santé. »",canada.ca,Government / public institution,Out of context
122,F,"« Les États-Unis sont une exception, faisant partie d'environ une demi-douzaine de pays qui ne garantissent pas de congé payé aux nouveaux parents et/ou pour d'autres besoins en matière de soins de santé. »",webapps.ilo.org,International organization,Out of context
122,F,"« Les États-Unis sont une exception, faisant partie d'environ une demi-douzaine de pays qui ne garantissent pas de congé payé aux nouveaux parents et/ou pour d'autres besoins en matière de soins de santé. »",documents1.worldbank.org,International organization,Out of context
122,F,"« Les États-Unis sont une exception, faisant partie d'environ une demi-douzaine de pays qui ne garantissent pas de congé payé aux nouveaux parents et/ou pour d'autres besoins en matière de soins de santé. »",iris-recherche.qc.ca,Unclear website,Out of context
122,F,"« Les États-Unis sont une exception, faisant partie d'environ une demi-douzaine de pays qui ne garantissent pas de congé payé aux nouveaux parents et/ou pour d'autres besoins en matière de soins de santé. »",ilo.org,International organization,Out of context
122,F,"« Les États-Unis sont une exception, faisant partie d'environ une demi-douzaine de pays qui ne garantissent pas de congé payé aux nouveaux parents et/ou pour d'autres besoins en matière de soins de santé. »",canada.ca,Government / public institution,Out of context
122,F,"« Les États-Unis sont une exception, faisant partie d'environ une demi-douzaine de pays qui ne garantissent pas de congé payé aux nouveaux parents et/ou pour d'autres besoins en matière de soins de santé. »",unaids.org,Unclear website,Out of context
122,F,"« Les États-Unis sont une exception, faisant partie d'environ une demi-douzaine de pays qui ne garantissent pas de congé payé aux nouveaux parents et/ou pour d'autres besoins en matière de soins de santé. »",senat.fr,Unclear website,Out of context
122,F,"« Les États-Unis sont une exception, faisant partie d'environ une demi-douzaine de pays qui ne garantissent pas de congé payé aux nouveaux parents et/ou pour d'autres besoins en matière de soins de santé. »",researchrepository.ilo.org,International organization,Out of context
122,F,"« Les États-Unis sont une exception, faisant partie d'environ une demi-douzaine de pays qui ne garantissent pas de congé payé aux nouveaux parents et/ou pour d'autres besoins en matière de soins de santé. »",fedlex.admin.ch,Unclear website,Out of context
122,F,"« Les États-Unis sont une exception, faisant partie d'environ une demi-douzaine de pays qui ne garantissent pas de congé payé aux nouveaux parents et/ou pour d'autres besoins en matière de soins de santé. »",ilo.org,International organization,Out of context
122,F,"« Les États-Unis sont une exception, faisant partie d'environ une demi-douzaine de pays qui ne garantissent pas de congé payé aux nouveaux parents et/ou pour d'autres besoins en matière de soins de santé. »",unesdoc.unesco.org,International organization,Out of context
122,F,"« Les États-Unis sont une exception, faisant partie d'environ une demi-douzaine de pays qui ne garantissent pas de congé payé aux nouveaux parents et/ou pour d'autres besoins en matière de soins de santé. »",ks.echr.coe.int,International organization,Out of context
122,F,"« Les États-Unis sont une exception, faisant partie d'environ une demi-douzaine de pays qui ne garantissent pas de congé payé aux nouveaux parents et/ou pour d'autres besoins en matière de soins de santé. »",familyforward.ch,Unclear website,Out of context
122,F,"« Les États-Unis sont une exception, faisant partie d'environ une demi-douzaine de pays qui ne garantissent pas de congé payé aux nouveaux parents et/ou pour d'autres besoins en matière de soins de santé. »",alexandria.unisg.ch,Unclear website,Out of context
122,F,"« Les États-Unis sont une exception, faisant partie d'environ une demi-douzaine de pays qui ne garantissent pas de congé payé aux nouveaux parents et/ou pour d'autres besoins en matière de soins de santé. »",imf.org,International organization,Out of context
122,F,"« Les États-Unis sont une exception, faisant partie d'environ une demi-douzaine de pays qui ne garantissent pas de congé payé aux nouveaux parents et/ou pour d'autres besoins en matière de soins de santé. »",droitdesfamilles.ch,Unclear website,Out of context
122,F,"« Les États-Unis sont une exception, faisant partie d'environ une demi-douzaine de pays qui ne garantissent pas de congé payé aux nouveaux parents et/ou pour d'autres besoins en matière de soins de santé. »",wbi.be,Unclear website,Partially relevant
122,F,"« Les États-Unis sont une exception, faisant partie d'environ une demi-douzaine de pays qui ne garantissent pas de congé payé aux nouveaux parents et/ou pour d'autres besoins en matière de soins de santé. »",corporate.dow.com,Unclear website,Out of context
122,F,"« Les États-Unis sont une exception, faisant partie d'environ une demi-douzaine de pays qui ne garantissent pas de congé payé aux nouveaux parents et/ou pour d'autres besoins en matière de soins de santé. »",mavenclinic.com,Unclear website,Out of context
122,F,"« Les États-Unis sont une exception, faisant partie d'environ une demi-douzaine de pays qui ne garantissent pas de congé payé aux nouveaux parents et/ou pour d'autres besoins en matière de soins de santé. »",voyage.gc.ca,Government / public institution,Out of context
122,F,"« Les États-Unis sont une exception, faisant partie d'environ une demi-douzaine de pays qui ne garantissent pas de congé payé aux nouveaux parents et/ou pour d'autres besoins en matière de soins de santé. »",corporate.dow.com,Unclear website,Out of context
122,F,"« Les États-Unis sont une exception, faisant partie d'environ une demi-douzaine de pays qui ne garantissent pas de congé payé aux nouveaux parents et/ou pour d'autres besoins en matière de soins de santé. »",mavenclinic.com,Unclear website,Out of context
122,F,"« Les États-Unis sont une exception, faisant partie d'environ une demi-douzaine de pays qui ne garantissent pas de congé payé aux nouveaux parents et/ou pour d'autres besoins en matière de soins de santé. »",saint-gobain-northameri...,Unclear website,Out of context
122,F,"« Les États-Unis sont une exception, faisant partie d'environ une demi-douzaine de pays qui ne garantissent pas de congé payé aux nouveaux parents et/ou pour d'autres besoins en matière de soins de santé. »",volunteerhq.org,Unclear website,Out of context
122,F,"« Les États-Unis sont une exception, faisant partie d'environ une demi-douzaine de pays qui ne garantissent pas de congé payé aux nouveaux parents et/ou pour d'autres besoins en matière de soins de santé. »",cleiss.fr,Unclear website,Out of context
122,F,"« Les États-Unis sont une exception, faisant partie d'environ une demi-douzaine de pays qui ne garantissent pas de congé payé aux nouveaux parents et/ou pour d'autres besoins en matière de soins de santé. »",careers.jnj.com,Unclear website,Out of context
122,F,"« Les États-Unis sont une exception, faisant partie d'environ une demi-douzaine de pays qui ne garantissent pas de congé payé aux nouveaux parents et/ou pour d'autres besoins en matière de soins de santé. »",canada.ca,Government / public institution,Out of context
122,F,"« Les États-Unis sont une exception, faisant partie d'environ une demi-douzaine de pays qui ne garantissent pas de congé payé aux nouveaux parents et/ou pour d'autres besoins en matière de soins de santé. »",cse.belgique.be,Unclear website,Out of context
122,F,"« Les États-Unis sont une exception, faisant partie d'environ une demi-douzaine de pays qui ne garantissent pas de congé payé aux nouveaux parents et/ou pour d'autres besoins en matière de soins de santé. »",assemblee-nationale.fr,Government / public institution,Out of context
123,E,"“We’ve had 12 elections in 24 years in Wisconsin that have been decided by less than 30,000 votes.”",congress.gov,Government / public institution,Out of context
123,E,"“We’ve had 12 elections in 24 years in Wisconsin that have been decided by less than 30,000 votes.”",congress.gov,Government / public institution,Out of context
123,E,"“We’ve had 12 elections in 24 years in Wisconsin that have been decided by less than 30,000 votes.”",congress.gov,Government / public institution,Out of context
123,E,"“We’ve had 12 elections in 24 years in Wisconsin that have been decided by less than 30,000 votes.”",house.gov,Government / public institution,Out of context
123,E,"“We’ve had 12 elections in 24 years in Wisconsin that have been decided by less than 30,000 votes.”",ballotpedia.org,Unclear website,Out of context
123,E,"“We’ve had 12 elections in 24 years in Wisconsin that have been decided by less than 30,000 votes.”",whsv.com,Unclear website,Out of context
123,E,"“We’ve had 12 elections in 24 years in Wisconsin that have been decided by less than 30,000 votes.”",whsv.com,Unclear website,Out of context
123,E,"“We’ve had 12 elections in 24 years in Wisconsin that have been decided by less than 30,000 votes.”",whsv.com,Unclear website,Out of context
123,E,"“We’ve had 12 elections in 24 years in Wisconsin that have been decided by less than 30,000 votes.”",brennancenter.org,Unclear website,Out of context
123,E,"“We’ve had 12 elections in 24 years in Wisconsin that have been decided by less than 30,000 votes.”",sentencingproject.org,Unclear website,Out of context
123,E,"“We’ve had 12 elections in 24 years in Wisconsin that have been decided by less than 30,000 votes.”",13abc.com,Unclear website,Out of context
123,E,"“We’ve had 12 elections in 24 years in Wisconsin that have been decided by less than 30,000 votes.”",kcrg.com,Unclear website,Out of context
123,E,"“We’ve had 12 elections in 24 years in Wisconsin that have been decided by less than 30,000 votes.”",webcenterfairbanks.com,Unclear website,Out of context
123,E,"“We’ve had 12 elections in 24 years in Wisconsin that have been decided by less than 30,000 votes.”",mysuncoast.com,Unclear website,Partially relevant
123,E,"“We’ve had 12 elections in 24 years in Wisconsin that have been decided by less than 30,000 votes.”",kttc.com,Unclear website,Out of context
123,E,"“We’ve had 12 elections in 24 years in Wisconsin that have been decided by less than 30,000 votes.”",weau.com,Unclear website,Partially relevant
123,E,"“We’ve had 12 elections in 24 years in Wisconsin that have been decided by less than 30,000 votes.”",uppermichiganssource.co...,Unclear website,Partially relevant
123,E,"“We’ve had 12 elections in 24 years in Wisconsin that have been decided by less than 30,000 votes.”",americanprogress.org,Unclear website,Partially relevant
123,E,"“We’ve had 12 elections in 24 years in Wisconsin that have been decided by less than 30,000 votes.”",americanprogress.org,Unclear website,Out of context
123,E,"“We’ve had 12 elections in 24 years in Wisconsin that have been decided by less than 30,000 votes.”",kplctv.com,Unclear website,Out of context
123,E,"“We’ve had 12 elections in 24 years in Wisconsin that have been decided by less than 30,000 votes.”",dailykos.com,Unclear website,Out of context
123,E,"“We’ve had 12 elections in 24 years in Wisconsin that have been decided by less than 30,000 votes.”",eac.gov,Government / public institution,Out of context
123,E,"“We’ve had 12 elections in 24 years in Wisconsin that have been decided by less than 30,000 votes.”",law.marquette.edu,Scientific source,Out of context
123,E,"“We’ve had 12 elections in 24 years in Wisconsin that have been decided by less than 30,000 votes.”",cawp.rutgers.edu,Scientific source,Partially relevant
123,E,"“We’ve had 12 elections in 24 years in Wisconsin that have been decided by less than 30,000 votes.”",courts.delaware.gov,Government / public institution,Out of context
123,E,"“We’ve had 12 elections in 24 years in Wisconsin that have been decided by less than 30,000 votes.”",direct.mit.edu,Scientific source,Out of context
123,E,"“We’ve had 12 elections in 24 years in Wisconsin that have been decided by less than 30,000 votes.”",firstalert4.com,Unclear website,Out of context
123,E,"“We’ve had 12 elections in 24 years in Wisconsin that have been decided by less than 30,000 votes.”",wmtv15news.com,Journalistic source,Out of context
123,E,"“We’ve had 12 elections in 24 years in Wisconsin that have been decided by less than 30,000 votes.”",northernnewsnow.com,Unclear website,Partially relevant
123,E,"“We’ve had 12 elections in 24 years in Wisconsin that have been decided by less than 30,000 votes.”",scottish-places.info,Unclear website,Out of context
123,E,"“We’ve had 12 elections in 24 years in Wisconsin that have been decided by less than 30,000 votes.”",salisburymass.com,Unclear website,Out of context
123,E,"“We’ve had 12 elections in 24 years in Wisconsin that have been decided by less than 30,000 votes.”",12onyourside.com,Unclear website,Partially relevant
123,E,"“We’ve had 12 elections in 24 years in Wisconsin that have been decided by less than 30,000 votes.”",12onyourside.com,Unclear website,Out of context
124,F,"« Au Wisconsin, 12 élections sur 24 ont été décidées par moins de 30 000 voix. »",theconversation.com,Journalistic source,Out of context
124,F,"« Au Wisconsin, 12 élections sur 24 ont été décidées par moins de 30 000 voix. »",bbc.com,Journalistic source,Out of context
124,F,"« Au Wisconsin, 12 élections sur 24 ont été décidées par moins de 30 000 voix. »",bbc.com,Journalistic source,Out of context
124,F,"« Au Wisconsin, 12 élections sur 24 ont été décidées par moins de 30 000 voix. »",ledevoir.com,Journalistic source,Out of context
124,F,"« Au Wisconsin, 12 élections sur 24 ont été décidées par moins de 30 000 voix. »",newsguardtech.com,Unclear website,Partially relevant
124,F,"« Au Wisconsin, 12 élections sur 24 ont été décidées par moins de 30 000 voix. »",fr.wikipedia.org,Intermediate media,Out of context
124,F,"« Au Wisconsin, 12 élections sur 24 ont été décidées par moins de 30 000 voix. »",fr.wikipedia.org,Intermediate media,Out of context
124,F,"« Au Wisconsin, 12 élections sur 24 ont été décidées par moins de 30 000 voix. »",fr.wikipedia.org,Intermediate media,Out of context
124,F,"« Au Wisconsin, 12 élections sur 24 ont été décidées par moins de 30 000 voix. »",ansm.sante.fr,Unclear website,Out of context
124,F,"« Au Wisconsin, 12 élections sur 24 ont été décidées par moins de 30 000 voix. »",ici.radio-canada.ca,Government / public institution,Out of context
124,F,"« Au Wisconsin, 12 élections sur 24 ont été décidées par moins de 30 000 voix. »",ici.radio-canada.ca,Government / public institution,Out of context
124,F,"« Au Wisconsin, 12 élections sur 24 ont été décidées par moins de 30 000 voix. »",journals.openedition.org,Unclear website,Partially relevant
124,F,"« Au Wisconsin, 12 élections sur 24 ont été décidées par moins de 30 000 voix. »",unesdoc.unesco.org,International organization,Out of context
124,F,"« Au Wisconsin, 12 élections sur 24 ont été décidées par moins de 30 000 voix. »",jean-jaures.org,Unclear website,Out of context
124,F,"« Au Wisconsin, 12 élections sur 24 ont été décidées par moins de 30 000 voix. »",strategie-plan.gouv.fr,Unclear website,Out of context
124,F,"« Au Wisconsin, 12 élections sur 24 ont été décidées par moins de 30 000 voix. »",archipel.uqam.ca,Unclear website,Partially relevant
124,F,"« Au Wisconsin, 12 élections sur 24 ont été décidées par moins de 30 000 voix. »",legrandcontinent.eu,Unclear website,Partially relevant
124,F,"« Au Wisconsin, 12 élections sur 24 ont été décidées par moins de 30 000 voix. »",parisschoolofeconomics....,Unclear website,Partially relevant
124,F,"« Au Wisconsin, 12 élections sur 24 ont été décidées par moins de 30 000 voix. »",journals.openedition.org,Unclear website,Out of context
124,F,"« Au Wisconsin, 12 élections sur 24 ont été décidées par moins de 30 000 voix. »",cartonumerique.blogspot.com...,Unclear website,Out of context
124,F,"« Au Wisconsin, 12 élections sur 24 ont été décidées par moins de 30 000 voix. »",rts.ch,Unclear website,Out of context
124,F,"« Au Wisconsin, 12 élections sur 24 ont été décidées par moins de 30 000 voix. »",legrandcontinent.eu,Unclear website,Out of context
124,F,"« Au Wisconsin, 12 élections sur 24 ont été décidées par moins de 30 000 voix. »",archipel.uqam.ca,Unclear website,Out of context
124,F,"« Au Wisconsin, 12 élections sur 24 ont été décidées par moins de 30 000 voix. »",theses.hal.science,Scientific source,Out of context
124,F,"« Au Wisconsin, 12 élections sur 24 ont été décidées par moins de 30 000 voix. »",classiques.uqam.ca,Unclear website,Out of context
124,F,"« Au Wisconsin, 12 élections sur 24 ont été décidées par moins de 30 000 voix. »",strategie-plan.gouv.fr,Unclear website,Out of context
124,F,"« Au Wisconsin, 12 élections sur 24 ont été décidées par moins de 30 000 voix. »",espace.enap.ca,Unclear website,Out of context
124,F,"« Au Wisconsin, 12 élections sur 24 ont été décidées par moins de 30 000 voix. »",theses.hal.science,Scientific source,Out of context
124,F,"« Au Wisconsin, 12 élections sur 24 ont été décidées par moins de 30 000 voix. »",bourgognefranchecomte.f...,Unclear website,Out of context
125,E,“We’re facing situations these days where you have to have two officers in the evidence room in case there’s an accidental (fentanyl) exposure.”,cdc.gov,Government / public institution,Out of context
125,E,“We’re facing situations these days where you have to have two officers in the evidence room in case there’s an accidental (fentanyl) exposure.”,cdc.gov,Government / public institution,Out of context
125,E,“We’re facing situations these days where you have to have two officers in the evidence room in case there’s an accidental (fentanyl) exposure.”,ncbi.nlm.nih.gov,Government / public institution,Out of context
125,E,“We’re facing situations these days where you have to have two officers in the evidence room in case there’s an accidental (fentanyl) exposure.”,pmc.ncbi.nlm.nih.gov,Government / public institution,Out of context
125,E,“We’re facing situations these days where you have to have two officers in the evidence room in case there’s an accidental (fentanyl) exposure.”,ncbi.nlm.nih.gov,Government / public institution,Out of context
125,E,“We’re facing situations these days where you have to have two officers in the evidence room in case there’s an accidental (fentanyl) exposure.”,pmc.ncbi.nlm.nih.gov,Government / public institution,Out of context
125,E,“We’re facing situations these days where you have to have two officers in the evidence room in case there’s an accidental (fentanyl) exposure.”,cji.edu,Scientific source,Out of context
125,E,“We’re facing situations these days where you have to have two officers in the evidence room in case there’s an accidental (fentanyl) exposure.”,cityofdelano.org,Unclear website,Out of context
125,E,“We’re facing situations these days where you have to have two officers in the evidence room in case there’s an accidental (fentanyl) exposure.”,law.lis.virginia.gov,Government / public institution,Out of context
125,E,“We’re facing situations these days where you have to have two officers in the evidence room in case there’s an accidental (fentanyl) exposure.”,ohioattorneygeneral.gov...,Government / public institution,Out of context
125,E,“We’re facing situations these days where you have to have two officers in the evidence room in case there’s an accidental (fentanyl) exposure.”,slocounty.ca.gov,Government / public institution,Out of context
125,E,“We’re facing situations these days where you have to have two officers in the evidence room in case there’s an accidental (fentanyl) exposure.”,azcourts.gov,Government / public institution,Partially relevant
125,E,“We’re facing situations these days where you have to have two officers in the evidence room in case there’s an accidental (fentanyl) exposure.”,fdle.state.fl.us,Unclear website,Out of context
125,E,“We’re facing situations these days where you have to have two officers in the evidence room in case there’s an accidental (fentanyl) exposure.”,burlingtonnc.gov,Government / public institution,Out of context
125,E,“We’re facing situations these days where you have to have two officers in the evidence room in case there’s an accidental (fentanyl) exposure.”,biooneinc.com,Unclear website,Out of context
125,E,“We’re facing situations these days where you have to have two officers in the evidence room in case there’s an accidental (fentanyl) exposure.”,oregon.gov,Government / public institution,Out of context
125,E,“We’re facing situations these days where you have to have two officers in the evidence room in case there’s an accidental (fentanyl) exposure.”,nationalnursesunited.or...,Unclear website,Out of context
125,E,“We’re facing situations these days where you have to have two officers in the evidence room in case there’s an accidental (fentanyl) exposure.”,nist.gov,Government / public institution,Out of context
125,E,“We’re facing situations these days where you have to have two officers in the evidence room in case there’s an accidental (fentanyl) exposure.”,doh.wa.gov,Government / public institution,Partially relevant
125,E,“We’re facing situations these days where you have to have two officers in the evidence room in case there’s an accidental (fentanyl) exposure.”,acmt.net,Unclear website,Out of context
125,E,“We’re facing situations these days where you have to have two officers in the evidence room in case there’s an accidental (fentanyl) exposure.”,nationalpolicesupportfund.c...,Unclear website,Partially relevant
126,F,« Nous sommes confrontés à des situations où deux agents doivent être présents dans la salle des preuves au cas où une exposition accidentelle au fentanyl se produirait. »,pmc.ncbi.nlm.nih.gov,Government / public institution,Out of context
126,F,« Nous sommes confrontés à des situations où deux agents doivent être présents dans la salle des preuves au cas où une exposition accidentelle au fentanyl se produirait. »,ccac.ca,Unclear website,Out of context
126,F,« Nous sommes confrontés à des situations où deux agents doivent être présents dans la salle des preuves au cas où une exposition accidentelle au fentanyl se produirait. »,cngof.fr,Unclear website,Out of context
126,F,« Nous sommes confrontés à des situations où deux agents doivent être présents dans la salle des preuves au cas où une exposition accidentelle au fentanyl se produirait. »,publichealthontario.ca,Government / public institution,Out of context
126,F,« Nous sommes confrontés à des situations où deux agents doivent être présents dans la salle des preuves au cas où une exposition accidentelle au fentanyl se produirait. »,assemblee-nationale.fr,Government / public institution,Out of context
126,F,« Nous sommes confrontés à des situations où deux agents doivent être présents dans la salle des preuves au cas où une exposition accidentelle au fentanyl se produirait. »,cnesst.gouv.qc.ca,Government / public institution,Out of context
126,F,« Nous sommes confrontés à des situations où deux agents doivent être présents dans la salle des preuves au cas où une exposition accidentelle au fentanyl se produirait. »,incb.org,Unclear website,Out of context
126,F,« Nous sommes confrontés à des situations où deux agents doivent être présents dans la salle des preuves au cas où une exposition accidentelle au fentanyl se produirait. »,unicri.org,Unclear website,Out of context
126,F,« Nous sommes confrontés à des situations où deux agents doivent être présents dans la salle des preuves au cas où une exposition accidentelle au fentanyl se produirait. »,hudoc.echr.coe.int,International organization,Out of context
126,F,« Nous sommes confrontés à des situations où deux agents doivent être présents dans la salle des preuves au cas où une exposition accidentelle au fentanyl se produirait. »,unis.unvienna.org,Unclear website,Out of context
126,F,« Nous sommes confrontés à des situations où deux agents doivent être présents dans la salle des preuves au cas où une exposition accidentelle au fentanyl se produirait. »,liberal.ca,Unclear website,Out of context
126,F,« Nous sommes confrontés à des situations où deux agents doivent être présents dans la salle des preuves au cas où une exposition accidentelle au fentanyl se produirait. »,theses.hal.science,Scientific source,Out of context
126,F,« Nous sommes confrontés à des situations où deux agents doivent être présents dans la salle des preuves au cas où une exposition accidentelle au fentanyl se produirait. »,canada.ca,Government / public institution,Out of context
126,F,« Nous sommes confrontés à des situations où deux agents doivent être présents dans la salle des preuves au cas où une exposition accidentelle au fentanyl se produirait. »,unodc.org,International organization,Out of context
126,F,« Nous sommes confrontés à des situations où deux agents doivent être présents dans la salle des preuves au cas où une exposition accidentelle au fentanyl se produirait. »,ontario.ca,Government / public institution,Out of context
126,F,« Nous sommes confrontés à des situations où deux agents doivent être présents dans la salle des preuves au cas où une exposition accidentelle au fentanyl se produirait. »,infirmiere-canadienne.c...,Unclear website,Out of context
126,F,« Nous sommes confrontés à des situations où deux agents doivent être présents dans la salle des preuves au cas où une exposition accidentelle au fentanyl se produirait. »,anses.fr,Unclear website,Out of context
126,F,« Nous sommes confrontés à des situations où deux agents doivent être présents dans la salle des preuves au cas où une exposition accidentelle au fentanyl se produirait. »,un.org,International organization,Out of context
126,F,« Nous sommes confrontés à des situations où deux agents doivent être présents dans la salle des preuves au cas où une exposition accidentelle au fentanyl se produirait. »,unis.unvienna.org,Unclear website,Out of context
127,E,"“When it comes to how many votes (President) Joe Biden won, it was literally less than a few votes per ward.”",nature.com,Scientific source,Out of context
127,E,"“When it comes to how many votes (President) Joe Biden won, it was literally less than a few votes per ward.”",pmc.ncbi.nlm.nih.gov,Government / public institution,Out of context
127,E,"“When it comes to how many votes (President) Joe Biden won, it was literally less than a few votes per ward.”",pmc.ncbi.nlm.nih.gov,Government / public institution,Out of context
127,E,"“When it comes to how many votes (President) Joe Biden won, it was literally less than a few votes per ward.”",ballotpedia.org,Unclear website,Out of context
127,E,"“When it comes to how many votes (President) Joe Biden won, it was literally less than a few votes per ward.”",ballotpedia.org,Unclear website,Partially relevant
127,E,"“When it comes to how many votes (President) Joe Biden won, it was literally less than a few votes per ward.”",brookings.edu,Scientific source,Out of context
127,E,"“When it comes to how many votes (President) Joe Biden won, it was literally less than a few votes per ward.”",brookings.edu,Scientific source,Out of context
127,E,"“When it comes to how many votes (President) Joe Biden won, it was literally less than a few votes per ward.”",brookings.edu,Scientific source,Out of context
127,E,"“When it comes to how many votes (President) Joe Biden won, it was literally less than a few votes per ward.”",fairvote.org,Unclear website,Out of context
127,E,"“When it comes to how many votes (President) Joe Biden won, it was literally less than a few votes per ward.”",carnegieendowment.org,Unclear website,Out of context
127,E,"“When it comes to how many votes (President) Joe Biden won, it was literally less than a few votes per ward.”",en.wikipedia.org,Intermediate media,Out of context
127,E,"“When it comes to how many votes (President) Joe Biden won, it was literally less than a few votes per ward.”",hks.harvard.edu,Scientific source,Out of context
127,E,"“When it comes to how many votes (President) Joe Biden won, it was literally less than a few votes per ward.”",cnn.com,Journalistic source,Out of context
127,E,"“When it comes to how many votes (President) Joe Biden won, it was literally less than a few votes per ward.”",americanprogress.org,Unclear website,Partially relevant
127,E,"“When it comes to how many votes (President) Joe Biden won, it was literally less than a few votes per ward.”",nyccfb.info,Unclear website,Out of context
127,E,"“When it comes to how many votes (President) Joe Biden won, it was literally less than a few votes per ward.”",will-law.org,Unclear website,Out of context
127,E,"“When it comes to how many votes (President) Joe Biden won, it was literally less than a few votes per ward.”",will-law.org,Unclear website,Out of context
127,E,"“When it comes to how many votes (President) Joe Biden won, it was literally less than a few votes per ward.”",americanbar.org,Unclear website,Out of context
127,E,"“When it comes to how many votes (President) Joe Biden won, it was literally less than a few votes per ward.”",arxiv.org,Scientific source,Out of context
127,E,"“When it comes to how many votes (President) Joe Biden won, it was literally less than a few votes per ward.”",journalofdemocracy.org,Unclear website,Partially relevant
127,E,"“When it comes to how many votes (President) Joe Biden won, it was literally less than a few votes per ward.”",harvardlawreview.org,Unclear website,Partially relevant
127,E,"“When it comes to how many votes (President) Joe Biden won, it was literally less than a few votes per ward.”",ussc.edu.au,Scientific source,Partially relevant
127,E,"“When it comes to how many votes (President) Joe Biden won, it was literally less than a few votes per ward.”",law.marquette.edu,Scientific source,Out of context
127,E,"“When it comes to how many votes (President) Joe Biden won, it was literally less than a few votes per ward.”",veraaction.org,Unclear website,Out of context
127,E,"“When it comes to how many votes (President) Joe Biden won, it was literally less than a few votes per ward.”",navigatorresearch.org,Scientific source,Out of context
127,E,"“When it comes to how many votes (President) Joe Biden won, it was literally less than a few votes per ward.”",centerforpolitics.org,Unclear website,Out of context
127,E,"“When it comes to how many votes (President) Joe Biden won, it was literally less than a few votes per ward.”",oag.dc.gov,Government / public institution,Out of context
127,E,"“When it comes to how many votes (President) Joe Biden won, it was literally less than a few votes per ward.”",circle.tufts.edu,Scientific source,Out of context
127,E,"“When it comes to how many votes (President) Joe Biden won, it was literally less than a few votes per ward.”",stlpr.org,Unclear website,Partially relevant
128,F,"« En ce qui concerne le nombre de votes remportés par le président Joe Biden, il s'agissait littéralement de moins de quelques votes par circonscription. »",theconversation.com,Journalistic source,Out of context
128,F,"« En ce qui concerne le nombre de votes remportés par le président Joe Biden, il s'agissait littéralement de moins de quelques votes par circonscription. »",newsguardtech.com,Unclear website,Out of context
128,F,"« En ce qui concerne le nombre de votes remportés par le président Joe Biden, il s'agissait littéralement de moins de quelques votes par circonscription. »",fr.wikipedia.org,Intermediate media,Out of context
128,F,"« En ce qui concerne le nombre de votes remportés par le président Joe Biden, il s'agissait littéralement de moins de quelques votes par circonscription. »",fr.wikipedia.org,Intermediate media,Out of context
128,F,"« En ce qui concerne le nombre de votes remportés par le président Joe Biden, il s'agissait littéralement de moins de quelques votes par circonscription. »",fr.wikipedia.org,Intermediate media,Out of context
128,F,"« En ce qui concerne le nombre de votes remportés par le président Joe Biden, il s'agissait littéralement de moins de quelques votes par circonscription. »",liberation.fr,Unclear website,Out of context
128,F,"« En ce qui concerne le nombre de votes remportés par le président Joe Biden, il s'agissait littéralement de moins de quelques votes par circonscription. »",archipel.uqam.ca,Unclear website,Out of context
128,F,"« En ce qui concerne le nombre de votes remportés par le président Joe Biden, il s'agissait littéralement de moins de quelques votes par circonscription. »",shs.hal.science,Scientific source,Out of context
128,F,"« En ce qui concerne le nombre de votes remportés par le président Joe Biden, il s'agissait littéralement de moins de quelques votes par circonscription. »",theses.hal.science,Scientific source,Out of context
128,F,"« En ce qui concerne le nombre de votes remportés par le président Joe Biden, il s'agissait littéralement de moins de quelques votes par circonscription. »",iknowpolitics.org,Unclear website,Out of context
128,F,"« En ce qui concerne le nombre de votes remportés par le président Joe Biden, il s'agissait littéralement de moins de quelques votes par circonscription. »",academia.edu,Scientific source,Out of context
128,F,"« En ce qui concerne le nombre de votes remportés par le président Joe Biden, il s'agissait littéralement de moins de quelques votes par circonscription. »",scholar.lib.vt.edu,Scientific source,Out of context
128,F,"« En ce qui concerne le nombre de votes remportés par le président Joe Biden, il s'agissait littéralement de moins de quelques votes par circonscription. »",hal.science,Scientific source,Out of context
128,F,"« En ce qui concerne le nombre de votes remportés par le président Joe Biden, il s'agissait littéralement de moins de quelques votes par circonscription. »",institutmontaigne.org,Unclear website,Out of context
128,F,"« En ce qui concerne le nombre de votes remportés par le président Joe Biden, il s'agissait littéralement de moins de quelques votes par circonscription. »",leclubdesjuristes.com,Unclear website,Out of context
128,F,"« En ce qui concerne le nombre de votes remportés par le président Joe Biden, il s'agissait littéralement de moins de quelques votes par circonscription. »",rts.ch,Unclear website,Out of context
128,F,"« En ce qui concerne le nombre de votes remportés par le président Joe Biden, il s'agissait littéralement de moins de quelques votes par circonscription. »",journals.openedition.org,Unclear website,Out of context
128,F,"« En ce qui concerne le nombre de votes remportés par le président Joe Biden, il s'agissait littéralement de moins de quelques votes par circonscription. »",voaafrique.com,Unclear website,Out of context
128,F,"« En ce qui concerne le nombre de votes remportés par le président Joe Biden, il s'agissait littéralement de moins de quelques votes par circonscription. »",hewlett.org,Unclear website,Out of context
128,F,"« En ce qui concerne le nombre de votes remportés par le président Joe Biden, il s'agissait littéralement de moins de quelques votes par circonscription. »",cartonumerique.blogspot.com...,Unclear website,Out of context
128,F,"« En ce qui concerne le nombre de votes remportés par le président Joe Biden, il s'agissait littéralement de moins de quelques votes par circonscription. »",assemblee-nationale.fr,Government / public institution,Out of context
128,F,"« En ce qui concerne le nombre de votes remportés par le président Joe Biden, il s'agissait littéralement de moins de quelques votes par circonscription. »",generationsanstabac.org...,Unclear website,Out of context
128,F,"« En ce qui concerne le nombre de votes remportés par le président Joe Biden, il s'agissait littéralement de moins de quelques votes par circonscription. »",pepite-depot.univ-lille.fr,Unclear website,Out of context
128,F,"« En ce qui concerne le nombre de votes remportés par le président Joe Biden, il s'agissait littéralement de moins de quelques votes par circonscription. »",diploweb.com,Unclear website,Out of context
128,F,"« En ce qui concerne le nombre de votes remportés par le président Joe Biden, il s'agissait littéralement de moins de quelques votes par circonscription. »",iro.umontreal.ca,Unclear website,Out of context
128,F,"« En ce qui concerne le nombre de votes remportés par le président Joe Biden, il s'agissait littéralement de moins de quelques votes par circonscription. »",pisani-ferry.org,Unclear website,Out of context
128,F,"« En ce qui concerne le nombre de votes remportés par le président Joe Biden, il s'agissait littéralement de moins de quelques votes par circonscription. »",scribd.com,Intermediate media,Out of context
128,F,"« En ce qui concerne le nombre de votes remportés par le président Joe Biden, il s'agissait littéralement de moins de quelques votes par circonscription. »",numerique.banq.qc.ca,Unclear website,Out of context
129,E,"Gaza has “the highest number of people facing catastrophic hunger ever recorded by the Integrated Food Security Classification system — anywhere, anytime.”",sciencedirect.com,Scientific source,Out of context
129,E,"Gaza has “the highest number of people facing catastrophic hunger ever recorded by the Integrated Food Security Classification system — anywhere, anytime.”",sciencedirect.com,Scientific source,Out of context
129,E,"Gaza has “the highest number of people facing catastrophic hunger ever recorded by the Integrated Food Security Classification system — anywhere, anytime.”",sciencedirect.com,Scientific source,Partially relevant
129,E,"Gaza has “the highest number of people facing catastrophic hunger ever recorded by the Integrated Food Security Classification system — anywhere, anytime.”",pmc.ncbi.nlm.nih.gov,Government / public institution,Out of context
129,E,"Gaza has “the highest number of people facing catastrophic hunger ever recorded by the Integrated Food Security Classification system — anywhere, anytime.”",cfr.org,Unclear website,Partially relevant
129,E,"Gaza has “the highest number of people facing catastrophic hunger ever recorded by the Integrated Food Security Classification system — anywhere, anytime.”",who.int,International organization,Out of context
129,E,"Gaza has “the highest number of people facing catastrophic hunger ever recorded by the Integrated Food Security Classification system — anywhere, anytime.”",fightfoodcrises.net,Unclear website,Out of context
129,E,"Gaza has “the highest number of people facing catastrophic hunger ever recorded by the Integrated Food Security Classification system — anywhere, anytime.”",ipcinfo.org,Unclear website,Out of context
129,E,"Gaza has “the highest number of people facing catastrophic hunger ever recorded by the Integrated Food Security Classification system — anywhere, anytime.”",unhcr.org,International organization,Out of context
129,E,"Gaza has “the highest number of people facing catastrophic hunger ever recorded by the Integrated Food Security Classification system — anywhere, anytime.”",wfp.org,Unclear website,Out of context
129,E,"Gaza has “the highest number of people facing catastrophic hunger ever recorded by the Integrated Food Security Classification system — anywhere, anytime.”",fao.org,International organization,Out of context
129,E,"Gaza has “the highest number of people facing catastrophic hunger ever recorded by the Integrated Food Security Classification system — anywhere, anytime.”",fightfoodcrises.net,Unclear website,Out of context
129,E,"Gaza has “the highest number of people facing catastrophic hunger ever recorded by the Integrated Food Security Classification system — anywhere, anytime.”",wfpusa.org,Unclear website,Out of context
129,E,"Gaza has “the highest number of people facing catastrophic hunger ever recorded by the Integrated Food Security Classification system — anywhere, anytime.”",oxfam.org,Unclear website,Out of context
129,E,"Gaza has “the highest number of people facing catastrophic hunger ever recorded by the Integrated Food Security Classification system — anywhere, anytime.”",refugeesinternational.o...,Unclear website,Out of context
129,E,"Gaza has “the highest number of people facing catastrophic hunger ever recorded by the Integrated Food Security Classification system — anywhere, anytime.”",un.org,International organization,Out of context
129,E,"Gaza has “the highest number of people facing catastrophic hunger ever recorded by the Integrated Food Security Classification system — anywhere, anytime.”",ochaopt.org,Unclear website,Out of context
129,E,"Gaza has “the highest number of people facing catastrophic hunger ever recorded by the Integrated Food Security Classification system — anywhere, anytime.”",ochaopt.org,Unclear website,Out of context
129,E,"Gaza has “the highest number of people facing catastrophic hunger ever recorded by the Integrated Food Security Classification system — anywhere, anytime.”",wfp.org,Unclear website,Partially relevant
129,E,"Gaza has “the highest number of people facing catastrophic hunger ever recorded by the Integrated Food Security Classification system — anywhere, anytime.”",wfp.org,Unclear website,Out of context
129,E,"Gaza has “the highest number of people facing catastrophic hunger ever recorded by the Integrated Food Security Classification system — anywhere, anytime.”",fews.net,Unclear website,Partially relevant
129,E,"Gaza has “the highest number of people facing catastrophic hunger ever recorded by the Integrated Food Security Classification system — anywhere, anytime.”",ipcinfo.org,Unclear website,Partially relevant
129,E,"Gaza has “the highest number of people facing catastrophic hunger ever recorded by the Integrated Food Security Classification system — anywhere, anytime.”",un.org,International organization,Partially relevant
129,E,"Gaza has “the highest number of people facing catastrophic hunger ever recorded by the Integrated Food Security Classification system — anywhere, anytime.”",ipcinfo.org,Unclear website,Out of context
129,E,"Gaza has “the highest number of people facing catastrophic hunger ever recorded by the Integrated Food Security Classification system — anywhere, anytime.”",ipcinfo.org,Unclear website,Out of context
129,E,"Gaza has “the highest number of people facing catastrophic hunger ever recorded by the Integrated Food Security Classification system — anywhere, anytime.”",news.un.org,International organization,Partially relevant
129,E,"Gaza has “the highest number of people facing catastrophic hunger ever recorded by the Integrated Food Security Classification system — anywhere, anytime.”",wfpusa.org,Unclear website,Out of context
129,E,"Gaza has “the highest number of people facing catastrophic hunger ever recorded by the Integrated Food Security Classification system — anywhere, anytime.”",ipcinfo.org,Unclear website,Out of context
129,E,"Gaza has “the highest number of people facing catastrophic hunger ever recorded by the Integrated Food Security Classification system — anywhere, anytime.”",wfp.org,Unclear website,Out of context
129,E,"Gaza has “the highest number of people facing catastrophic hunger ever recorded by the Integrated Food Security Classification system — anywhere, anytime.”",reliefweb.int,Unclear website,Out of context
130,F,"Gaza compte « le plus grand nombre de personnes confrontées à une faim catastrophique jamais enregistré par le système intégré de classification de la sécurité alimentaire, où que ce soit et à quelque époque que ce soit ».",edoc.rki.de,Unclear website,Out of context
130,F,"Gaza compte « le plus grand nombre de personnes confrontées à une faim catastrophique jamais enregistré par le système intégré de classification de la sécurité alimentaire, où que ce soit et à quelque époque que ce soit ».",data.unicef.org,International organization,Out of context
130,F,"Gaza compte « le plus grand nombre de personnes confrontées à une faim catastrophique jamais enregistré par le système intégré de classification de la sécurité alimentaire, où que ce soit et à quelque époque que ce soit ».",icj-cij.org,Unclear website,Out of context
130,F,"Gaza compte « le plus grand nombre de personnes confrontées à une faim catastrophique jamais enregistré par le système intégré de classification de la sécurité alimentaire, où que ce soit et à quelque époque que ce soit ».",openknowledge.fao.org,International organization,Out of context
130,F,"Gaza compte « le plus grand nombre de personnes confrontées à une faim catastrophique jamais enregistré par le système intégré de classification de la sécurité alimentaire, où que ce soit et à quelque époque que ce soit ».",executiveboard.wfp.org,Unclear website,Out of context
130,F,"Gaza compte « le plus grand nombre de personnes confrontées à une faim catastrophique jamais enregistré par le système intégré de classification de la sécurité alimentaire, où que ce soit et à quelque époque que ce soit ».",wfp.tind.io,Unclear website,Out of context
130,F,"Gaza compte « le plus grand nombre de personnes confrontées à une faim catastrophique jamais enregistré par le système intégré de classification de la sécurité alimentaire, où que ce soit et à quelque époque que ce soit ».",documents.worldbank.org,International organization,Out of context
130,F,"Gaza compte « le plus grand nombre de personnes confrontées à une faim catastrophique jamais enregistré par le système intégré de classification de la sécurité alimentaire, où que ce soit et à quelque époque que ce soit ».",fao.org,International organization,Out of context
130,F,"Gaza compte « le plus grand nombre de personnes confrontées à une faim catastrophique jamais enregistré par le système intégré de classification de la sécurité alimentaire, où que ce soit et à quelque époque que ce soit ».",digitallibrary.un.org,International organization,Out of context
130,F,"Gaza compte « le plus grand nombre de personnes confrontées à une faim catastrophique jamais enregistré par le système intégré de classification de la sécurité alimentaire, où que ce soit et à quelque époque que ce soit ».",oecd.org,International organization,Out of context
130,F,"Gaza compte « le plus grand nombre de personnes confrontées à une faim catastrophique jamais enregistré par le système intégré de classification de la sécurité alimentaire, où que ce soit et à quelque époque que ce soit ».",ifrc.org,Unclear website,Out of context
130,F,"Gaza compte « le plus grand nombre de personnes confrontées à une faim catastrophique jamais enregistré par le système intégré de classification de la sécurité alimentaire, où que ce soit et à quelque époque que ce soit ».",documents1.worldbank.org,International organization,Out of context
130,F,"Gaza compte « le plus grand nombre de personnes confrontées à une faim catastrophique jamais enregistré par le système intégré de classification de la sécurité alimentaire, où que ce soit et à quelque époque que ce soit ».",unesdoc.unesco.org,International organization,Out of context
130,F,"Gaza compte « le plus grand nombre de personnes confrontées à une faim catastrophique jamais enregistré par le système intégré de classification de la sécurité alimentaire, où que ce soit et à quelque époque que ce soit ».",portals.iucn.org,Unclear website,Out of context
130,F,"Gaza compte « le plus grand nombre de personnes confrontées à une faim catastrophique jamais enregistré par le système intégré de classification de la sécurité alimentaire, où que ce soit et à quelque époque que ce soit ».",irasec.com,Unclear website,Out of context
130,F,"Gaza compte « le plus grand nombre de personnes confrontées à une faim catastrophique jamais enregistré par le système intégré de classification de la sécurité alimentaire, où que ce soit et à quelque époque que ce soit ».",budget.gouv.fr,Unclear website,Out of context
130,F,"Gaza compte « le plus grand nombre de personnes confrontées à une faim catastrophique jamais enregistré par le système intégré de classification de la sécurité alimentaire, où que ce soit et à quelque époque que ce soit ».",documents1.worldbank.org,International organization,Out of context
130,F,"Gaza compte « le plus grand nombre de personnes confrontées à une faim catastrophique jamais enregistré par le système intégré de classification de la sécurité alimentaire, où que ce soit et à quelque époque que ce soit ».",unsdg.un.org,International organization,Out of context
130,F,"Gaza compte « le plus grand nombre de personnes confrontées à une faim catastrophique jamais enregistré par le système intégré de classification de la sécurité alimentaire, où que ce soit et à quelque époque que ce soit ».",executiveboard.wfp.org,Unclear website,Out of context
130,F,"Gaza compte « le plus grand nombre de personnes confrontées à une faim catastrophique jamais enregistré par le système intégré de classification de la sécurité alimentaire, où que ce soit et à quelque époque que ce soit ».",openknowledge.fao.org,International organization,Out of context
130,F,"Gaza compte « le plus grand nombre de personnes confrontées à une faim catastrophique jamais enregistré par le système intégré de classification de la sécurité alimentaire, où que ce soit et à quelque époque que ce soit ».",reliefweb.int,Unclear website,Out of context
130,F,"Gaza compte « le plus grand nombre de personnes confrontées à une faim catastrophique jamais enregistré par le système intégré de classification de la sécurité alimentaire, où que ce soit et à quelque époque que ce soit ».",fao.org,International organization,Out of context
130,F,"Gaza compte « le plus grand nombre de personnes confrontées à une faim catastrophique jamais enregistré par le système intégré de classification de la sécurité alimentaire, où que ce soit et à quelque époque que ce soit ».",unhcr.org,International organization,Out of context
130,F,"Gaza compte « le plus grand nombre de personnes confrontées à une faim catastrophique jamais enregistré par le système intégré de classification de la sécurité alimentaire, où que ce soit et à quelque époque que ce soit ».",openknowledge.fao.org,International organization,Out of context
130,F,"Gaza compte « le plus grand nombre de personnes confrontées à une faim catastrophique jamais enregistré par le système intégré de classification de la sécurité alimentaire, où que ce soit et à quelque époque que ce soit ».",unicef.fr,Unclear website,Out of context
130,F,"Gaza compte « le plus grand nombre de personnes confrontées à une faim catastrophique jamais enregistré par le système intégré de classification de la sécurité alimentaire, où que ce soit et à quelque époque que ce soit ».",openknowledge.fao.org,International organization,Out of context
130,F,"Gaza compte « le plus grand nombre de personnes confrontées à une faim catastrophique jamais enregistré par le système intégré de classification de la sécurité alimentaire, où que ce soit et à quelque époque que ce soit ».",fao.org,International organization,Out of context
130,F,"Gaza compte « le plus grand nombre de personnes confrontées à une faim catastrophique jamais enregistré par le système intégré de classification de la sécurité alimentaire, où que ce soit et à quelque époque que ce soit ».",undp.org,International organization,Out of context
130,F,"Gaza compte « le plus grand nombre de personnes confrontées à une faim catastrophique jamais enregistré par le système intégré de classification de la sécurité alimentaire, où que ce soit et à quelque époque que ce soit ».",senat.fr,Unclear website,Out of context
130,F,"Gaza compte « le plus grand nombre de personnes confrontées à une faim catastrophique jamais enregistré par le système intégré de classification de la sécurité alimentaire, où que ce soit et à quelque époque que ce soit ».",fao.org,International organization,Out of context
130,F,"Gaza compte « le plus grand nombre de personnes confrontées à une faim catastrophique jamais enregistré par le système intégré de classification de la sécurité alimentaire, où que ce soit et à quelque époque que ce soit ».",peaceau.org,Unclear website,Out of context
131,E,The Great Lakes account for “over 20% of the world’s freshwater and over 80% of North America’s freshwater.”,cdc.gov,Government / public institution,Out of context
131,E,The Great Lakes account for “over 20% of the world’s freshwater and over 80% of North America’s freshwater.”,sciencedirect.com,Scientific source,Out of context
131,E,The Great Lakes account for “over 20% of the world’s freshwater and over 80% of North America’s freshwater.”,noaa.gov,Government / public institution,Out of context
131,E,The Great Lakes account for “over 20% of the world’s freshwater and over 80% of North America’s freshwater.”,sciencedirect.com,Scientific source,Out of context
131,E,The Great Lakes account for “over 20% of the world’s freshwater and over 80% of North America’s freshwater.”,sciencedirect.com,Scientific source,Out of context
131,E,The Great Lakes account for “over 20% of the world’s freshwater and over 80% of North America’s freshwater.”,response.restoration.noaa.g...,Unclear website,Partially relevant
131,E,The Great Lakes account for “over 20% of the world’s freshwater and over 80% of North America’s freshwater.”,coast.noaa.gov,Government / public institution,Partially relevant
131,E,The Great Lakes account for “over 20% of the world’s freshwater and over 80% of North America’s freshwater.”,pmc.ncbi.nlm.nih.gov,Government / public institution,Out of context
131,E,The Great Lakes account for “over 20% of the world’s freshwater and over 80% of North America’s freshwater.”,pmc.ncbi.nlm.nih.gov,Government / public institution,Out of context
131,E,The Great Lakes account for “over 20% of the world’s freshwater and over 80% of North America’s freshwater.”,politifact.com,Journalistic source,Relevant
131,E,The Great Lakes account for “over 20% of the world’s freshwater and over 80% of North America’s freshwater.”,carnegieendowment.org,Unclear website,Out of context
131,E,The Great Lakes account for “over 20% of the world’s freshwater and over 80% of North America’s freshwater.”,en.wikipedia.org,Intermediate media,Partially relevant
131,E,The Great Lakes account for “over 20% of the world’s freshwater and over 80% of North America’s freshwater.”,budgetlab.yale.edu,Scientific source,Out of context
131,E,The Great Lakes account for “over 20% of the world’s freshwater and over 80% of North America’s freshwater.”,deq.nc.gov,Government / public institution,Partially relevant
131,E,The Great Lakes account for “over 20% of the world’s freshwater and over 80% of North America’s freshwater.”,michigan.gov,Government / public institution,Partially relevant
131,E,The Great Lakes account for “over 20% of the world’s freshwater and over 80% of North America’s freshwater.”,dos.ny.gov,Government / public institution,Out of context
131,E,The Great Lakes account for “over 20% of the world’s freshwater and over 80% of North America’s freshwater.”,dep.nj.gov,Government / public institution,Out of context
131,E,The Great Lakes account for “over 20% of the world’s freshwater and over 80% of North America’s freshwater.”,dep.nj.gov,Government / public institution,Out of context
131,E,The Great Lakes account for “over 20% of the world’s freshwater and over 80% of North America’s freshwater.”,epa.gov,Government / public institution,Out of context
131,E,The Great Lakes account for “over 20% of the world’s freshwater and over 80% of North America’s freshwater.”,michigan.gov,Government / public institution,Partially relevant
131,E,The Great Lakes account for “over 20% of the world’s freshwater and over 80% of North America’s freshwater.”,aacrjournals.org,Unclear website,Out of context
131,E,The Great Lakes account for “over 20% of the world’s freshwater and over 80% of North America’s freshwater.”,authors.wiley.com,Scientific source,Out of context
131,E,The Great Lakes account for “over 20% of the world’s freshwater and over 80% of North America’s freshwater.”,ftc.gov,Government / public institution,Out of context
131,E,The Great Lakes account for “over 20% of the world’s freshwater and over 80% of North America’s freshwater.”,education.nationalgeographi...,Unclear website,Partially relevant
131,E,The Great Lakes account for “over 20% of the world’s freshwater and over 80% of North America’s freshwater.”,watershedcouncil.org,Unclear website,Partially relevant
131,E,The Great Lakes account for “over 20% of the world’s freshwater and over 80% of North America’s freshwater.”,epa.gov,Government / public institution,Partially relevant
132,F,Les Grands Lacs représentent « plus de 20 % de l'eau douce mondiale et plus de 80 % de l'eau douce de l'Amérique du Nord ».,fr.wikipedia.org,Intermediate media,Relevant
132,F,Les Grands Lacs représentent « plus de 20 % de l'eau douce mondiale et plus de 80 % de l'eau douce de l'Amérique du Nord ».,unesdoc.unesco.org,International organization,Partially relevant
132,F,Les Grands Lacs représentent « plus de 20 % de l'eau douce mondiale et plus de 80 % de l'eau douce de l'Amérique du Nord ».,atlasocio.com,Unclear website,Out of context
132,F,Les Grands Lacs représentent « plus de 20 % de l'eau douce mondiale et plus de 80 % de l'eau douce de l'Amérique du Nord ».,openknowledge.fao.org,International organization,Partially relevant
132,F,Les Grands Lacs représentent « plus de 20 % de l'eau douce mondiale et plus de 80 % de l'eau douce de l'Amérique du Nord ».,digitallibrary.un.org,International organization,Out of context
132,F,Les Grands Lacs représentent « plus de 20 % de l'eau douce mondiale et plus de 80 % de l'eau douce de l'Amérique du Nord ».,unesdoc.unesco.org,International organization,Out of context
132,F,Les Grands Lacs représentent « plus de 20 % de l'eau douce mondiale et plus de 80 % de l'eau douce de l'Amérique du Nord ».,canada.ca,Government / public institution,Out of context
132,F,Les Grands Lacs représentent « plus de 20 % de l'eau douce mondiale et plus de 80 % de l'eau douce de l'Amérique du Nord ».,ceim.uqam.ca,Unclear website,Partially relevant
132,F,Les Grands Lacs représentent « plus de 20 % de l'eau douce mondiale et plus de 80 % de l'eau douce de l'Amérique du Nord ».,cec.org,Unclear website,Partially relevant
132,F,Les Grands Lacs représentent « plus de 20 % de l'eau douce mondiale et plus de 80 % de l'eau douce de l'Amérique du Nord ».,cnsc-ccsn.gc.ca,Government / public institution,Relevant
132,F,Les Grands Lacs représentent « plus de 20 % de l'eau douce mondiale et plus de 80 % de l'eau douce de l'Amérique du Nord ».,countryreports.org,Unclear website,Relevant
132,F,Les Grands Lacs représentent « plus de 20 % de l'eau douce mondiale et plus de 80 % de l'eau douce de l'Amérique du Nord ».,cec.org,Unclear website,Relevant
132,F,Les Grands Lacs représentent « plus de 20 % de l'eau douce mondiale et plus de 80 % de l'eau douce de l'Amérique du Nord ».,statistiques.developpem...,Unclear website,Partially relevant
132,F,Les Grands Lacs représentent « plus de 20 % de l'eau douce mondiale et plus de 80 % de l'eau douce de l'Amérique du Nord ».,biinaagami.org,Unclear website,Partially relevant
132,F,Les Grands Lacs représentent « plus de 20 % de l'eau douce mondiale et plus de 80 % de l'eau douce de l'Amérique du Nord ».,atlasocio.com,Unclear website,Partially relevant
132,F,Les Grands Lacs représentent « plus de 20 % de l'eau douce mondiale et plus de 80 % de l'eau douce de l'Amérique du Nord ».,unesdoc.unesco.org,International organization,Partially relevant
132,F,Les Grands Lacs représentent « plus de 20 % de l'eau douce mondiale et plus de 80 % de l'eau douce de l'Amérique du Nord ».,niagaraparks.com,Unclear website,Relevant
132,F,Les Grands Lacs représentent « plus de 20 % de l'eau douce mondiale et plus de 80 % de l'eau douce de l'Amérique du Nord ».,clearseas.org,Unclear website,Partially relevant
132,F,Les Grands Lacs représentent « plus de 20 % de l'eau douce mondiale et plus de 80 % de l'eau douce de l'Amérique du Nord ».,techniques-ingenieur.fr...,Unclear website,Partially relevant
132,F,Les Grands Lacs représentent « plus de 20 % de l'eau douce mondiale et plus de 80 % de l'eau douce de l'Amérique du Nord ».,baike.baidu.com,Unclear website,Relevant
132,F,Les Grands Lacs représentent « plus de 20 % de l'eau douce mondiale et plus de 80 % de l'eau douce de l'Amérique du Nord ».,cec.org,Unclear website,Partially relevant
132,F,Les Grands Lacs représentent « plus de 20 % de l'eau douce mondiale et plus de 80 % de l'eau douce de l'Amérique du Nord ».,canada.ca,Government / public institution,Partially relevant
132,F,Les Grands Lacs représentent « plus de 20 % de l'eau douce mondiale et plus de 80 % de l'eau douce de l'Amérique du Nord ».,dfo-mpo.gc.ca,Government / public institution,Partially relevant
132,F,Les Grands Lacs représentent « plus de 20 % de l'eau douce mondiale et plus de 80 % de l'eau douce de l'Amérique du Nord ».,un-igrac.org,Unclear website,Out of context
132,F,Les Grands Lacs représentent « plus de 20 % de l'eau douce mondiale et plus de 80 % de l'eau douce de l'Amérique du Nord ».,canada.ca,Government / public institution,Relevant
133,E,“We’re having the largest classes of correctional officers we’ve ever had before.”,cbo.gov,Government / public institution,Out of context
133,E,“We’re having the largest classes of correctional officers we’ve ever had before.”,csis.org,Unclear website,Out of context
133,E,“We’re having the largest classes of correctional officers we’ve ever had before.”,migrationpolicy.org,Unclear website,Out of context
133,E,“We’re having the largest classes of correctional officers we’ve ever had before.”,sentencingproject.org,Unclear website,Out of context
133,E,“We’re having the largest classes of correctional officers we’ve ever had before.”,bls.gov,Government / public institution,Out of context
133,E,“We’re having the largest classes of correctional officers we’ve ever had before.”,csgjusticecenter.org,Unclear website,Out of context
133,E,“We’re having the largest classes of correctional officers we’ve ever had before.”,fbi.gov,Government / public institution,Out of context
133,E,“We’re having the largest classes of correctional officers we’ve ever had before.”,ussc.gov,Government / public institution,Out of context
133,E,“We’re having the largest classes of correctional officers we’ve ever had before.”,prisonpolicy.org,Unclear website,Out of context
133,E,“We’re having the largest classes of correctional officers we’ve ever had before.”,bls.gov,Government / public institution,Out of context
133,E,“We’re having the largest classes of correctional officers we’ve ever had before.”,prisonpolicy.org,Unclear website,Out of context
133,E,“We’re having the largest classes of correctional officers we’ve ever had before.”,ohioattorneygeneral.gov...,Government / public institution,Out of context
133,E,“We’re having the largest classes of correctional officers we’ve ever had before.”,joinatlantapd.org,Unclear website,Out of context
133,E,“We’re having the largest classes of correctional officers we’ve ever had before.”,post.ca.gov,Government / public institution,Out of context
133,E,“We’re having the largest classes of correctional officers we’ve ever had before.”,cityofboise.org,Unclear website,Out of context
133,E,“We’re having the largest classes of correctional officers we’ve ever had before.”,lsp.org,Unclear website,Out of context
133,E,“We’re having the largest classes of correctional officers we’ve ever had before.”,comptroller.nyc.gov,Government / public institution,Out of context
133,E,“We’re having the largest classes of correctional officers we’ve ever had before.”,doc.delaware.gov,Government / public institution,Out of context
133,E,“We’re having the largest classes of correctional officers we’ve ever had before.”,comptroller.nyc.gov,Government / public institution,Out of context
133,E,“We’re having the largest classes of correctional officers we’ve ever had before.”,prisonpolicy.org,Unclear website,Out of context
133,E,“We’re having the largest classes of correctional officers we’ve ever had before.”,apaf.org,Unclear website,Out of context
133,E,“We’re having the largest classes of correctional officers we’ve ever had before.”,upguard.com,Unclear website,Out of context
133,E,“We’re having the largest classes of correctional officers we’ve ever had before.”,ourpublicservice.org,Unclear website,Out of context
133,E,“We’re having the largest classes of correctional officers we’ve ever had before.”,doc.ri.gov,Government / public institution,Out of context
133,E,“We’re having the largest classes of correctional officers we’ve ever had before.”,doc.alabama.gov,Government / public institution,Partially relevant
133,E,“We’re having the largest classes of correctional officers we’ve ever had before.”,michigan.gov,Government / public institution,Out of context
133,E,“We’re having the largest classes of correctional officers we’ve ever had before.”,doc.alabama.gov,Government / public institution,Partially relevant
133,E,“We’re having the largest classes of correctional officers we’ve ever had before.”,stlouis-mo.gov,Government / public institution,Out of context
133,E,“We’re having the largest classes of correctional officers we’ve ever had before.”,nyc.gov,Government / public institution,Out of context
133,E,“We’re having the largest classes of correctional officers we’ve ever had before.”,aldailynews.com,Journalistic source,Out of context
133,E,“We’re having the largest classes of correctional officers we’ve ever had before.”,michigan.gov,Government / public institution,Out of context
133,E,“We’re having the largest classes of correctional officers we’ve ever had before.”,doc.alabama.gov,Government / public institution,Out of context
133,E,“We’re having the largest classes of correctional officers we’ve ever had before.”,bop.gov,Government / public institution,Out of context
133,E,“We’re having the largest classes of correctional officers we’ve ever had before.”,esd.whs.mil,Unclear website,Out of context
133,E,“We’re having the largest classes of correctional officers we’ve ever had before.”,fsapartners.ed.gov,Government / public institution,Out of context
133,E,“We’re having the largest classes of correctional officers we’ve ever had before.”,azleg.gov,Government / public institution,Out of context
133,E,“We’re having the largest classes of correctional officers we’ve ever had before.”,phila.gov,Government / public institution,Out of context
134,F,« Nous avons les plus grandes cohortes d'agents correctionnels que nous ayons jamais eues. »,agriculture.canada.ca,Government / public institution,Out of context
134,F,« Nous avons les plus grandes cohortes d'agents correctionnels que nous ayons jamais eues. »,ontario.ca,Government / public institution,Out of context
134,F,« Nous avons les plus grandes cohortes d'agents correctionnels que nous ayons jamais eues. »,oci-bec.gc.ca,Government / public institution,Out of context
134,F,« Nous avons les plus grandes cohortes d'agents correctionnels que nous ayons jamais eues. »,tc.canada.ca,Government / public institution,Out of context
134,F,« Nous avons les plus grandes cohortes d'agents correctionnels que nous ayons jamais eues. »,canada.ca,Government / public institution,Out of context
134,F,« Nous avons les plus grandes cohortes d'agents correctionnels que nous ayons jamais eues. »,budget.canada.ca,Government / public institution,Out of context
134,F,« Nous avons les plus grandes cohortes d'agents correctionnels que nous ayons jamais eues. »,securitepublique.gc.ca,Government / public institution,Out of context
134,F,« Nous avons les plus grandes cohortes d'agents correctionnels que nous ayons jamais eues. »,budget.canada.ca,Government / public institution,Out of context
134,F,« Nous avons les plus grandes cohortes d'agents correctionnels que nous ayons jamais eues. »,justice.gc.ca,Government / public institution,Out of context
134,F,« Nous avons les plus grandes cohortes d'agents correctionnels que nous ayons jamais eues. »,canada.ca,Government / public institution,Out of context
134,F,« Nous avons les plus grandes cohortes d'agents correctionnels que nous ayons jamais eues. »,budget.canada.ca,Government / public institution,Out of context
134,F,« Nous avons les plus grandes cohortes d'agents correctionnels que nous ayons jamais eues. »,international.canada.ca,Government / public institution,Out of context
134,F,« Nous avons les plus grandes cohortes d'agents correctionnels que nous ayons jamais eues. »,cbsa-asfc.gc.ca,Government / public institution,Out of context
134,F,« Nous avons les plus grandes cohortes d'agents correctionnels que nous ayons jamais eues. »,canada.ca,Government / public institution,Out of context
134,F,« Nous avons les plus grandes cohortes d'agents correctionnels que nous ayons jamais eues. »,nrc.canada.ca,Government / public institution,Out of context
134,F,« Nous avons les plus grandes cohortes d'agents correctionnels que nous ayons jamais eues. »,ombudsman.on.ca,Unclear website,Out of context
134,F,« Nous avons les plus grandes cohortes d'agents correctionnels que nous ayons jamais eues. »,senat.fr,Unclear website,Out of context
134,F,« Nous avons les plus grandes cohortes d'agents correctionnels que nous ayons jamais eues. »,canada.ca,Government / public institution,Out of context
134,F,« Nous avons les plus grandes cohortes d'agents correctionnels que nous ayons jamais eues. »,canada.ca,Government / public institution,Out of context
134,F,« Nous avons les plus grandes cohortes d'agents correctionnels que nous ayons jamais eues. »,cdn-contenu.quebec.ca,Government / public institution,Out of context
134,F,« Nous avons les plus grandes cohortes d'agents correctionnels que nous ayons jamais eues. »,budget.gouv.fr,Unclear website,Out of context
134,F,« Nous avons les plus grandes cohortes d'agents correctionnels que nous ayons jamais eues. »,legifrance.gouv.fr,Government / public institution,Out of context
134,F,« Nous avons les plus grandes cohortes d'agents correctionnels que nous ayons jamais eues. »,search.coe.int,International organization,Out of context
134,F,« Nous avons les plus grandes cohortes d'agents correctionnels que nous ayons jamais eues. »,quebec.ca,Government / public institution,Out of context
134,F,« Nous avons les plus grandes cohortes d'agents correctionnels que nous ayons jamais eues. »,resources.theglobalfund.org...,Unclear website,Out of context
134,F,« Nous avons les plus grandes cohortes d'agents correctionnels que nous ayons jamais eues. »,fatf-gafi.org,Unclear website,Out of context
134,F,« Nous avons les plus grandes cohortes d'agents correctionnels que nous ayons jamais eues. »,oci-bec.gc.ca,Government / public institution,Out of context
134,F,« Nous avons les plus grandes cohortes d'agents correctionnels que nous ayons jamais eues. »,ombudsman.on.ca,Unclear website,Out of context
134,F,« Nous avons les plus grandes cohortes d'agents correctionnels que nous ayons jamais eues. »,strategie-plan.gouv.fr,Unclear website,Out of context
134,F,« Nous avons les plus grandes cohortes d'agents correctionnels que nous ayons jamais eues. »,unodc.org,International organization,Out of context
134,F,« Nous avons les plus grandes cohortes d'agents correctionnels que nous ayons jamais eues. »,canada.ca,Government / public institution,Out of context
134,F,« Nous avons les plus grandes cohortes d'agents correctionnels que nous ayons jamais eues. »,publications.gc.ca,Government / public institution,Out of context
134,F,« Nous avons les plus grandes cohortes d'agents correctionnels que nous ayons jamais eues. »,unodc.org,International organization,Out of context
134,F,« Nous avons les plus grandes cohortes d'agents correctionnels que nous ayons jamais eues. »,documents1.worldbank.org,International organization,Out of context
134,F,« Nous avons les plus grandes cohortes d'agents correctionnels que nous ayons jamais eues. »,oci-bec.gc.ca,Government / public institution,Out of context
134,F,« Nous avons les plus grandes cohortes d'agents correctionnels que nous ayons jamais eues. »,canada.ca,Government / public institution,Out of context
134,F,« Nous avons les plus grandes cohortes d'agents correctionnels que nous ayons jamais eues. »,strategie-plan.gouv.fr,Unclear website,Out of context
135,E,"“We’ve seen an 800% increase in the Swanton sector, which is the part of the northern border that I represent, in illegal crossings.”",npr.org,Journalistic source,Partially relevant
135,E,"“We’ve seen an 800% increase in the Swanton sector, which is the part of the northern border that I represent, in illegal crossings.”",homeland.house.gov,Government / public institution,Partially relevant
135,E,"“We’ve seen an 800% increase in the Swanton sector, which is the part of the northern border that I represent, in illegal crossings.”",files.gao.gov,Government / public institution,Partially relevant
135,E,"“We’ve seen an 800% increase in the Swanton sector, which is the part of the northern border that I represent, in illegal crossings.”",americanimmigrationcoun...,Unclear website,Out of context
135,E,"“We’ve seen an 800% increase in the Swanton sector, which is the part of the northern border that I represent, in illegal crossings.”",thecentersquare.com,Unclear website,Out of context
135,E,"“We’ve seen an 800% increase in the Swanton sector, which is the part of the northern border that I represent, in illegal crossings.”",wbur.org,Unclear website,Partially relevant
135,E,"“We’ve seen an 800% increase in the Swanton sector, which is the part of the northern border that I represent, in illegal crossings.”",thenationaldesk.com,Unclear website,Partially relevant
135,E,"“We’ve seen an 800% increase in the Swanton sector, which is the part of the northern border that I represent, in illegal crossings.”",judiciary.senate.gov,Government / public institution,Out of context
135,E,"“We’ve seen an 800% increase in the Swanton sector, which is the part of the northern border that I represent, in illegal crossings.”",cbp.gov,Government / public institution,Out of context
135,E,"“We’ve seen an 800% increase in the Swanton sector, which is the part of the northern border that I represent, in illegal crossings.”",justice.gov,Government / public institution,Partially relevant
135,E,"“We’ve seen an 800% increase in the Swanton sector, which is the part of the northern border that I represent, in illegal crossings.”",nhjournal.com,Journalistic source,Partially relevant
135,E,"“We’ve seen an 800% increase in the Swanton sector, which is the part of the northern border that I represent, in illegal crossings.”",newhampshirebulletin.com,Unclear website,Partially relevant
135,E,"“We’ve seen an 800% increase in the Swanton sector, which is the part of the northern border that I represent, in illegal crossings.”",kosu.org,Unclear website,Partially relevant
135,E,"“We’ve seen an 800% increase in the Swanton sector, which is the part of the northern border that I represent, in illegal crossings.”",ohss.dhs.gov,Government / public institution,Out of context
135,E,"“We’ve seen an 800% increase in the Swanton sector, which is the part of the northern border that I represent, in illegal crossings.”",ctip.defense.gov,Government / public institution,Out of context
135,E,"“We’ve seen an 800% increase in the Swanton sector, which is the part of the northern border that I represent, in illegal crossings.”",cbp.gov,Government / public institution,Out of context
136,F,"« Nous avons constaté une augmentation de 800 % des passages illégaux dans le secteur de Swanton, qui correspond à la partie de la frontière nord que je représente. »",fr.wikipedia.org,Intermediate media,Out of context
136,F,"« Nous avons constaté une augmentation de 800 % des passages illégaux dans le secteur de Swanton, qui correspond à la partie de la frontière nord que je représente. »",fr.wikipedia.org,Intermediate media,Out of context
136,F,"« Nous avons constaté une augmentation de 800 % des passages illégaux dans le secteur de Swanton, qui correspond à la partie de la frontière nord que je représente. »",journaldemontreal.com,Journalistic source,Out of context
136,F,"« Nous avons constaté une augmentation de 800 % des passages illégaux dans le secteur de Swanton, qui correspond à la partie de la frontière nord que je représente. »",numerique.banq.qc.ca,Unclear website,Out of context
136,F,"« Nous avons constaté une augmentation de 800 % des passages illégaux dans le secteur de Swanton, qui correspond à la partie de la frontière nord que je représente. »",vie-publique.fr,Unclear website,Out of context
136,F,"« Nous avons constaté une augmentation de 800 % des passages illégaux dans le secteur de Swanton, qui correspond à la partie de la frontière nord que je représente. »",hal.science,Scientific source,Out of context
136,F,"« Nous avons constaté une augmentation de 800 % des passages illégaux dans le secteur de Swanton, qui correspond à la partie de la frontière nord que je représente. »",theses.hal.science,Scientific source,Out of context
136,F,"« Nous avons constaté une augmentation de 800 % des passages illégaux dans le secteur de Swanton, qui correspond à la partie de la frontière nord que je représente. »",cress-umr1153.fr,Unclear website,Out of context
136,F,"« Nous avons constaté une augmentation de 800 % des passages illégaux dans le secteur de Swanton, qui correspond à la partie de la frontière nord que je représente. »",criham.labo.univ-poitiers.f...,Unclear website,Out of context
136,F,"« Nous avons constaté une augmentation de 800 % des passages illégaux dans le secteur de Swanton, qui correspond à la partie de la frontière nord que je représente. »",numerique.banq.qc.ca,Unclear website,Out of context
136,F,"« Nous avons constaté une augmentation de 800 % des passages illégaux dans le secteur de Swanton, qui correspond à la partie de la frontière nord que je représente. »",amman-famille.fr,Unclear website,Out of context
136,F,"« Nous avons constaté une augmentation de 800 % des passages illégaux dans le secteur de Swanton, qui correspond à la partie de la frontière nord que je représente. »",numerique.banq.qc.ca,Unclear website,Out of context
136,F,"« Nous avons constaté une augmentation de 800 % des passages illégaux dans le secteur de Swanton, qui correspond à la partie de la frontière nord que je représente. »",numerique.banq.qc.ca,Unclear website,Out of context
136,F,"« Nous avons constaté une augmentation de 800 % des passages illégaux dans le secteur de Swanton, qui correspond à la partie de la frontière nord que je représente. »",numerique.banq.qc.ca,Unclear website,Out of context
137,E,“Marijuana is currently classified in the same category of drugs as heroin and a more dangerous category than fentanyl or cocaine.”,drugs.com,Unclear website,Out of context
137,E,“Marijuana is currently classified in the same category of drugs as heroin and a more dangerous category than fentanyl or cocaine.”,congress.gov,Government / public institution,Out of context
137,E,“Marijuana is currently classified in the same category of drugs as heroin and a more dangerous category than fentanyl or cocaine.”,ncbi.nlm.nih.gov,Government / public institution,Out of context
137,E,“Marijuana is currently classified in the same category of drugs as heroin and a more dangerous category than fentanyl or cocaine.”,ncbi.nlm.nih.gov,Government / public institution,Out of context
137,E,“Marijuana is currently classified in the same category of drugs as heroin and a more dangerous category than fentanyl or cocaine.”,pmc.ncbi.nlm.nih.gov,Government / public institution,Out of context
137,E,“Marijuana is currently classified in the same category of drugs as heroin and a more dangerous category than fentanyl or cocaine.”,law.cornell.edu,Scientific source,Out of context
137,E,“Marijuana is currently classified in the same category of drugs as heroin and a more dangerous category than fentanyl or cocaine.”,law.cornell.edu,Scientific source,Out of context
137,E,“Marijuana is currently classified in the same category of drugs as heroin and a more dangerous category than fentanyl or cocaine.”,dea.gov,Government / public institution,Out of context
137,E,“Marijuana is currently classified in the same category of drugs as heroin and a more dangerous category than fentanyl or cocaine.”,jacksonlewis.com,Unclear website,Out of context
137,E,“Marijuana is currently classified in the same category of drugs as heroin and a more dangerous category than fentanyl or cocaine.”,drugabusestatistics.org,Unclear website,Out of context
137,E,“Marijuana is currently classified in the same category of drugs as heroin and a more dangerous category than fentanyl or cocaine.”,federalregister.gov,Government / public institution,Out of context
137,E,“Marijuana is currently classified in the same category of drugs as heroin and a more dangerous category than fentanyl or cocaine.”,dea.gov,Government / public institution,Out of context
137,E,“Marijuana is currently classified in the same category of drugs as heroin and a more dangerous category than fentanyl or cocaine.”,deadiversion.usdoj.gov,Government / public institution,Out of context
137,E,“Marijuana is currently classified in the same category of drugs as heroin and a more dangerous category than fentanyl or cocaine.”,ecfr.gov,Government / public institution,Out of context
137,E,“Marijuana is currently classified in the same category of drugs as heroin and a more dangerous category than fentanyl or cocaine.”,padilla.senate.gov,Government / public institution,Out of context
138,F,« La marijuana est actuellement classée dans la même catégorie de drogues que l'héroïne et dans une catégorie plus dangereuse que le fentanyl ou la cocaïne. »,inserm.fr,Unclear website,Out of context
138,F,« La marijuana est actuellement classée dans la même catégorie de drogues que l'héroïne et dans une catégorie plus dangereuse que le fentanyl ou la cocaïne. »,dumas.ccsd.cnrs.fr,Unclear website,Out of context
138,F,« La marijuana est actuellement classée dans la même catégorie de drogues que l'héroïne et dans une catégorie plus dangereuse que le fentanyl ou la cocaïne. »,sciencesetavenir.fr,Unclear website,Out of context
138,F,« La marijuana est actuellement classée dans la même catégorie de drogues que l'héroïne et dans une catégorie plus dangereuse que le fentanyl ou la cocaïne. »,unodc.org,International organization,Out of context
138,F,« La marijuana est actuellement classée dans la même catégorie de drogues que l'héroïne et dans une catégorie plus dangereuse que le fentanyl ou la cocaïne. »,senat.fr,Unclear website,Out of context
138,F,« La marijuana est actuellement classée dans la même catégorie de drogues que l'héroïne et dans une catégorie plus dangereuse que le fentanyl ou la cocaïne. »,unodc.org,International organization,Out of context
138,F,« La marijuana est actuellement classée dans la même catégorie de drogues que l'héroïne et dans une catégorie plus dangereuse que le fentanyl ou la cocaïne. »,unis.unvienna.org,Unclear website,Out of context
138,F,« La marijuana est actuellement classée dans la même catégorie de drogues que l'héroïne et dans une catégorie plus dangereuse que le fentanyl ou la cocaïne. »,incb.org,Unclear website,Out of context
138,F,« La marijuana est actuellement classée dans la même catégorie de drogues que l'héroïne et dans une catégorie plus dangereuse que le fentanyl ou la cocaïne. »,senat.fr,Unclear website,Out of context
138,F,« La marijuana est actuellement classée dans la même catégorie de drogues que l'héroïne et dans une catégorie plus dangereuse que le fentanyl ou la cocaïne. »,globalinitiative.net,Unclear website,Out of context
138,F,« La marijuana est actuellement classée dans la même catégorie de drogues que l'héroïne et dans une catégorie plus dangereuse que le fentanyl ou la cocaïne. »,legifrance.gouv.fr,Government / public institution,Out of context
138,F,« La marijuana est actuellement classée dans la même catégorie de drogues que l'héroïne et dans une catégorie plus dangereuse que le fentanyl ou la cocaïne. »,theses.hal.science,Scientific source,Out of context
138,F,« La marijuana est actuellement classée dans la même catégorie de drogues que l'héroïne et dans une catégorie plus dangereuse que le fentanyl ou la cocaïne. »,gouvernement.lu,Unclear website,Out of context
138,F,« La marijuana est actuellement classée dans la même catégorie de drogues que l'héroïne et dans une catégorie plus dangereuse que le fentanyl ou la cocaïne. »,unodc.org,International organization,Out of context
138,F,« La marijuana est actuellement classée dans la même catégorie de drogues que l'héroïne et dans une catégorie plus dangereuse que le fentanyl ou la cocaïne. »,unodc.org,International organization,Out of context
138,F,« La marijuana est actuellement classée dans la même catégorie de drogues que l'héroïne et dans une catégorie plus dangereuse que le fentanyl ou la cocaïne. »,senat.fr,Unclear website,Out of context
138,F,« La marijuana est actuellement classée dans la même catégorie de drogues que l'héroïne et dans une catégorie plus dangereuse que le fentanyl ou la cocaïne. »,ofdt.fr,Unclear website,Out of context
139,E,"Says expanding Medicaid in Wisconsin would save the state $530 million, which could pay for 3,287 K-12 teachers, or 7.8 educators per district.",jsonline.com,Unclear website,Relevant
139,E,"Says expanding Medicaid in Wisconsin would save the state $530 million, which could pay for 3,287 K-12 teachers, or 7.8 educators per district.",kff.org,Unclear website,Out of context
139,E,"Says expanding Medicaid in Wisconsin would save the state $530 million, which could pay for 3,287 K-12 teachers, or 7.8 educators per district.",econofact.org,Unclear website,Out of context
139,E,"Says expanding Medicaid in Wisconsin would save the state $530 million, which could pay for 3,287 K-12 teachers, or 7.8 educators per district.",cbpp.org,Unclear website,Out of context
139,E,"Says expanding Medicaid in Wisconsin would save the state $530 million, which could pay for 3,287 K-12 teachers, or 7.8 educators per district.",itep.org,Unclear website,Out of context
139,E,"Says expanding Medicaid in Wisconsin would save the state $530 million, which could pay for 3,287 K-12 teachers, or 7.8 educators per district.",commonwealthfund.org,Unclear website,Out of context
139,E,"Says expanding Medicaid in Wisconsin would save the state $530 million, which could pay for 3,287 K-12 teachers, or 7.8 educators per district.",whitehouse.gov,Government / public institution,Out of context
139,E,"Says expanding Medicaid in Wisconsin would save the state $530 million, which could pay for 3,287 K-12 teachers, or 7.8 educators per district.",wisconsinexaminer.com,Unclear website,Out of context
139,E,"Says expanding Medicaid in Wisconsin would save the state $530 million, which could pay for 3,287 K-12 teachers, or 7.8 educators per district.",reforminggovernment.org,Unclear website,Out of context
139,E,"Says expanding Medicaid in Wisconsin would save the state $530 million, which could pay for 3,287 K-12 teachers, or 7.8 educators per district.",content.govdelivery.com,Government / public institution,Out of context
139,E,"Says expanding Medicaid in Wisconsin would save the state $530 million, which could pay for 3,287 K-12 teachers, or 7.8 educators per district.",aasd.k12.wi.us,Unclear website,Out of context
139,E,"Says expanding Medicaid in Wisconsin would save the state $530 million, which could pay for 3,287 K-12 teachers, or 7.8 educators per district.",healthinsurance.org,Unclear website,Out of context
139,E,"Says expanding Medicaid in Wisconsin would save the state $530 million, which could pay for 3,287 K-12 teachers, or 7.8 educators per district.",wsaa.org,Unclear website,Out of context
139,E,"Says expanding Medicaid in Wisconsin would save the state $530 million, which could pay for 3,287 K-12 teachers, or 7.8 educators per district.",budget.wisc.edu,Scientific source,Out of context
139,E,"Says expanding Medicaid in Wisconsin would save the state $530 million, which could pay for 3,287 K-12 teachers, or 7.8 educators per district.",nasbo.org,Unclear website,Out of context
139,E,"Says expanding Medicaid in Wisconsin would save the state $530 million, which could pay for 3,287 K-12 teachers, or 7.8 educators per district.",evers.wi.gov,Government / public institution,Out of context
139,E,"Says expanding Medicaid in Wisconsin would save the state $530 million, which could pay for 3,287 K-12 teachers, or 7.8 educators per district.",ccf.georgetown.edu,Scientific source,Out of context
139,E,"Says expanding Medicaid in Wisconsin would save the state $530 million, which could pay for 3,287 K-12 teachers, or 7.8 educators per district.",learningpolicyinstitute.org...,Scientific source,Out of context
139,E,"Says expanding Medicaid in Wisconsin would save the state $530 million, which could pay for 3,287 K-12 teachers, or 7.8 educators per district.",dhs.wisconsin.gov,Government / public institution,Out of context
139,E,"Says expanding Medicaid in Wisconsin would save the state $530 million, which could pay for 3,287 K-12 teachers, or 7.8 educators per district.",ncan.org,Unclear website,Out of context
139,E,"Says expanding Medicaid in Wisconsin would save the state $530 million, which could pay for 3,287 K-12 teachers, or 7.8 educators per district.",content.govdelivery.com,Government / public institution,Out of context
139,E,"Says expanding Medicaid in Wisconsin would save the state $530 million, which could pay for 3,287 K-12 teachers, or 7.8 educators per district.",ccf.georgetown.edu,Scientific source,Out of context
139,E,"Says expanding Medicaid in Wisconsin would save the state $530 million, which could pay for 3,287 K-12 teachers, or 7.8 educators per district.",doa.wi.gov,Government / public institution,Out of context
139,E,"Says expanding Medicaid in Wisconsin would save the state $530 million, which could pay for 3,287 K-12 teachers, or 7.8 educators per district.",dhs.wisconsin.gov,Government / public institution,Out of context
140,F,"Affirme que l'élargissement de Medicaid au Wisconsin permettrait à l'État d'économiser 530 millions de dollars, ce qui pourrait financer 3 287 enseignants de la maternelle à la 12e année, soit 7,8 éducateurs par district.",sciencespo.hal.science,Scientific source,Out of context
140,F,"Affirme que l'élargissement de Medicaid au Wisconsin permettrait à l'État d'économiser 530 millions de dollars, ce qui pourrait financer 3 287 enseignants de la maternelle à la 12e année, soit 7,8 éducateurs par district.",sanofi.com,Unclear website,Out of context
140,F,"Affirme que l'élargissement de Medicaid au Wisconsin permettrait à l'État d'économiser 530 millions de dollars, ce qui pourrait financer 3 287 enseignants de la maternelle à la 12e année, soit 7,8 éducateurs par district.",archipel.uqam.ca,Unclear website,Out of context
140,F,"Affirme que l'élargissement de Medicaid au Wisconsin permettrait à l'État d'économiser 530 millions de dollars, ce qui pourrait financer 3 287 enseignants de la maternelle à la 12e année, soit 7,8 éducateurs par district.",tse-fr.eu,Unclear website,Out of context
140,F,"Affirme que l'élargissement de Medicaid au Wisconsin permettrait à l'État d'économiser 530 millions de dollars, ce qui pourrait financer 3 287 enseignants de la maternelle à la 12e année, soit 7,8 éducateurs par district.",ires.fr,Unclear website,Out of context
140,F,"Affirme que l'élargissement de Medicaid au Wisconsin permettrait à l'État d'économiser 530 millions de dollars, ce qui pourrait financer 3 287 enseignants de la maternelle à la 12e année, soit 7,8 éducateurs par district.",unesdoc.unesco.org,International organization,Out of context
140,F,"Affirme que l'élargissement de Medicaid au Wisconsin permettrait à l'État d'économiser 530 millions de dollars, ce qui pourrait financer 3 287 enseignants de la maternelle à la 12e année, soit 7,8 éducateurs par district.",oecd.org,International organization,Out of context
140,F,"Affirme que l'élargissement de Medicaid au Wisconsin permettrait à l'État d'économiser 530 millions de dollars, ce qui pourrait financer 3 287 enseignants de la maternelle à la 12e année, soit 7,8 éducateurs par district.",cirano.qc.ca,Unclear website,Out of context
140,F,"Affirme que l'élargissement de Medicaid au Wisconsin permettrait à l'État d'économiser 530 millions de dollars, ce qui pourrait financer 3 287 enseignants de la maternelle à la 12e année, soit 7,8 éducateurs par district.",senat.fr,Unclear website,Out of context
140,F,"Affirme que l'élargissement de Medicaid au Wisconsin permettrait à l'État d'économiser 530 millions de dollars, ce qui pourrait financer 3 287 enseignants de la maternelle à la 12e année, soit 7,8 éducateurs par district.",parisschoolofeconomics....,Unclear website,Out of context
140,F,"Affirme que l'élargissement de Medicaid au Wisconsin permettrait à l'État d'économiser 530 millions de dollars, ce qui pourrait financer 3 287 enseignants de la maternelle à la 12e année, soit 7,8 éducateurs par district.",oecd.org,International organization,Out of context
140,F,"Affirme que l'élargissement de Medicaid au Wisconsin permettrait à l'État d'économiser 530 millions de dollars, ce qui pourrait financer 3 287 enseignants de la maternelle à la 12e année, soit 7,8 éducateurs par district.",frq.gouv.qc.ca,Government / public institution,Out of context
140,F,"Affirme que l'élargissement de Medicaid au Wisconsin permettrait à l'État d'économiser 530 millions de dollars, ce qui pourrait financer 3 287 enseignants de la maternelle à la 12e année, soit 7,8 éducateurs par district.",theses.hal.science,Scientific source,Out of context
140,F,"Affirme que l'élargissement de Medicaid au Wisconsin permettrait à l'État d'économiser 530 millions de dollars, ce qui pourrait financer 3 287 enseignants de la maternelle à la 12e année, soit 7,8 éducateurs par district.",hcsp.fr,Unclear website,Out of context
140,F,"Affirme que l'élargissement de Medicaid au Wisconsin permettrait à l'État d'économiser 530 millions de dollars, ce qui pourrait financer 3 287 enseignants de la maternelle à la 12e année, soit 7,8 éducateurs par district.",theses.hal.science,Scientific source,Out of context
140,F,"Affirme que l'élargissement de Medicaid au Wisconsin permettrait à l'État d'économiser 530 millions de dollars, ce qui pourrait financer 3 287 enseignants de la maternelle à la 12e année, soit 7,8 éducateurs par district.",publications.gc.ca,Government / public institution,Out of context
140,F,"Affirme que l'élargissement de Medicaid au Wisconsin permettrait à l'État d'économiser 530 millions de dollars, ce qui pourrait financer 3 287 enseignants de la maternelle à la 12e année, soit 7,8 éducateurs par district.",theses.hal.science,Scientific source,Out of context
140,F,"Affirme que l'élargissement de Medicaid au Wisconsin permettrait à l'État d'économiser 530 millions de dollars, ce qui pourrait financer 3 287 enseignants de la maternelle à la 12e année, soit 7,8 éducateurs par district.",hal.science,Scientific source,Out of context
140,F,"Affirme que l'élargissement de Medicaid au Wisconsin permettrait à l'État d'économiser 530 millions de dollars, ce qui pourrait financer 3 287 enseignants de la maternelle à la 12e année, soit 7,8 éducateurs par district.",shs.cairn.info,Unclear website,Out of context
140,F,"Affirme que l'élargissement de Medicaid au Wisconsin permettrait à l'État d'économiser 530 millions de dollars, ce qui pourrait financer 3 287 enseignants de la maternelle à la 12e année, soit 7,8 éducateurs par district.",theses.hal.science,Scientific source,Out of context
140,F,"Affirme que l'élargissement de Medicaid au Wisconsin permettrait à l'État d'économiser 530 millions de dollars, ce qui pourrait financer 3 287 enseignants de la maternelle à la 12e année, soit 7,8 éducateurs par district.",gold.uclg.org,Unclear website,Out of context
140,F,"Affirme que l'élargissement de Medicaid au Wisconsin permettrait à l'État d'économiser 530 millions de dollars, ce qui pourrait financer 3 287 enseignants de la maternelle à la 12e année, soit 7,8 éducateurs par district.",journals.openedition.org,Unclear website,Out of context
141,E,"Under Joe Biden, there are “record numbers of new Black entrepreneurs.”",pewresearch.org,Scientific source,Out of context
141,E,"Under Joe Biden, there are “record numbers of new Black entrepreneurs.”",usatoday.com,Journalistic source,Out of context
141,E,"Under Joe Biden, there are “record numbers of new Black entrepreneurs.”",pmc.ncbi.nlm.nih.gov,Government / public institution,Out of context
141,E,"Under Joe Biden, there are “record numbers of new Black entrepreneurs.”",pmc.ncbi.nlm.nih.gov,Government / public institution,Out of context
141,E,"Under Joe Biden, there are “record numbers of new Black entrepreneurs.”",jsonline.com,Unclear website,Relevant
141,E,"Under Joe Biden, there are “record numbers of new Black entrepreneurs.”",brookings.edu,Scientific source,Out of context
141,E,"Under Joe Biden, there are “record numbers of new Black entrepreneurs.”",wral.com,Unclear website,Partially relevant
141,E,"Under Joe Biden, there are “record numbers of new Black entrepreneurs.”",politifact.com,Journalistic source,Relevant
141,E,"Under Joe Biden, there are “record numbers of new Black entrepreneurs.”",politico.com,Journalistic source,Out of context
141,E,"Under Joe Biden, there are “record numbers of new Black entrepreneurs.”",americanimmigrationcoun...,Unclear website,Out of context
141,E,"Under Joe Biden, there are “record numbers of new Black entrepreneurs.”",insights.som.yale.edu,Scientific source,Out of context
141,E,"Under Joe Biden, there are “record numbers of new Black entrepreneurs.”",medium.com,Intermediate media,Partially relevant
141,E,"Under Joe Biden, there are “record numbers of new Black entrepreneurs.”",penncapital-star.com,Unclear website,Partially relevant
141,E,"Under Joe Biden, there are “record numbers of new Black entrepreneurs.”",americanprogress.org,Unclear website,Out of context
141,E,"Under Joe Biden, there are “record numbers of new Black entrepreneurs.”",americanprogress.org,Unclear website,Partially relevant
141,E,"Under Joe Biden, there are “record numbers of new Black entrepreneurs.”",presidency.ucsb.edu,Scientific source,Partially relevant
141,E,"Under Joe Biden, there are “record numbers of new Black entrepreneurs.”",presidency.ucsb.edu,Scientific source,Partially relevant
141,E,"Under Joe Biden, there are “record numbers of new Black entrepreneurs.”",sba.gov,Government / public institution,Partially relevant
141,E,"Under Joe Biden, there are “record numbers of new Black entrepreneurs.”",advocacy.sba.gov,Government / public institution,Partially relevant
141,E,"Under Joe Biden, there are “record numbers of new Black entrepreneurs.”",presidency.ucsb.edu,Scientific source,Partially relevant
141,E,"Under Joe Biden, there are “record numbers of new Black entrepreneurs.”",nul.org,Unclear website,Partially relevant
141,E,"Under Joe Biden, there are “record numbers of new Black entrepreneurs.”",sba.gov,Government / public institution,Relevant
141,E,"Under Joe Biden, there are “record numbers of new Black entrepreneurs.”",news.ucr.edu,Scientific source,Out of context
141,E,"Under Joe Biden, there are “record numbers of new Black entrepreneurs.”",media.defense.gov,Government / public institution,Out of context
141,E,"Under Joe Biden, there are “record numbers of new Black entrepreneurs.”",federalregister.gov,Government / public institution,Out of context
141,E,"Under Joe Biden, there are “record numbers of new Black entrepreneurs.”",presidency.ucsb.edu,Scientific source,Out of context
141,E,"Under Joe Biden, there are “record numbers of new Black entrepreneurs.”",jsk.stanford.edu,Scientific source,Out of context
141,E,"Under Joe Biden, there are “record numbers of new Black entrepreneurs.”",media.defense.gov,Government / public institution,Out of context
141,E,"Under Joe Biden, there are “record numbers of new Black entrepreneurs.”",bidenwhitehouse.archives.go...,Unclear website,Out of context
142,F,"Sous Joe Biden, il y a « un nombre record de nouveaux entrepreneurs noirs ».",fr.wikipedia.org,Intermediate media,Out of context
142,F,"Sous Joe Biden, il y a « un nombre record de nouveaux entrepreneurs noirs ».",hal.science,Scientific source,Out of context
142,F,"Sous Joe Biden, il y a « un nombre record de nouveaux entrepreneurs noirs ».",bekh.org,Unclear website,Out of context
142,F,"Sous Joe Biden, il y a « un nombre record de nouveaux entrepreneurs noirs ».",annualreport.undp.org,International organization,Out of context
142,F,"Sous Joe Biden, il y a « un nombre record de nouveaux entrepreneurs noirs ».",strategie-plan.gouv.fr,Unclear website,Out of context
142,F,"Sous Joe Biden, il y a « un nombre record de nouveaux entrepreneurs noirs ».",about.ups.com,Unclear website,Out of context
142,F,"Sous Joe Biden, il y a « un nombre record de nouveaux entrepreneurs noirs ».",oecd.org,International organization,Out of context
142,F,"Sous Joe Biden, il y a « un nombre record de nouveaux entrepreneurs noirs ».",immigrantjustice.org,Unclear website,Out of context
142,F,"Sous Joe Biden, il y a « un nombre record de nouveaux entrepreneurs noirs ».",www150.statcan.gc.ca,Government / public institution,Out of context
142,F,"Sous Joe Biden, il y a « un nombre record de nouveaux entrepreneurs noirs ».",budget.canada.ca,Government / public institution,Out of context
142,F,"Sous Joe Biden, il y a « un nombre record de nouveaux entrepreneurs noirs ».",unsgsa.org,Unclear website,Out of context
142,F,"Sous Joe Biden, il y a « un nombre record de nouveaux entrepreneurs noirs ».",theses.hal.science,Scientific source,Out of context
142,F,"Sous Joe Biden, il y a « un nombre record de nouveaux entrepreneurs noirs ».",thedocs.worldbank.org,International organization,Out of context
142,F,"Sous Joe Biden, il y a « un nombre record de nouveaux entrepreneurs noirs ».",wekh.ca,Unclear website,Out of context
142,F,"Sous Joe Biden, il y a « un nombre record de nouveaux entrepreneurs noirs ».",senat.fr,Unclear website,Out of context
142,F,"Sous Joe Biden, il y a « un nombre record de nouveaux entrepreneurs noirs ».",archipel.uqam.ca,Unclear website,Out of context
142,F,"Sous Joe Biden, il y a « un nombre record de nouveaux entrepreneurs noirs ».",eur-lex.europa.eu,International organization,Out of context
142,F,"Sous Joe Biden, il y a « un nombre record de nouveaux entrepreneurs noirs ».",assemblee-nationale.fr,Government / public institution,Out of context
142,F,"Sous Joe Biden, il y a « un nombre record de nouveaux entrepreneurs noirs ».",ccomptes.fr,Unclear website,Out of context
142,F,"Sous Joe Biden, il y a « un nombre record de nouveaux entrepreneurs noirs ».",institutmontaigne.org,Unclear website,Partially relevant
142,F,"Sous Joe Biden, il y a « un nombre record de nouveaux entrepreneurs noirs ».",gendarmerie.interieur.g...,Unclear website,Out of context
142,F,"Sous Joe Biden, il y a « un nombre record de nouveaux entrepreneurs noirs ».",oxfamfrance.org,Unclear website,Out of context
142,F,"Sous Joe Biden, il y a « un nombre record de nouveaux entrepreneurs noirs ».",mpra.ub.uni-muenchen.de,Unclear website,Out of context
142,F,"Sous Joe Biden, il y a « un nombre record de nouveaux entrepreneurs noirs ».",journals.openedition.org,Unclear website,Out of context
142,F,"Sous Joe Biden, il y a « un nombre record de nouveaux entrepreneurs noirs ».",econstor.eu,Unclear website,Out of context
142,F,"Sous Joe Biden, il y a « un nombre record de nouveaux entrepreneurs noirs ».",iknowpolitics.org,Unclear website,Out of context
142,F,"Sous Joe Biden, il y a « un nombre record de nouveaux entrepreneurs noirs ».",senat.fr,Unclear website,Out of context
142,F,"Sous Joe Biden, il y a « un nombre record de nouveaux entrepreneurs noirs ».",diploweb.com,Unclear website,Out of context
142,F,"Sous Joe Biden, il y a « un nombre record de nouveaux entrepreneurs noirs ».",policycenter.ma,Unclear website,Out of context
142,F,"Sous Joe Biden, il y a « un nombre record de nouveaux entrepreneurs noirs ».",www2.assemblee-nationale.fr...,Government / public institution,Out of context
143,E,Minnesota incarcerates “about a third of what Wisconsin does.”,cdc.gov,Government / public institution,Out of context
143,E,Minnesota incarcerates “about a third of what Wisconsin does.”,npr.org,Journalistic source,Partially relevant
143,E,Minnesota incarcerates “about a third of what Wisconsin does.”,sciencedirect.com,Scientific source,Partially relevant
143,E,Minnesota incarcerates “about a third of what Wisconsin does.”,kff.org,Unclear website,Out of context
143,E,Minnesota incarcerates “about a third of what Wisconsin does.”,sentencingproject.org,Unclear website,Out of context
143,E,Minnesota incarcerates “about a third of what Wisconsin does.”,taxfoundation.org,Unclear website,Out of context
143,E,Minnesota incarcerates “about a third of what Wisconsin does.”,sentencingproject.org,Unclear website,Out of context
143,E,Minnesota incarcerates “about a third of what Wisconsin does.”,wisconsinexaminer.com,Unclear website,Partially relevant
143,E,Minnesota incarcerates “about a third of what Wisconsin does.”,prisonpolicy.org,Unclear website,Out of context
143,E,Minnesota incarcerates “about a third of what Wisconsin does.”,dhs.wisconsin.gov,Government / public institution,Out of context
143,E,Minnesota incarcerates “about a third of what Wisconsin does.”,law.marquette.edu,Scientific source,Partially relevant
143,E,Minnesota incarcerates “about a third of what Wisconsin does.”,law.marquette.edu,Scientific source,Partially relevant
143,E,Minnesota incarcerates “about a third of what Wisconsin does.”,prisonpolicy.org,Unclear website,Out of context
143,E,Minnesota incarcerates “about a third of what Wisconsin does.”,prisonpolicy.org,Unclear website,Out of context
143,E,Minnesota incarcerates “about a third of what Wisconsin does.”,prisonlegalnews.org,Journalistic source,Out of context
143,E,Minnesota incarcerates “about a third of what Wisconsin does.”,prisonpolicy.org,Unclear website,Out of context
143,E,Minnesota incarcerates “about a third of what Wisconsin does.”,csgjusticecenter.org,Unclear website,Partially relevant
143,E,Minnesota incarcerates “about a third of what Wisconsin does.”,law.marquette.edu,Scientific source,Partially relevant
143,E,Minnesota incarcerates “about a third of what Wisconsin does.”,medicare.gov,Government / public institution,Partially relevant
143,E,Minnesota incarcerates “about a third of what Wisconsin does.”,dli.mn.gov,Government / public institution,Partially relevant
143,E,Minnesota incarcerates “about a third of what Wisconsin does.”,health.state.mn.us,Unclear website,Partially relevant
143,E,Minnesota incarcerates “about a third of what Wisconsin does.”,mnsure.org,Unclear website,Out of context
143,E,Minnesota incarcerates “about a third of what Wisconsin does.”,mnsure.org,Unclear website,Out of context
144,F,Le Minnesota incarcère « environ un tiers du nombre de personnes incarcérées au Wisconsin ».,ledevoir.com,Journalistic source,Out of context
144,F,Le Minnesota incarcère « environ un tiers du nombre de personnes incarcérées au Wisconsin ».,fr.wikipedia.org,Intermediate media,Out of context
144,F,Le Minnesota incarcère « environ un tiers du nombre de personnes incarcérées au Wisconsin ».,fr.wikipedia.org,Intermediate media,Out of context
144,F,Le Minnesota incarcère « environ un tiers du nombre de personnes incarcérées au Wisconsin ».,lapresse.ca,Journalistic source,Partially relevant
144,F,Le Minnesota incarcère « environ un tiers du nombre de personnes incarcérées au Wisconsin ».,la-croix.com,Unclear website,Out of context
144,F,Le Minnesota incarcère « environ un tiers du nombre de personnes incarcérées au Wisconsin ».,20minutes.fr,Unclear website,Partially relevant
144,F,Le Minnesota incarcère « environ un tiers du nombre de personnes incarcérées au Wisconsin ».,20minutes.fr,Unclear website,Partially relevant
144,F,Le Minnesota incarcère « environ un tiers du nombre de personnes incarcérées au Wisconsin ».,20minutes.fr,Unclear website,Partially relevant
144,F,Le Minnesota incarcère « environ un tiers du nombre de personnes incarcérées au Wisconsin ».,20minutes.fr,Unclear website,Partially relevant
144,F,Le Minnesota incarcère « environ un tiers du nombre de personnes incarcérées au Wisconsin ».,20minutes.fr,Unclear website,Partially relevant
144,F,Le Minnesota incarcère « environ un tiers du nombre de personnes incarcérées au Wisconsin ».,dumas.ccsd.cnrs.fr,Unclear website,Out of context
144,F,Le Minnesota incarcère « environ un tiers du nombre de personnes incarcérées au Wisconsin ».,fr.scribd.com,Intermediate media,Out of context
144,F,Le Minnesota incarcère « environ un tiers du nombre de personnes incarcérées au Wisconsin ».,svn.spraakdata.gu.se,Unclear website,Out of context
144,F,Le Minnesota incarcère « environ un tiers du nombre de personnes incarcérées au Wisconsin ».,isidewith.com,Unclear website,Out of context
144,F,Le Minnesota incarcère « environ un tiers du nombre de personnes incarcérées au Wisconsin ».,theses.hal.science,Scientific source,Out of context
144,F,Le Minnesota incarcère « environ un tiers du nombre de personnes incarcérées au Wisconsin ».,revuedlf.com,Unclear website,Out of context
144,F,Le Minnesota incarcère « environ un tiers du nombre de personnes incarcérées au Wisconsin ».,numerique.banq.qc.ca,Unclear website,Out of context
144,F,Le Minnesota incarcère « environ un tiers du nombre de personnes incarcérées au Wisconsin ».,diploweb.com,Unclear website,Out of context
144,F,Le Minnesota incarcère « environ un tiers du nombre de personnes incarcérées au Wisconsin ».,wholewomanshealth.com,Unclear website,Partially relevant
144,F,Le Minnesota incarcère « environ un tiers du nombre de personnes incarcérées au Wisconsin ».,immigrantjustice.org,Unclear website,Partially relevant
144,F,Le Minnesota incarcère « environ un tiers du nombre de personnes incarcérées au Wisconsin ».,iro.umontreal.ca,Unclear website,Out of context
144,F,Le Minnesota incarcère « environ un tiers du nombre de personnes incarcérées au Wisconsin ».,repositories.lib.utexas.edu...,Scientific source,Out of context
144,F,Le Minnesota incarcère « environ un tiers du nombre de personnes incarcérées au Wisconsin ».,numerique.banq.qc.ca,Unclear website,Out of context
144,F,Le Minnesota incarcère « environ un tiers du nombre de personnes incarcérées au Wisconsin ».,pure.uva.nl,Unclear website,Out of context
144,F,Le Minnesota incarcère « environ un tiers du nombre de personnes incarcérées au Wisconsin ».,registraire.umontreal.ca,Unclear website,Out of context
144,F,Le Minnesota incarcère « environ un tiers du nombre de personnes incarcérées au Wisconsin ».,fr.scribd.com,Intermediate media,Out of context
144,F,Le Minnesota incarcère « environ un tiers du nombre de personnes incarcérées au Wisconsin ».,meilleurcasinosenligne....,Unclear website,Out of context
144,F,Le Minnesota incarcère « environ un tiers du nombre de personnes incarcérées au Wisconsin ».,francegenocidetutsi.fr,Unclear website,Out of context
144,F,Le Minnesota incarcère « environ un tiers du nombre de personnes incarcérées au Wisconsin ».,histochronum.com,Unclear website,Out of context
144,F,Le Minnesota incarcère « environ un tiers du nombre de personnes incarcérées au Wisconsin ».,histochronum.com,Unclear website,Out of context
144,F,Le Minnesota incarcère « environ un tiers du nombre de personnes incarcérées au Wisconsin ».,dokumen.pub,Unclear website,Out of context
145,E,Postpartum Medicaid coverage expanded from three states to 43 states because of the Biden administration.,cdc.gov,Government / public institution,Relevant
145,E,Postpartum Medicaid coverage expanded from three states to 43 states because of the Biden administration.,healthaffairs.org,Unclear website,Partially relevant
145,E,Postpartum Medicaid coverage expanded from three states to 43 states because of the Biden administration.,healthaffairs.org,Unclear website,Partially relevant
145,E,Postpartum Medicaid coverage expanded from three states to 43 states because of the Biden administration.,healthaffairs.org,Unclear website,Out of context
145,E,Postpartum Medicaid coverage expanded from three states to 43 states because of the Biden administration.,ncbi.nlm.nih.gov,Government / public institution,Partially relevant
145,E,Postpartum Medicaid coverage expanded from three states to 43 states because of the Biden administration.,pmc.ncbi.nlm.nih.gov,Government / public institution,Partially relevant
145,E,Postpartum Medicaid coverage expanded from three states to 43 states because of the Biden administration.,pmc.ncbi.nlm.nih.gov,Government / public institution,Partially relevant
145,E,Postpartum Medicaid coverage expanded from three states to 43 states because of the Biden administration.,ncbi.nlm.nih.gov,Government / public institution,Partially relevant
145,E,Postpartum Medicaid coverage expanded from three states to 43 states because of the Biden administration.,pbs.org,Journalistic source,Relevant
145,E,Postpartum Medicaid coverage expanded from three states to 43 states because of the Biden administration.,kff.org,Unclear website,Partially relevant
145,E,Postpartum Medicaid coverage expanded from three states to 43 states because of the Biden administration.,kff.org,Unclear website,Partially relevant
145,E,Postpartum Medicaid coverage expanded from three states to 43 states because of the Biden administration.,kff.org,Unclear website,Partially relevant
145,E,Postpartum Medicaid coverage expanded from three states to 43 states because of the Biden administration.,cbpp.org,Unclear website,Partially relevant
145,E,Postpartum Medicaid coverage expanded from three states to 43 states because of the Biden administration.,commonwealthfund.org,Unclear website,Partially relevant
145,E,Postpartum Medicaid coverage expanded from three states to 43 states because of the Biden administration.,commonwealthfund.org,Unclear website,Partially relevant
145,E,Postpartum Medicaid coverage expanded from three states to 43 states because of the Biden administration.,commonwealthfund.org,Unclear website,Partially relevant
145,E,Postpartum Medicaid coverage expanded from three states to 43 states because of the Biden administration.,americanprogress.org,Unclear website,Relevant
145,E,Postpartum Medicaid coverage expanded from three states to 43 states because of the Biden administration.,nashp.org,Unclear website,Partially relevant
145,E,Postpartum Medicaid coverage expanded from three states to 43 states because of the Biden administration.,illinois.gov,Government / public institution,Partially relevant
145,E,Postpartum Medicaid coverage expanded from three states to 43 states because of the Biden administration.,cms.gov,Government / public institution,Partially relevant
145,E,Postpartum Medicaid coverage expanded from three states to 43 states because of the Biden administration.,cms.gov,Government / public institution,Relevant
145,E,Postpartum Medicaid coverage expanded from three states to 43 states because of the Biden administration.,aspe.hhs.gov,Government / public institution,Relevant
145,E,Postpartum Medicaid coverage expanded from three states to 43 states because of the Biden administration.,cms.gov,Government / public institution,Partially relevant
145,E,Postpartum Medicaid coverage expanded from three states to 43 states because of the Biden administration.,healthlaw.org,Unclear website,Partially relevant
145,E,Postpartum Medicaid coverage expanded from three states to 43 states because of the Biden administration.,ccf.georgetown.edu,Scientific source,Partially relevant
145,E,Postpartum Medicaid coverage expanded from three states to 43 states because of the Biden administration.,ccf.georgetown.edu,Scientific source,Partially relevant
145,E,Postpartum Medicaid coverage expanded from three states to 43 states because of the Biden administration.,apha.org,Unclear website,Partially relevant
145,E,Postpartum Medicaid coverage expanded from three states to 43 states because of the Biden administration.,pn3policy.org,Unclear website,Partially relevant
145,E,Postpartum Medicaid coverage expanded from three states to 43 states because of the Biden administration.,macpac.gov,Government / public institution,Partially relevant
146,F,La couverture Medicaid post-partum est passée de trois à 43 États grâce à l'administration Biden.,amnesty.org,Unclear website,Out of context
146,F,La couverture Medicaid post-partum est passée de trois à 43 États grâce à l'administration Biden.,propublica.org,Unclear website,Out of context
146,F,La couverture Medicaid post-partum est passée de trois à 43 États grâce à l'administration Biden.,has-sante.fr,Unclear website,Out of context
146,F,La couverture Medicaid post-partum est passée de trois à 43 États grâce à l'administration Biden.,dumas.ccsd.cnrs.fr,Unclear website,Out of context
146,F,La couverture Medicaid post-partum est passée de trois à 43 États grâce à l'administration Biden.,archipel.uqam.ca,Unclear website,Partially relevant
146,F,La couverture Medicaid post-partum est passée de trois à 43 États grâce à l'administration Biden.,igas.gouv.fr,Unclear website,Out of context
146,F,La couverture Medicaid post-partum est passée de trois à 43 États grâce à l'administration Biden.,theses.hal.science,Scientific source,Out of context
146,F,La couverture Medicaid post-partum est passée de trois à 43 États grâce à l'administration Biden.,healthandtech.eu,Unclear website,Out of context
146,F,La couverture Medicaid post-partum est passée de trois à 43 États grâce à l'administration Biden.,utheme.utoulouse.fr,Unclear website,Out of context
146,F,La couverture Medicaid post-partum est passée de trois à 43 États grâce à l'administration Biden.,lesrencontreseconomique...,Unclear website,Out of context
146,F,La couverture Medicaid post-partum est passée de trois à 43 États grâce à l'administration Biden.,dentaquest.com,Unclear website,Out of context
146,F,La couverture Medicaid post-partum est passée de trois à 43 États grâce à l'administration Biden.,lasemaineafricaine.info,Unclear website,Out of context
146,F,La couverture Medicaid post-partum est passée de trois à 43 États grâce à l'administration Biden.,anses.hal.science,Scientific source,Out of context
146,F,La couverture Medicaid post-partum est passée de trois à 43 États grâce à l'administration Biden.,skidmark.blog,Unclear website,Out of context
146,F,La couverture Medicaid post-partum est passée de trois à 43 États grâce à l'administration Biden.,tout-petits.org,Unclear website,Out of context
146,F,La couverture Medicaid post-partum est passée de trois à 43 États grâce à l'administration Biden.,mentalhealthcommission....,Unclear website,Out of context
146,F,La couverture Medicaid post-partum est passée de trois à 43 États grâce à l'administration Biden.,fr.scribd.com,Intermediate media,Out of context
146,F,La couverture Medicaid post-partum est passée de trois à 43 États grâce à l'administration Biden.,dynamiquehandicape.ca,Unclear website,Partially relevant
146,F,La couverture Medicaid post-partum est passée de trois à 43 États grâce à l'administration Biden.,warner.senate.gov,Government / public institution,Out of context
146,F,La couverture Medicaid post-partum est passée de trois à 43 États grâce à l'administration Biden.,naturalwomanhood.org,Unclear website,Partially relevant
146,F,La couverture Medicaid post-partum est passée de trois à 43 États grâce à l'administration Biden.,link.springer.com,Scientific source,Out of context
146,F,La couverture Medicaid post-partum est passée de trois à 43 États grâce à l'administration Biden.,mordorintelligence.com,Unclear website,Out of context
146,F,La couverture Medicaid post-partum est passée de trois à 43 États grâce à l'administration Biden.,institutmontaigne.org,Unclear website,Out of context
146,F,La couverture Medicaid post-partum est passée de trois à 43 États grâce à l'administration Biden.,shs.cairn.info,Unclear website,Out of context
146,F,La couverture Medicaid post-partum est passée de trois à 43 États grâce à l'administration Biden.,oecd.org,International organization,Out of context
146,F,La couverture Medicaid post-partum est passée de trois à 43 États grâce à l'administration Biden.,bnains.org,Unclear website,Out of context
147,E,"“Wisconsin had over 1,400 opioid overdose deaths in 2022.”",cdc.gov,Government / public institution,Partially relevant
147,E,"“Wisconsin had over 1,400 opioid overdose deaths in 2022.”",pmc.ncbi.nlm.nih.gov,Government / public institution,Relevant
147,E,"“Wisconsin had over 1,400 opioid overdose deaths in 2022.”",pubmed.ncbi.nlm.nih.gov,Government / public institution,Relevant
147,E,"“Wisconsin had over 1,400 opioid overdose deaths in 2022.”",pmc.ncbi.nlm.nih.gov,Government / public institution,Relevant
147,E,"“Wisconsin had over 1,400 opioid overdose deaths in 2022.”",pmc.ncbi.nlm.nih.gov,Government / public institution,Partially relevant
147,E,"“Wisconsin had over 1,400 opioid overdose deaths in 2022.”",wpr.org,Unclear website,Relevant
147,E,"“Wisconsin had over 1,400 opioid overdose deaths in 2022.”",wpr.org,Unclear website,Relevant
147,E,"“Wisconsin had over 1,400 opioid overdose deaths in 2022.”",wpr.org,Unclear website,Relevant
147,E,"“Wisconsin had over 1,400 opioid overdose deaths in 2022.”",dhs.wisconsin.gov,Government / public institution,Partially relevant
147,E,"“Wisconsin had over 1,400 opioid overdose deaths in 2022.”",dsps.wi.gov,Government / public institution,Out of context
147,E,"“Wisconsin had over 1,400 opioid overdose deaths in 2022.”",dhs.wisconsin.gov,Government / public institution,Out of context
147,E,"“Wisconsin had over 1,400 opioid overdose deaths in 2022.”",dhs.wisconsin.gov,Government / public institution,Out of context
147,E,"“Wisconsin had over 1,400 opioid overdose deaths in 2022.”",dhs.wisconsin.gov,Government / public institution,Partially relevant
147,E,"“Wisconsin had over 1,400 opioid overdose deaths in 2022.”",dhs.wisconsin.gov,Government / public institution,Partially relevant
147,E,"“Wisconsin had over 1,400 opioid overdose deaths in 2022.”",co.rock.wi.us,Unclear website,Relevant
147,E,"“Wisconsin had over 1,400 opioid overdose deaths in 2022.”",docs.legis.wisconsin.gov,Government / public institution,Relevant
147,E,"“Wisconsin had over 1,400 opioid overdose deaths in 2022.”",justice.gov,Government / public institution,Partially relevant
147,E,"“Wisconsin had over 1,400 opioid overdose deaths in 2022.”",wispolicyforum.org,Unclear website,Partially relevant
147,E,"“Wisconsin had over 1,400 opioid overdose deaths in 2022.”",doc.wi.gov,Government / public institution,Partially relevant
147,E,"“Wisconsin had over 1,400 opioid overdose deaths in 2022.”",nj.gov,Government / public institution,Out of context
147,E,"“Wisconsin had over 1,400 opioid overdose deaths in 2022.”",aspirus.org,Unclear website,Partially relevant
147,E,"“Wisconsin had over 1,400 opioid overdose deaths in 2022.”",dpi.wi.gov,Government / public institution,Out of context
147,E,"“Wisconsin had over 1,400 opioid overdose deaths in 2022.”",info.ahwendowment.org,Unclear website,Relevant
147,E,"“Wisconsin had over 1,400 opioid overdose deaths in 2022.”",dhs.wisconsin.gov,Government / public institution,Out of context
147,E,"“Wisconsin had over 1,400 opioid overdose deaths in 2022.”",waukeshacounty.gov,Government / public institution,Partially relevant
148,F,« Le Wisconsin a enregistré plus de 1 400 décès par surdose d'opioïdes en 2022. »,fr.wikipedia.org,Intermediate media,Partially relevant
148,F,« Le Wisconsin a enregistré plus de 1 400 décès par surdose d'opioïdes en 2022. »,ansm.sante.fr,Unclear website,Out of context
148,F,« Le Wisconsin a enregistré plus de 1 400 décès par surdose d'opioïdes en 2022. »,20minutes.fr,Unclear website,Partially relevant
148,F,« Le Wisconsin a enregistré plus de 1 400 décès par surdose d'opioïdes en 2022. »,ouest-france.fr,Unclear website,Partially relevant
148,F,« Le Wisconsin a enregistré plus de 1 400 décès par surdose d'opioïdes en 2022. »,lemonde.fr,Journalistic source,Partially relevant
148,F,« Le Wisconsin a enregistré plus de 1 400 décès par surdose d'opioïdes en 2022. »,dumas.ccsd.cnrs.fr,Unclear website,Out of context
148,F,« Le Wisconsin a enregistré plus de 1 400 décès par surdose d'opioïdes en 2022. »,unodc.org,International organization,Partially relevant
148,F,« Le Wisconsin a enregistré plus de 1 400 décès par surdose d'opioïdes en 2022. »,securitepublique.gc.ca,Government / public institution,Partially relevant
148,F,« Le Wisconsin a enregistré plus de 1 400 décès par surdose d'opioïdes en 2022. »,gazette.gc.ca,Government / public institution,Out of context
148,F,« Le Wisconsin a enregistré plus de 1 400 décès par surdose d'opioïdes en 2022. »,carenity.com,Unclear website,Partially relevant
148,F,« Le Wisconsin a enregistré plus de 1 400 décès par surdose d'opioïdes en 2022. »,theses.hal.science,Scientific source,Out of context
148,F,« Le Wisconsin a enregistré plus de 1 400 décès par surdose d'opioïdes en 2022. »,chuv.ch,Unclear website,Partially relevant
148,F,« Le Wisconsin a enregistré plus de 1 400 décès par surdose d'opioïdes en 2022. »,umontreal.scholaris.ca,Unclear website,Relevant
148,F,« Le Wisconsin a enregistré plus de 1 400 décès par surdose d'opioïdes en 2022. »,warner.senate.gov,Government / public institution,Partially relevant
148,F,« Le Wisconsin a enregistré plus de 1 400 décès par surdose d'opioïdes en 2022. »,shs.cairn.info,Unclear website,Out of context
148,F,« Le Wisconsin a enregistré plus de 1 400 décès par surdose d'opioïdes en 2022. »,fr.ch,Unclear website,Partially relevant
148,F,« Le Wisconsin a enregistré plus de 1 400 décès par surdose d'opioïdes en 2022. »,hal.science,Scientific source,Out of context
149,E,“(The) top issue for college students is the economy.”,news.gallup.com,Journalistic source,Out of context
149,E,“(The) top issue for college students is the economy.”,pewresearch.org,Scientific source,Out of context
149,E,“(The) top issue for college students is the economy.”,admissions.yale.edu,Scientific source,Out of context
149,E,“(The) top issue for college students is the economy.”,iop.harvard.edu,Scientific source,Out of context
149,E,“(The) top issue for college students is the economy.”,houstonpublicmedia.org,Unclear website,Out of context
149,E,“(The) top issue for college students is the economy.”,commonfund.org,Unclear website,Relevant
149,E,“(The) top issue for college students is the economy.”,law.marquette.edu,Scientific source,Partially relevant
149,E,“(The) top issue for college students is the economy.”,sheeo.org,Unclear website,Partially relevant
149,E,“(The) top issue for college students is the economy.”,digitaleducationcouncil...,Unclear website,Out of context
149,E,“(The) top issue for college students is the economy.”,siepr.stanford.edu,Scientific source,Out of context
149,E,“(The) top issue for college students is the economy.”,kinder.rice.edu,Scientific source,Out of context
149,E,“(The) top issue for college students is the economy.”,today.marquette.edu,Scientific source,Partially relevant
149,E,“(The) top issue for college students is the economy.”,acha.org,Unclear website,Partially relevant
149,E,“(The) top issue for college students is the economy.”,acha.org,Unclear website,Partially relevant
149,E,“(The) top issue for college students is the economy.”,csus.edu,Scientific source,Out of context
149,E,“(The) top issue for college students is the economy.”,uhw.msu.edu,Scientific source,Out of context
149,E,“(The) top issue for college students is the economy.”,schev.edu,Scientific source,Partially relevant
149,E,“(The) top issue for college students is the economy.”,csuci.edu,Scientific source,Partially relevant
149,E,“(The) top issue for college students is the economy.”,acha.org,Unclear website,Partially relevant
149,E,“(The) top issue for college students is the economy.”,acha.org,Unclear website,Out of context
149,E,“(The) top issue for college students is the economy.”,csun.edu,Scientific source,Out of context
149,E,“(The) top issue for college students is the economy.”,acha.org,Unclear website,Out of context
149,E,“(The) top issue for college students is the economy.”,naceweb.org,Unclear website,Out of context
149,E,“(The) top issue for college students is the economy.”,slcc.edu,Scientific source,Out of context
149,E,“(The) top issue for college students is the economy.”,heri.ucla.edu,Scientific source,Partially relevant
149,E,“(The) top issue for college students is the economy.”,newsroom.collegeboard.org,Unclear website,Out of context
149,E,“(The) top issue for college students is the economy.”,edsource.org,Unclear website,Out of context
149,E,“(The) top issue for college students is the economy.”,census.gov,Government / public institution,Out of context
149,E,“(The) top issue for college students is the economy.”,naceweb.org,Unclear website,Partially relevant
149,E,“(The) top issue for college students is the economy.”,crl.acrl.org,Unclear website,Out of context
149,E,“(The) top issue for college students is the economy.”,dhs.gov,Government / public institution,Out of context
149,E,“(The) top issue for college students is the economy.”,highereddive.com,Unclear website,Relevant
149,E,“(The) top issue for college students is the economy.”,deloitte.com,Unclear website,Out of context
149,E,“(The) top issue for college students is the economy.”,crln.acrl.org,Unclear website,Relevant
149,E,“(The) top issue for college students is the economy.”,naspa.org,Unclear website,Relevant
149,E,“(The) top issue for college students is the economy.”,publicaffairs.vpcomm.umich....,Unclear website,Out of context
149,E,“(The) top issue for college students is the economy.”,schev.edu,Scientific source,Partially relevant
149,E,“(The) top issue for college students is the economy.”,agb.org,Unclear website,Partially relevant
150,F,« La principale préoccupation des étudiants universitaires est l'économie. »,gazette.gc.ca,Government / public institution,Out of context
150,F,« La principale préoccupation des étudiants universitaires est l'économie. »,ipsos.com,Unclear website,Out of context
150,F,« La principale préoccupation des étudiants universitaires est l'économie. »,ulaval.ca,Unclear website,Out of context
150,F,« La principale préoccupation des étudiants universitaires est l'économie. »,cereq.fr,Unclear website,Out of context
150,F,« La principale préoccupation des étudiants universitaires est l'économie. »,pim.quebec,Unclear website,Out of context
150,F,« La principale préoccupation des étudiants universitaires est l'économie. »,cbie.ca,Unclear website,Out of context
150,F,« La principale préoccupation des étudiants universitaires est l'économie. »,help.anthology.com,Unclear website,Out of context
150,F,« La principale préoccupation des étudiants universitaires est l'économie. »,kpmg.com,Unclear website,Out of context
150,F,« La principale préoccupation des étudiants universitaires est l'économie. »,ccomptes.fr,Unclear website,Out of context
150,F,« La principale préoccupation des étudiants universitaires est l'économie. »,vie-publique.fr,Unclear website,Out of context
150,F,« La principale préoccupation des étudiants universitaires est l'économie. »,reseaureussitemontreal....,Unclear website,Out of context
150,F,« La principale préoccupation des étudiants universitaires est l'économie. »,theses.hal.science,Scientific source,Out of context
150,F,« La principale préoccupation des étudiants universitaires est l'économie. »,canada.ca,Government / public institution,Out of context
150,F,« La principale préoccupation des étudiants universitaires est l'économie. »,conseilinnovation.quebec,Unclear website,Out of context
150,F,« La principale préoccupation des étudiants universitaires est l'économie. »,strategie-plan.gouv.fr,Unclear website,Out of context
150,F,« La principale préoccupation des étudiants universitaires est l'économie. »,unesdoc.unesco.org,International organization,Out of context
150,F,« La principale préoccupation des étudiants universitaires est l'économie. »,igas.gouv.fr,Unclear website,Out of context
150,F,« La principale préoccupation des étudiants universitaires est l'économie. »,portaleducatiu.ad,Unclear website,Out of context
150,F,« La principale préoccupation des étudiants universitaires est l'économie. »,erudit.org,Scientific source,Out of context
150,F,« La principale préoccupation des étudiants universitaires est l'économie. »,obvia.ca,Unclear website,Out of context
150,F,« La principale préoccupation des étudiants universitaires est l'économie. »,globaldisabilitysummit....,Unclear website,Out of context
150,F,« La principale préoccupation des étudiants universitaires est l'économie. »,ccomptes.fr,Unclear website,Out of context
150,F,« La principale préoccupation des étudiants universitaires est l'économie. »,institutmontaigne.org,Unclear website,Out of context
151,E,"“In April last year, our state unemployment rate hit a record low of 2.4%. Last year, Wisconsin had an all-time lowest number of unemployed workers ever in modern history.”",politifact.com,Journalistic source,Relevant
151,E,"“In April last year, our state unemployment rate hit a record low of 2.4%. Last year, Wisconsin had an all-time lowest number of unemployed workers ever in modern history.”",cbpp.org,Unclear website,Out of context
151,E,"“In April last year, our state unemployment rate hit a record low of 2.4%. Last year, Wisconsin had an all-time lowest number of unemployed workers ever in modern history.”",epi.org,Unclear website,Out of context
151,E,"“In April last year, our state unemployment rate hit a record low of 2.4%. Last year, Wisconsin had an all-time lowest number of unemployed workers ever in modern history.”",wpr.org,Unclear website,Out of context
151,E,"“In April last year, our state unemployment rate hit a record low of 2.4%. Last year, Wisconsin had an all-time lowest number of unemployed workers ever in modern history.”",marquette.edu,Scientific source,Out of context
151,E,"“In April last year, our state unemployment rate hit a record low of 2.4%. Last year, Wisconsin had an all-time lowest number of unemployed workers ever in modern history.”",content.govdelivery.com,Government / public institution,Partially relevant
151,E,"“In April last year, our state unemployment rate hit a record low of 2.4%. Last year, Wisconsin had an all-time lowest number of unemployed workers ever in modern history.”",jobcenterofwisconsin.com,Unclear website,Out of context
151,E,"“In April last year, our state unemployment rate hit a record low of 2.4%. Last year, Wisconsin had an all-time lowest number of unemployed workers ever in modern history.”",workingwi.org,Unclear website,Out of context
151,E,"“In April last year, our state unemployment rate hit a record low of 2.4%. Last year, Wisconsin had an all-time lowest number of unemployed workers ever in modern history.”",bls.gov,Government / public institution,Out of context
151,E,"“In April last year, our state unemployment rate hit a record low of 2.4%. Last year, Wisconsin had an all-time lowest number of unemployed workers ever in modern history.”",dwd.wisconsin.gov,Government / public institution,Out of context
151,E,"“In April last year, our state unemployment rate hit a record low of 2.4%. Last year, Wisconsin had an all-time lowest number of unemployed workers ever in modern history.”",workingwi.org,Unclear website,Out of context
151,E,"“In April last year, our state unemployment rate hit a record low of 2.4%. Last year, Wisconsin had an all-time lowest number of unemployed workers ever in modern history.”",jobcenterofwisconsin.com,Unclear website,Out of context
151,E,"“In April last year, our state unemployment rate hit a record low of 2.4%. Last year, Wisconsin had an all-time lowest number of unemployed workers ever in modern history.”",jobcenterofwisconsin.com,Unclear website,Out of context
151,E,"“In April last year, our state unemployment rate hit a record low of 2.4%. Last year, Wisconsin had an all-time lowest number of unemployed workers ever in modern history.”",nelp.org,Unclear website,Out of context
151,E,"“In April last year, our state unemployment rate hit a record low of 2.4%. Last year, Wisconsin had an all-time lowest number of unemployed workers ever in modern history.”",bls.gov,Government / public institution,Out of context
151,E,"“In April last year, our state unemployment rate hit a record low of 2.4%. Last year, Wisconsin had an all-time lowest number of unemployed workers ever in modern history.”",dwd.wisconsin.gov,Government / public institution,Partially relevant
151,E,"“In April last year, our state unemployment rate hit a record low of 2.4%. Last year, Wisconsin had an all-time lowest number of unemployed workers ever in modern history.”",mn.gov,Government / public institution,Partially relevant
151,E,"“In April last year, our state unemployment rate hit a record low of 2.4%. Last year, Wisconsin had an all-time lowest number of unemployed workers ever in modern history.”",dwd.wisconsin.gov,Government / public institution,Out of context
151,E,"“In April last year, our state unemployment rate hit a record low of 2.4%. Last year, Wisconsin had an all-time lowest number of unemployed workers ever in modern history.”",lirc.wisconsin.gov,Government / public institution,Out of context
151,E,"“In April last year, our state unemployment rate hit a record low of 2.4%. Last year, Wisconsin had an all-time lowest number of unemployed workers ever in modern history.”",jobcenterofwisconsin.com,Unclear website,Out of context
151,E,"“In April last year, our state unemployment rate hit a record low of 2.4%. Last year, Wisconsin had an all-time lowest number of unemployed workers ever in modern history.”",dwd.wisconsin.gov,Government / public institution,Out of context
151,E,"“In April last year, our state unemployment rate hit a record low of 2.4%. Last year, Wisconsin had an all-time lowest number of unemployed workers ever in modern history.”",docs.legis.wisconsin.gov,Government / public institution,Out of context
151,E,"“In April last year, our state unemployment rate hit a record low of 2.4%. Last year, Wisconsin had an all-time lowest number of unemployed workers ever in modern history.”",dwd.wisconsin.gov,Government / public institution,Out of context
151,E,"“In April last year, our state unemployment rate hit a record low of 2.4%. Last year, Wisconsin had an all-time lowest number of unemployed workers ever in modern history.”",dhs.wisconsin.gov,Government / public institution,Out of context
151,E,"“In April last year, our state unemployment rate hit a record low of 2.4%. Last year, Wisconsin had an all-time lowest number of unemployed workers ever in modern history.”",docs.legis.wisconsin.gov,Government / public institution,Out of context
152,F,"« En avril de l'année dernière, le taux de chômage de notre État a atteint un niveau record de 2,4 %. L'année dernière, le Wisconsin a enregistré le plus faible nombre de chômeurs de son histoire moderne. »",fr.wikipedia.org,Intermediate media,Out of context
152,F,"« En avril de l'année dernière, le taux de chômage de notre État a atteint un niveau record de 2,4 %. L'année dernière, le Wisconsin a enregistré le plus faible nombre de chômeurs de son histoire moderne. »",fr.wikipedia.org,Intermediate media,Out of context
152,F,"« En avril de l'année dernière, le taux de chômage de notre État a atteint un niveau record de 2,4 %. L'année dernière, le Wisconsin a enregistré le plus faible nombre de chômeurs de son histoire moderne. »",fr.wikipedia.org,Intermediate media,Out of context
152,F,"« En avril de l'année dernière, le taux de chômage de notre État a atteint un niveau record de 2,4 %. L'année dernière, le Wisconsin a enregistré le plus faible nombre de chômeurs de son histoire moderne. »",oecd.org,International organization,Out of context
152,F,"« En avril de l'année dernière, le taux de chômage de notre État a atteint un niveau record de 2,4 %. L'année dernière, le Wisconsin a enregistré le plus faible nombre de chômeurs de son histoire moderne. »",numerique.banq.qc.ca,Unclear website,Out of context
152,F,"« En avril de l'année dernière, le taux de chômage de notre État a atteint un niveau record de 2,4 %. L'année dernière, le Wisconsin a enregistré le plus faible nombre de chômeurs de son histoire moderne. »",oecd.org,International organization,Out of context
152,F,"« En avril de l'année dernière, le taux de chômage de notre État a atteint un niveau record de 2,4 %. L'année dernière, le Wisconsin a enregistré le plus faible nombre de chômeurs de son histoire moderne. »",numerique.banq.qc.ca,Unclear website,Out of context
152,F,"« En avril de l'année dernière, le taux de chômage de notre État a atteint un niveau record de 2,4 %. L'année dernière, le Wisconsin a enregistré le plus faible nombre de chômeurs de son histoire moderne. »",historiaetius.eu,Unclear website,Out of context
152,F,"« En avril de l'année dernière, le taux de chômage de notre État a atteint un niveau record de 2,4 %. L'année dernière, le Wisconsin a enregistré le plus faible nombre de chômeurs de son histoire moderne. »",svn.spraakdata.gu.se,Unclear website,Out of context
152,F,"« En avril de l'année dernière, le taux de chômage de notre État a atteint un niveau record de 2,4 %. L'année dernière, le Wisconsin a enregistré le plus faible nombre de chômeurs de son histoire moderne. »",academia.edu,Scientific source,Out of context
152,F,"« En avril de l'année dernière, le taux de chômage de notre État a atteint un niveau record de 2,4 %. L'année dernière, le Wisconsin a enregistré le plus faible nombre de chômeurs de son histoire moderne. »",unesdoc.unesco.org,International organization,Out of context
152,F,"« En avril de l'année dernière, le taux de chômage de notre État a atteint un niveau record de 2,4 %. L'année dernière, le Wisconsin a enregistré le plus faible nombre de chômeurs de son histoire moderne. »",theses.fr,Unclear website,Out of context
152,F,"« En avril de l'année dernière, le taux de chômage de notre État a atteint un niveau record de 2,4 %. L'année dernière, le Wisconsin a enregistré le plus faible nombre de chômeurs de son histoire moderne. »",imf.org,International organization,Out of context
152,F,"« En avril de l'année dernière, le taux de chômage de notre État a atteint un niveau record de 2,4 %. L'année dernière, le Wisconsin a enregistré le plus faible nombre de chômeurs de son histoire moderne. »",strategie-plan.gouv.fr,Unclear website,Out of context
152,F,"« En avril de l'année dernière, le taux de chômage de notre État a atteint un niveau record de 2,4 %. L'année dernière, le Wisconsin a enregistré le plus faible nombre de chômeurs de son histoire moderne. »",documents1.worldbank.org,International organization,Out of context
152,F,"« En avril de l'année dernière, le taux de chômage de notre État a atteint un niveau record de 2,4 %. L'année dernière, le Wisconsin a enregistré le plus faible nombre de chômeurs de son histoire moderne. »",unv.org,Unclear website,Out of context
152,F,"« En avril de l'année dernière, le taux de chômage de notre État a atteint un niveau record de 2,4 %. L'année dernière, le Wisconsin a enregistré le plus faible nombre de chômeurs de son histoire moderne. »",sanofi.com,Unclear website,Out of context
152,F,"« En avril de l'année dernière, le taux de chômage de notre État a atteint un niveau record de 2,4 %. L'année dernière, le Wisconsin a enregistré le plus faible nombre de chômeurs de son histoire moderne. »",parisschoolofeconomics....,Unclear website,Out of context
152,F,"« En avril de l'année dernière, le taux de chômage de notre État a atteint un niveau record de 2,4 %. L'année dernière, le Wisconsin a enregistré le plus faible nombre de chômeurs de son histoire moderne. »",groupe-bel.com,Unclear website,Out of context
152,F,"« En avril de l'année dernière, le taux de chômage de notre État a atteint un niveau record de 2,4 %. L'année dernière, le Wisconsin a enregistré le plus faible nombre de chômeurs de son histoire moderne. »",achpr.au.int,Unclear website,Out of context
152,F,"« En avril de l'année dernière, le taux de chômage de notre État a atteint un niveau record de 2,4 %. L'année dernière, le Wisconsin a enregistré le plus faible nombre de chômeurs de son histoire moderne. »",la-fabrique.fr,Unclear website,Out of context
152,F,"« En avril de l'année dernière, le taux de chômage de notre État a atteint un niveau record de 2,4 %. L'année dernière, le Wisconsin a enregistré le plus faible nombre de chômeurs de son histoire moderne. »",frenchusa.fr,Unclear website,Out of context
152,F,"« En avril de l'année dernière, le taux de chômage de notre État a atteint un niveau record de 2,4 %. L'année dernière, le Wisconsin a enregistré le plus faible nombre de chômeurs de son histoire moderne. »",theses.hal.science,Scientific source,Out of context
152,F,"« En avril de l'année dernière, le taux de chômage de notre État a atteint un niveau record de 2,4 %. L'année dernière, le Wisconsin a enregistré le plus faible nombre de chômeurs de son histoire moderne. »",documents1.worldbank.org,International organization,Out of context
152,F,"« En avril de l'année dernière, le taux de chômage de notre État a atteint un niveau record de 2,4 %. L'année dernière, le Wisconsin a enregistré le plus faible nombre de chômeurs de son histoire moderne. »",fr.tradingeconomics.com,Unclear website,Out of context
152,F,"« En avril de l'année dernière, le taux de chômage de notre État a atteint un niveau record de 2,4 %. L'année dernière, le Wisconsin a enregistré le plus faible nombre de chômeurs de son histoire moderne. »",strategie-plan.gouv.fr,Unclear website,Out of context
152,F,"« En avril de l'année dernière, le taux de chômage de notre État a atteint un niveau record de 2,4 %. L'année dernière, le Wisconsin a enregistré le plus faible nombre de chômeurs de son histoire moderne. »",tctranscontinental.com,Unclear website,Out of context
152,F,"« En avril de l'année dernière, le taux de chômage de notre État a atteint un niveau record de 2,4 %. L'année dernière, le Wisconsin a enregistré le plus faible nombre de chômeurs de son histoire moderne. »",lettredesreseaux.com,Unclear website,Out of context
152,F,"« En avril de l'année dernière, le taux de chômage de notre État a atteint un niveau record de 2,4 %. L'année dernière, le Wisconsin a enregistré le plus faible nombre de chômeurs de son histoire moderne. »",jean-jaures.org,Unclear website,Out of context
153,E,"“Today in America, 1 in 3 women of reproductive age live in a state with an abortion ban.”",ama-assn.org,Unclear website,Partially relevant
153,E,"“Today in America, 1 in 3 women of reproductive age live in a state with an abortion ban.”",kff.org,Unclear website,Partially relevant
153,E,"“Today in America, 1 in 3 women of reproductive age live in a state with an abortion ban.”",kff.org,Unclear website,Out of context
153,E,"“Today in America, 1 in 3 women of reproductive age live in a state with an abortion ban.”",kff.org,Unclear website,Out of context
153,E,"“Today in America, 1 in 3 women of reproductive age live in a state with an abortion ban.”",who.int,International organization,Out of context
153,E,"“Today in America, 1 in 3 women of reproductive age live in a state with an abortion ban.”",guttmacher.org,Unclear website,Partially relevant
153,E,"“Today in America, 1 in 3 women of reproductive age live in a state with an abortion ban.”",commonwealthfund.org,Unclear website,Relevant
153,E,"“Today in America, 1 in 3 women of reproductive age live in a state with an abortion ban.”",americanprogress.org,Unclear website,Partially relevant
153,E,"“Today in America, 1 in 3 women of reproductive age live in a state with an abortion ban.”",americanprogress.org,Unclear website,Partially relevant
153,E,"“Today in America, 1 in 3 women of reproductive age live in a state with an abortion ban.”",publichealth.jhu.edu,Scientific source,Out of context
153,E,"“Today in America, 1 in 3 women of reproductive age live in a state with an abortion ban.”",publichealth.jhu.edu,Scientific source,Out of context
153,E,"“Today in America, 1 in 3 women of reproductive age live in a state with an abortion ban.”",thegepi.org,Unclear website,Out of context
153,E,"“Today in America, 1 in 3 women of reproductive age live in a state with an abortion ban.”",publichealth.jhu.edu,Scientific source,Out of context
153,E,"“Today in America, 1 in 3 women of reproductive age live in a state with an abortion ban.”",nationalpartnership.org,Unclear website,Relevant
153,E,"“Today in America, 1 in 3 women of reproductive age live in a state with an abortion ban.”",reproductiverights.org,Unclear website,Partially relevant
153,E,"“Today in America, 1 in 3 women of reproductive age live in a state with an abortion ban.”",federalregister.gov,Government / public institution,Out of context
153,E,"“Today in America, 1 in 3 women of reproductive age live in a state with an abortion ban.”",illinoistimes.com,Journalistic source,Partially relevant
153,E,"“Today in America, 1 in 3 women of reproductive age live in a state with an abortion ban.”",legislature.mi.gov,Government / public institution,Out of context
153,E,"“Today in America, 1 in 3 women of reproductive age live in a state with an abortion ban.”",mapresearch.org,Scientific source,Out of context
153,E,"“Today in America, 1 in 3 women of reproductive age live in a state with an abortion ban.”",contemporaryobgyn.net,Unclear website,Relevant
153,E,"“Today in America, 1 in 3 women of reproductive age live in a state with an abortion ban.”",statecourtreport.org,Unclear website,Partially relevant
154,F,"« Aujourd'hui, aux États-Unis, une femme sur trois en âge de procréer vit dans un État où l'avortement est interdit. »",theconversation.com,Journalistic source,Partially relevant
154,F,"« Aujourd'hui, aux États-Unis, une femme sur trois en âge de procréer vit dans un État où l'avortement est interdit. »",fr.wikipedia.org,Intermediate media,Out of context
154,F,"« Aujourd'hui, aux États-Unis, une femme sur trois en âge de procréer vit dans un État où l'avortement est interdit. »",who.int,International organization,Out of context
154,F,"« Aujourd'hui, aux États-Unis, une femme sur trois en âge de procréer vit dans un État où l'avortement est interdit. »",apps.who.int,International organization,Out of context
154,F,"« Aujourd'hui, aux États-Unis, une femme sur trois en âge de procréer vit dans un État où l'avortement est interdit. »",afro.who.int,International organization,Out of context
154,F,"« Aujourd'hui, aux États-Unis, une femme sur trois en âge de procréer vit dans un État où l'avortement est interdit. »",apps.who.int,International organization,Out of context
154,F,"« Aujourd'hui, aux États-Unis, une femme sur trois en âge de procréer vit dans un État où l'avortement est interdit. »",apps.who.int,International organization,Partially relevant
154,F,"« Aujourd'hui, aux États-Unis, une femme sur trois en âge de procréer vit dans un État où l'avortement est interdit. »",iris.who.int,International organization,Out of context
154,F,"« Aujourd'hui, aux États-Unis, une femme sur trois en âge de procréer vit dans un État où l'avortement est interdit. »",iris.who.int,International organization,Out of context
154,F,"« Aujourd'hui, aux États-Unis, une femme sur trois en âge de procréer vit dans un État où l'avortement est interdit. »",apps.who.int,International organization,Out of context
154,F,"« Aujourd'hui, aux États-Unis, une femme sur trois en âge de procréer vit dans un État où l'avortement est interdit. »",guttmacher.org,Unclear website,Out of context
154,F,"« Aujourd'hui, aux États-Unis, une femme sur trois en âge de procréer vit dans un État où l'avortement est interdit. »",guttmacher.org,Unclear website,Out of context
154,F,"« Aujourd'hui, aux États-Unis, une femme sur trois en âge de procréer vit dans un État où l'avortement est interdit. »",has-sante.fr,Unclear website,Out of context
154,F,"« Aujourd'hui, aux États-Unis, une femme sur trois en âge de procréer vit dans un État où l'avortement est interdit. »",lemonde.fr,Journalistic source,Partially relevant
154,F,"« Aujourd'hui, aux États-Unis, une femme sur trois en âge de procréer vit dans un État où l'avortement est interdit. »",unicef.org,International organization,Out of context
154,F,"« Aujourd'hui, aux États-Unis, une femme sur trois en âge de procréer vit dans un État où l'avortement est interdit. »",journals.openedition.org,Unclear website,Out of context
154,F,"« Aujourd'hui, aux États-Unis, une femme sur trois en âge de procréer vit dans un État où l'avortement est interdit. »",leclubdesjuristes.com,Unclear website,Out of context
154,F,"« Aujourd'hui, aux États-Unis, une femme sur trois en âge de procréer vit dans un État où l'avortement est interdit. »",a3.popcouncil.org,Unclear website,Out of context
154,F,"« Aujourd'hui, aux États-Unis, une femme sur trois en âge de procréer vit dans un État où l'avortement est interdit. »",sciencespo.fr,Unclear website,Out of context
154,F,"« Aujourd'hui, aux États-Unis, une femme sur trois en âge de procréer vit dans un État où l'avortement est interdit. »",sermo.com,Unclear website,Out of context
154,F,"« Aujourd'hui, aux États-Unis, une femme sur trois en âge de procréer vit dans un État où l'avortement est interdit. »",amnesty.fr,Unclear website,Out of context
154,F,"« Aujourd'hui, aux États-Unis, une femme sur trois en âge de procréer vit dans un État où l'avortement est interdit. »",jean-jaures.org,Unclear website,Partially relevant
154,F,"« Aujourd'hui, aux États-Unis, une femme sur trois en âge de procréer vit dans un État où l'avortement est interdit. »",reproductiverights.org,Unclear website,Out of context
154,F,"« Aujourd'hui, aux États-Unis, une femme sur trois en âge de procréer vit dans un État où l'avortement est interdit. »",focus2030.org,Unclear website,Out of context
154,F,"« Aujourd'hui, aux États-Unis, une femme sur trois en âge de procréer vit dans un État où l'avortement est interdit. »",ks.echr.coe.int,International organization,Out of context
154,F,"« Aujourd'hui, aux États-Unis, une femme sur trois en âge de procréer vit dans un État où l'avortement est interdit. »",droit.cairn.info,Unclear website,Out of context
154,F,"« Aujourd'hui, aux États-Unis, une femme sur trois en âge de procréer vit dans un État où l'avortement est interdit. »",persee.fr,Scientific source,Out of context
154,F,"« Aujourd'hui, aux États-Unis, une femme sur trois en âge de procréer vit dans un État où l'avortement est interdit. »",journals.openedition.org,Unclear website,Out of context
154,F,"« Aujourd'hui, aux États-Unis, une femme sur trois en âge de procréer vit dans un État où l'avortement est interdit. »",legrandcontinent.eu,Unclear website,Out of context
154,F,"« Aujourd'hui, aux États-Unis, une femme sur trois en âge de procréer vit dans un État où l'avortement est interdit. »",eeas.europa.eu,International organization,Out of context
154,F,"« Aujourd'hui, aux États-Unis, une femme sur trois en âge de procréer vit dans un État où l'avortement est interdit. »",senat.fr,Unclear website,Out of context
154,F,"« Aujourd'hui, aux États-Unis, une femme sur trois en âge de procréer vit dans un État où l'avortement est interdit. »",jean-jaures.org,Unclear website,Out of context
154,F,"« Aujourd'hui, aux États-Unis, une femme sur trois en âge de procréer vit dans un État où l'avortement est interdit. »",tnova.fr,Unclear website,Out of context
154,F,"« Aujourd'hui, aux États-Unis, une femme sur trois en âge de procréer vit dans un État où l'avortement est interdit. »",unstats.un.org,International organization,Out of context
154,F,"« Aujourd'hui, aux États-Unis, une femme sur trois en âge de procréer vit dans un État où l'avortement est interdit. »",idrc-crdi.ca,Unclear website,Out of context
154,F,"« Aujourd'hui, aux États-Unis, une femme sur trois en âge de procréer vit dans un État où l'avortement est interdit. »",fao.org,International organization,Out of context
154,F,"« Aujourd'hui, aux États-Unis, une femme sur trois en âge de procréer vit dans un État où l'avortement est interdit. »",unfpa.org,Unclear website,Out of context
154,F,"« Aujourd'hui, aux États-Unis, une femme sur trois en âge de procréer vit dans un État où l'avortement est interdit. »",theses.hal.science,Scientific source,Out of context
154,F,"« Aujourd'hui, aux États-Unis, une femme sur trois en âge de procréer vit dans un État où l'avortement est interdit. »",statistique.quebec.ca,Government / public institution,Out of context
154,F,"« Aujourd'hui, aux États-Unis, une femme sur trois en âge de procréer vit dans un État où l'avortement est interdit. »",referenceworks.brill.com,Unclear website,Out of context
154,F,"« Aujourd'hui, aux États-Unis, une femme sur trois en âge de procréer vit dans un État où l'avortement est interdit. »",theses.hal.science,Scientific source,Out of context
154,F,"« Aujourd'hui, aux États-Unis, une femme sur trois en âge de procréer vit dans un État où l'avortement est interdit. »",theses.hal.science,Scientific source,Out of context
154,F,"« Aujourd'hui, aux États-Unis, une femme sur trois en âge de procréer vit dans un État où l'avortement est interdit. »",horizon.documentation.ird.f...,Unclear website,Out of context
154,F,"« Aujourd'hui, aux États-Unis, une femme sur trois en âge de procréer vit dans un État où l'avortement est interdit. »",journals.openedition.org,Unclear website,Out of context
154,F,"« Aujourd'hui, aux États-Unis, une femme sur trois en âge de procréer vit dans un État où l'avortement est interdit. »",journals.openedition.org,Unclear website,Out of context
154,F,"« Aujourd'hui, aux États-Unis, une femme sur trois en âge de procréer vit dans un État où l'avortement est interdit. »",persee.fr,Scientific source,Out of context
154,F,"« Aujourd'hui, aux États-Unis, une femme sur trois en âge de procréer vit dans un État où l'avortement est interdit. »",uqar.ca,Unclear website,Out of context
155,E,"Donald Trump “deported less, believe it or not, than Barack Obama even did.”",factcheck.org,Journalistic source,Out of context
155,E,"Donald Trump “deported less, believe it or not, than Barack Obama even did.”",themarshallproject.org,Unclear website,Out of context
155,E,"Donald Trump “deported less, believe it or not, than Barack Obama even did.”",pbs.org,Journalistic source,Out of context
155,E,"Donald Trump “deported less, believe it or not, than Barack Obama even did.”",kff.org,Unclear website,Out of context
155,E,"Donald Trump “deported less, believe it or not, than Barack Obama even did.”",migrationpolicy.org,Unclear website,Out of context
155,E,"Donald Trump “deported less, believe it or not, than Barack Obama even did.”",migrationpolicy.org,Unclear website,Partially relevant
155,E,"Donald Trump “deported less, believe it or not, than Barack Obama even did.”",bipartisanpolicy.org,Unclear website,Partially relevant
155,E,"Donald Trump “deported less, believe it or not, than Barack Obama even did.”",americanimmigrationcoun...,Unclear website,Out of context
155,E,"Donald Trump “deported less, believe it or not, than Barack Obama even did.”",americanimmigrationcoun...,Unclear website,Out of context
155,E,"Donald Trump “deported less, believe it or not, than Barack Obama even did.”",americanimmigrationcoun...,Unclear website,Out of context
155,E,"Donald Trump “deported less, believe it or not, than Barack Obama even did.”",americanimmigrationcoun...,Unclear website,Out of context
155,E,"Donald Trump “deported less, believe it or not, than Barack Obama even did.”",cato.org,Unclear website,Out of context
155,E,"Donald Trump “deported less, believe it or not, than Barack Obama even did.”",aclu.org,Unclear website,Out of context
155,E,"Donald Trump “deported less, believe it or not, than Barack Obama even did.”",ap.org,Unclear website,Partially relevant
155,E,"Donald Trump “deported less, believe it or not, than Barack Obama even did.”",cis.org,Unclear website,Out of context
155,E,"Donald Trump “deported less, believe it or not, than Barack Obama even did.”",elpasomatters.org,Unclear website,Partially relevant
155,E,"Donald Trump “deported less, believe it or not, than Barack Obama even did.”",tracreports.org,Unclear website,Partially relevant
155,E,"Donald Trump “deported less, believe it or not, than Barack Obama even did.”",factchequeado.com,Unclear website,Partially relevant
155,E,"Donald Trump “deported less, believe it or not, than Barack Obama even did.”",wlrn.org,Unclear website,Partially relevant
155,E,"Donald Trump “deported less, believe it or not, than Barack Obama even did.”",dhs.gov,Government / public institution,Out of context
156,F,"Donald Trump « a expulsé moins d'immigrants, croyez-le ou non, que Barack Obama ».",theconversation.com,Journalistic source,Partially relevant
156,F,"Donald Trump « a expulsé moins d'immigrants, croyez-le ou non, que Barack Obama ».",ledevoir.com,Journalistic source,Partially relevant
156,F,"Donald Trump « a expulsé moins d'immigrants, croyez-le ou non, que Barack Obama ».",fr.wikipedia.org,Intermediate media,Partially relevant
156,F,"Donald Trump « a expulsé moins d'immigrants, croyez-le ou non, que Barack Obama ».",20minutes.fr,Unclear website,Partially relevant
156,F,"Donald Trump « a expulsé moins d'immigrants, croyez-le ou non, que Barack Obama ».",tf1info.fr,Unclear website,Partially relevant
156,F,"Donald Trump « a expulsé moins d'immigrants, croyez-le ou non, que Barack Obama ».",rtbf.be,Unclear website,Partially relevant
156,F,"Donald Trump « a expulsé moins d'immigrants, croyez-le ou non, que Barack Obama ».",slate.fr,Unclear website,Relevant
156,F,"Donald Trump « a expulsé moins d'immigrants, croyez-le ou non, que Barack Obama ».",tdg.ch,Unclear website,Partially relevant
156,F,"Donald Trump « a expulsé moins d'immigrants, croyez-le ou non, que Barack Obama ».",lirecapvert.org,Unclear website,Out of context
156,F,"Donald Trump « a expulsé moins d'immigrants, croyez-le ou non, que Barack Obama ».",gisti.org,Unclear website,Out of context
156,F,"Donald Trump « a expulsé moins d'immigrants, croyez-le ou non, que Barack Obama ».",ires.fr,Unclear website,Out of context
156,F,"Donald Trump « a expulsé moins d'immigrants, croyez-le ou non, que Barack Obama ».",publications.iom.int,International organization,Out of context
156,F,"Donald Trump « a expulsé moins d'immigrants, croyez-le ou non, que Barack Obama ».",immigrantjustice.org,Unclear website,Out of context
156,F,"Donald Trump « a expulsé moins d'immigrants, croyez-le ou non, que Barack Obama ».",shs.cairn.info,Unclear website,Partially relevant
156,F,"Donald Trump « a expulsé moins d'immigrants, croyez-le ou non, que Barack Obama ».",axl.cefan.ulaval.ca,Unclear website,Out of context
156,F,"Donald Trump « a expulsé moins d'immigrants, croyez-le ou non, que Barack Obama ».",cartercentee50c07c05.blob.c...,Unclear website,Out of context
156,F,"Donald Trump « a expulsé moins d'immigrants, croyez-le ou non, que Barack Obama ».",archipel.uqam.ca,Unclear website,Out of context
156,F,"Donald Trump « a expulsé moins d'immigrants, croyez-le ou non, que Barack Obama ».",unodc.org,International organization,Out of context
156,F,"Donald Trump « a expulsé moins d'immigrants, croyez-le ou non, que Barack Obama ».",unesdoc.unesco.org,International organization,Out of context
156,F,"Donald Trump « a expulsé moins d'immigrants, croyez-le ou non, que Barack Obama ».",institutkurde.org,Unclear website,Out of context
156,F,"Donald Trump « a expulsé moins d'immigrants, croyez-le ou non, que Barack Obama ».",theses.hal.science,Scientific source,Out of context
157,E,"“We’ve had more Americans die of fentanyl than the Iraq, Afghanistan, and Vietnam wars, combined.”",cdc.gov,Government / public institution,Out of context
157,E,"“We’ve had more Americans die of fentanyl than the Iraq, Afghanistan, and Vietnam wars, combined.”",cdc.gov,Government / public institution,Out of context
157,E,"“We’ve had more Americans die of fentanyl than the Iraq, Afghanistan, and Vietnam wars, combined.”",cdc.gov,Government / public institution,Out of context
157,E,"“We’ve had more Americans die of fentanyl than the Iraq, Afghanistan, and Vietnam wars, combined.”",npr.org,Journalistic source,Relevant
157,E,"“We’ve had more Americans die of fentanyl than the Iraq, Afghanistan, and Vietnam wars, combined.”",nber.org,Unclear website,Out of context
157,E,"“We’ve had more Americans die of fentanyl than the Iraq, Afghanistan, and Vietnam wars, combined.”",usafacts.org,Unclear website,Out of context
157,E,"“We’ve had more Americans die of fentanyl than the Iraq, Afghanistan, and Vietnam wars, combined.”",usafacts.org,Unclear website,Out of context
157,E,"“We’ve had more Americans die of fentanyl than the Iraq, Afghanistan, and Vietnam wars, combined.”",sciencedirect.com,Scientific source,Out of context
157,E,"“We’ve had more Americans die of fentanyl than the Iraq, Afghanistan, and Vietnam wars, combined.”",gosar.house.gov,Government / public institution,Out of context
157,E,"“We’ve had more Americans die of fentanyl than the Iraq, Afghanistan, and Vietnam wars, combined.”",nationalgeographic.com,Unclear website,Partially relevant
157,E,"“We’ve had more Americans die of fentanyl than the Iraq, Afghanistan, and Vietnam wars, combined.”",nida.nih.gov,Government / public institution,Out of context
157,E,"“We’ve had more Americans die of fentanyl than the Iraq, Afghanistan, and Vietnam wars, combined.”",ncbi.nlm.nih.gov,Government / public institution,Out of context
157,E,"“We’ve had more Americans die of fentanyl than the Iraq, Afghanistan, and Vietnam wars, combined.”",pmc.ncbi.nlm.nih.gov,Government / public institution,Out of context
157,E,"“We’ve had more Americans die of fentanyl than the Iraq, Afghanistan, and Vietnam wars, combined.”",pmc.ncbi.nlm.nih.gov,Government / public institution,Partially relevant
157,E,"“We’ve had more Americans die of fentanyl than the Iraq, Afghanistan, and Vietnam wars, combined.”",gao.gov,Government / public institution,Out of context
157,E,"“We’ve had more Americans die of fentanyl than the Iraq, Afghanistan, and Vietnam wars, combined.”",cfr.org,Unclear website,Partially relevant
157,E,"“We’ve had more Americans die of fentanyl than the Iraq, Afghanistan, and Vietnam wars, combined.”",dallasnews.com,Journalistic source,Partially relevant
157,E,"“We’ve had more Americans die of fentanyl than the Iraq, Afghanistan, and Vietnam wars, combined.”",politifact.com,Journalistic source,Partially relevant
157,E,"“We’ve had more Americans die of fentanyl than the Iraq, Afghanistan, and Vietnam wars, combined.”",nytimes.com,Journalistic source,Partially relevant
157,E,"“We’ve had more Americans die of fentanyl than the Iraq, Afghanistan, and Vietnam wars, combined.”",nytimes.com,Journalistic source,Partially relevant
157,E,"“We’ve had more Americans die of fentanyl than the Iraq, Afghanistan, and Vietnam wars, combined.”",en.wikipedia.org,Intermediate media,Partially relevant
157,E,"“We’ve had more Americans die of fentanyl than the Iraq, Afghanistan, and Vietnam wars, combined.”",hoover.org,Unclear website,Partially relevant
157,E,"“We’ve had more Americans die of fentanyl than the Iraq, Afghanistan, and Vietnam wars, combined.”",dea.gov,Government / public institution,Out of context
157,E,"“We’ve had more Americans die of fentanyl than the Iraq, Afghanistan, and Vietnam wars, combined.”",trumpwhitehouse.archives.go...,Unclear website,Relevant
157,E,"“We’ve had more Americans die of fentanyl than the Iraq, Afghanistan, and Vietnam wars, combined.”",sd34.senate.ca.gov,Government / public institution,Partially relevant
157,E,"“We’ve had more Americans die of fentanyl than the Iraq, Afghanistan, and Vietnam wars, combined.”",archives.gov,Government / public institution,Out of context
157,E,"“We’ve had more Americans die of fentanyl than the Iraq, Afghanistan, and Vietnam wars, combined.”",department.va.gov,Government / public institution,Partially relevant
157,E,"“We’ve had more Americans die of fentanyl than the Iraq, Afghanistan, and Vietnam wars, combined.”",war.gov,Government / public institution,Out of context
157,E,"“We’ve had more Americans die of fentanyl than the Iraq, Afghanistan, and Vietnam wars, combined.”",dcas.dmdc.osd.mil,Unclear website,Out of context
157,E,"“We’ve had more Americans die of fentanyl than the Iraq, Afghanistan, and Vietnam wars, combined.”",costsofwar.watson.brown.edu...,Scientific source,Partially relevant
158,F,"« Plus d'Américains sont morts du fentanyl que pendant les guerres en Irak, en Afghanistan et au Vietnam réunies. »",hrw.org,Unclear website,Out of context
158,F,"« Plus d'Américains sont morts du fentanyl que pendant les guerres en Irak, en Afghanistan et au Vietnam réunies. »",linternaute.com,Unclear website,Partially relevant
158,F,"« Plus d'Américains sont morts du fentanyl que pendant les guerres en Irak, en Afghanistan et au Vietnam réunies. »",lemonde.fr,Journalistic source,Out of context
158,F,"« Plus d'Américains sont morts du fentanyl que pendant les guerres en Irak, en Afghanistan et au Vietnam réunies. »",jcdurbant.wordpress.com,Journalistic source,Out of context
158,F,"« Plus d'Américains sont morts du fentanyl que pendant les guerres en Irak, en Afghanistan et au Vietnam réunies. »",courrierinternational.c...,Unclear website,Relevant
158,F,"« Plus d'Américains sont morts du fentanyl que pendant les guerres en Irak, en Afghanistan et au Vietnam réunies. »",vih.org,Unclear website,Out of context
158,F,"« Plus d'Américains sont morts du fentanyl que pendant les guerres en Irak, en Afghanistan et au Vietnam réunies. »",transmutatis.fr,Unclear website,Out of context
158,F,"« Plus d'Américains sont morts du fentanyl que pendant les guerres en Irak, en Afghanistan et au Vietnam réunies. »",academie-medecine.fr,Unclear website,Out of context
158,F,"« Plus d'Américains sont morts du fentanyl que pendant les guerres en Irak, en Afghanistan et au Vietnam réunies. »",shs.cairn.info,Unclear website,Relevant
158,F,"« Plus d'Américains sont morts du fentanyl que pendant les guerres en Irak, en Afghanistan et au Vietnam réunies. »",globalinitiative.net,Unclear website,Out of context
158,F,"« Plus d'Américains sont morts du fentanyl que pendant les guerres en Irak, en Afghanistan et au Vietnam réunies. »",hal.univ-lorraine.fr,Unclear website,Out of context
158,F,"« Plus d'Américains sont morts du fentanyl que pendant les guerres en Irak, en Afghanistan et au Vietnam réunies. »",senat.fr,Unclear website,Out of context
158,F,"« Plus d'Américains sont morts du fentanyl que pendant les guerres en Irak, en Afghanistan et au Vietnam réunies. »",acatfrance.fr,Unclear website,Out of context
158,F,"« Plus d'Américains sont morts du fentanyl que pendant les guerres en Irak, en Afghanistan et au Vietnam réunies. »",diploweb.com,Unclear website,Out of context
158,F,"« Plus d'Américains sont morts du fentanyl que pendant les guerres en Irak, en Afghanistan et au Vietnam réunies. »",assemblee-nationale.fr,Government / public institution,Out of context
158,F,"« Plus d'Américains sont morts du fentanyl que pendant les guerres en Irak, en Afghanistan et au Vietnam réunies. »",diploweb.com,Unclear website,Partially relevant
158,F,"« Plus d'Américains sont morts du fentanyl que pendant les guerres en Irak, en Afghanistan et au Vietnam réunies. »",theses.fr,Unclear website,Out of context
158,F,"« Plus d'Américains sont morts du fentanyl que pendant les guerres en Irak, en Afghanistan et au Vietnam réunies. »",iris-france.org,Unclear website,Partially relevant
158,F,"« Plus d'Américains sont morts du fentanyl que pendant les guerres en Irak, en Afghanistan et au Vietnam réunies. »",alencontre.org,Unclear website,Partially relevant
158,F,"« Plus d'Américains sont morts du fentanyl que pendant les guerres en Irak, en Afghanistan et au Vietnam réunies. »",grea.ch,Unclear website,Partially relevant
158,F,"« Plus d'Américains sont morts du fentanyl que pendant les guerres en Irak, en Afghanistan et au Vietnam réunies. »",huggingface.co,Unclear website,Out of context
158,F,"« Plus d'Américains sont morts du fentanyl que pendant les guerres en Irak, en Afghanistan et au Vietnam réunies. »",fr.scribd.com,Intermediate media,Out of context
158,F,"« Plus d'Américains sont morts du fentanyl que pendant les guerres en Irak, en Afghanistan et au Vietnam réunies. »",admin.itteconsulting.com,Unclear website,Out of context
158,F,"« Plus d'Américains sont morts du fentanyl que pendant les guerres en Irak, en Afghanistan et au Vietnam réunies. »",irsem.fr,Unclear website,Out of context
158,F,"« Plus d'Américains sont morts du fentanyl que pendant les guerres en Irak, en Afghanistan et au Vietnam réunies. »",transmutatis.fr,Unclear website,Out of context
158,F,"« Plus d'Américains sont morts du fentanyl que pendant les guerres en Irak, en Afghanistan et au Vietnam réunies. »",transmutatis.fr,Unclear website,Out of context
159,E,"“With school-based professional social workers, the recommendation is 400-to-1, and in Wisconsin, we’re almost triple that.”",apa.org,Unclear website,Partially relevant
159,E,"“With school-based professional social workers, the recommendation is 400-to-1, and in Wisconsin, we’re almost triple that.”",pmc.ncbi.nlm.nih.gov,Government / public institution,Out of context
159,E,"“With school-based professional social workers, the recommendation is 400-to-1, and in Wisconsin, we’re almost triple that.”",jsonline.com,Unclear website,Out of context
159,E,"“With school-based professional social workers, the recommendation is 400-to-1, and in Wisconsin, we’re almost triple that.”",aclu.org,Unclear website,Out of context
159,E,"“With school-based professional social workers, the recommendation is 400-to-1, and in Wisconsin, we’re almost triple that.”",sswaa.org,Unclear website,Partially relevant
159,E,"“With school-based professional social workers, the recommendation is 400-to-1, and in Wisconsin, we’re almost triple that.”",columbianewsservice.com,Unclear website,Out of context
159,E,"“With school-based professional social workers, the recommendation is 400-to-1, and in Wisconsin, we’re almost triple that.”",salud-america.org,Unclear website,Partially relevant
159,E,"“With school-based professional social workers, the recommendation is 400-to-1, and in Wisconsin, we’re almost triple that.”",socialworkers.org,Unclear website,Partially relevant
159,E,"“With school-based professional social workers, the recommendation is 400-to-1, and in Wisconsin, we’re almost triple that.”",nces.ed.gov,Government / public institution,Partially relevant
159,E,"“With school-based professional social workers, the recommendation is 400-to-1, and in Wisconsin, we’re almost triple that.”",iga.in.gov,Government / public institution,Partially relevant
159,E,"“With school-based professional social workers, the recommendation is 400-to-1, and in Wisconsin, we’re almost triple that.”",nea.org,Unclear website,Partially relevant
159,E,"“With school-based professional social workers, the recommendation is 400-to-1, and in Wisconsin, we’re almost triple that.”",ilga.gov,Government / public institution,Partially relevant
159,E,"“With school-based professional social workers, the recommendation is 400-to-1, and in Wisconsin, we’re almost triple that.”",dpi.wi.gov,Government / public institution,Partially relevant
159,E,"“With school-based professional social workers, the recommendation is 400-to-1, and in Wisconsin, we’re almost triple that.”",grad.wisc.edu,Scientific source,Out of context
159,E,"“With school-based professional social workers, the recommendation is 400-to-1, and in Wisconsin, we’re almost triple that.”",uwstout.edu,Scientific source,Out of context
159,E,"“With school-based professional social workers, the recommendation is 400-to-1, and in Wisconsin, we’re almost triple that.”",uwm.edu,Scientific source,Out of context
159,E,"“With school-based professional social workers, the recommendation is 400-to-1, and in Wisconsin, we’re almost triple that.”",admissions.wisc.edu,Scientific source,Out of context
159,E,"“With school-based professional social workers, the recommendation is 400-to-1, and in Wisconsin, we’re almost triple that.”",bursar.wisc.edu,Scientific source,Out of context
159,E,"“With school-based professional social workers, the recommendation is 400-to-1, and in Wisconsin, we’re almost triple that.”",wisconsin.edu,Scientific source,Out of context
159,E,"“With school-based professional social workers, the recommendation is 400-to-1, and in Wisconsin, we’re almost triple that.”",uwsp.edu,Scientific source,Out of context
159,E,"“With school-based professional social workers, the recommendation is 400-to-1, and in Wisconsin, we’re almost triple that.”",uwgb.edu,Scientific source,Out of context
159,E,"“With school-based professional social workers, the recommendation is 400-to-1, and in Wisconsin, we’re almost triple that.”",wisc.edu,Scientific source,Out of context
159,E,"“With school-based professional social workers, the recommendation is 400-to-1, and in Wisconsin, we’re almost triple that.”",isthmus.com,Unclear website,Partially relevant
159,E,"“With school-based professional social workers, the recommendation is 400-to-1, and in Wisconsin, we’re almost triple that.”",indianacapitalchronicle.com...,Journalistic source,Partially relevant
159,E,"“With school-based professional social workers, the recommendation is 400-to-1, and in Wisconsin, we’re almost triple that.”",members.nyssswa.org,Unclear website,Partially relevant
160,F,"« Pour les travailleurs sociaux professionnels en milieu scolaire, la recommandation est d'un pour 400 élèves, et au Wisconsin, nous sommes presque trois fois au-dessus de ce ratio. »",brookings.edu,Scientific source,Out of context
160,F,"« Pour les travailleurs sociaux professionnels en milieu scolaire, la recommandation est d'un pour 400 élèves, et au Wisconsin, nous sommes presque trois fois au-dessus de ce ratio. »",lafae.qc.ca,Unclear website,Out of context
160,F,"« Pour les travailleurs sociaux professionnels en milieu scolaire, la recommandation est d'un pour 400 élèves, et au Wisconsin, nous sommes presque trois fois au-dessus de ce ratio. »",theses.hal.science,Scientific source,Out of context
160,F,"« Pour les travailleurs sociaux professionnels en milieu scolaire, la recommandation est d'un pour 400 élèves, et au Wisconsin, nous sommes presque trois fois au-dessus de ce ratio. »",unesdoc.unesco.org,International organization,Out of context
160,F,"« Pour les travailleurs sociaux professionnels en milieu scolaire, la recommandation est d'un pour 400 élèves, et au Wisconsin, nous sommes presque trois fois au-dessus de ce ratio. »",oecd.org,International organization,Out of context
160,F,"« Pour les travailleurs sociaux professionnels en milieu scolaire, la recommandation est d'un pour 400 élèves, et au Wisconsin, nous sommes presque trois fois au-dessus de ce ratio. »",documents.worldbank.org,International organization,Out of context
160,F,"« Pour les travailleurs sociaux professionnels en milieu scolaire, la recommandation est d'un pour 400 élèves, et au Wisconsin, nous sommes presque trois fois au-dessus de ce ratio. »",unesdoc.unesco.org,International organization,Out of context
160,F,"« Pour les travailleurs sociaux professionnels en milieu scolaire, la recommandation est d'un pour 400 élèves, et au Wisconsin, nous sommes presque trois fois au-dessus de ce ratio. »",documents.worldbank.org,International organization,Out of context
160,F,"« Pour les travailleurs sociaux professionnels en milieu scolaire, la recommandation est d'un pour 400 élèves, et au Wisconsin, nous sommes presque trois fois au-dessus de ce ratio. »",oecd.org,International organization,Out of context
160,F,"« Pour les travailleurs sociaux professionnels en milieu scolaire, la recommandation est d'un pour 400 élèves, et au Wisconsin, nous sommes presque trois fois au-dessus de ce ratio. »",strategie-plan.gouv.fr,Unclear website,Out of context
160,F,"« Pour les travailleurs sociaux professionnels en milieu scolaire, la recommandation est d'un pour 400 élèves, et au Wisconsin, nous sommes presque trois fois au-dessus de ce ratio. »",illumina.com,Unclear website,Out of context
160,F,"« Pour les travailleurs sociaux professionnels en milieu scolaire, la recommandation est d'un pour 400 élèves, et au Wisconsin, nous sommes presque trois fois au-dessus de ce ratio. »",unctad.org,Unclear website,Out of context
160,F,"« Pour les travailleurs sociaux professionnels en milieu scolaire, la recommandation est d'un pour 400 élèves, et au Wisconsin, nous sommes presque trois fois au-dessus de ce ratio. »",unesdoc.unesco.org,International organization,Out of context
160,F,"« Pour les travailleurs sociaux professionnels en milieu scolaire, la recommandation est d'un pour 400 élèves, et au Wisconsin, nous sommes presque trois fois au-dessus de ce ratio. »",ilo.org,International organization,Out of context
160,F,"« Pour les travailleurs sociaux professionnels en milieu scolaire, la recommandation est d'un pour 400 élèves, et au Wisconsin, nous sommes presque trois fois au-dessus de ce ratio. »",imf.org,International organization,Out of context
160,F,"« Pour les travailleurs sociaux professionnels en milieu scolaire, la recommandation est d'un pour 400 élèves, et au Wisconsin, nous sommes presque trois fois au-dessus de ce ratio. »",unesco.org,International organization,Out of context
160,F,"« Pour les travailleurs sociaux professionnels en milieu scolaire, la recommandation est d'un pour 400 élèves, et au Wisconsin, nous sommes presque trois fois au-dessus de ce ratio. »",ilo.org,International organization,Out of context
160,F,"« Pour les travailleurs sociaux professionnels en milieu scolaire, la recommandation est d'un pour 400 élèves, et au Wisconsin, nous sommes presque trois fois au-dessus de ce ratio. »",oecd.org,International organization,Out of context
160,F,"« Pour les travailleurs sociaux professionnels en milieu scolaire, la recommandation est d'un pour 400 élèves, et au Wisconsin, nous sommes presque trois fois au-dessus de ce ratio. »",unesdoc.unesco.org,International organization,Out of context
160,F,"« Pour les travailleurs sociaux professionnels en milieu scolaire, la recommandation est d'un pour 400 élèves, et au Wisconsin, nous sommes presque trois fois au-dessus de ce ratio. »",documents1.worldbank.org,International organization,Out of context
160,F,"« Pour les travailleurs sociaux professionnels en milieu scolaire, la recommandation est d'un pour 400 élèves, et au Wisconsin, nous sommes presque trois fois au-dessus de ce ratio. »",illumina.com,Unclear website,Out of context
160,F,"« Pour les travailleurs sociaux professionnels en milieu scolaire, la recommandation est d'un pour 400 élèves, et au Wisconsin, nous sommes presque trois fois au-dessus de ce ratio. »",unesdoc.unesco.org,International organization,Out of context
161,E,“We sell arms to 60% of the world’s autocrats. We are the world’s largest arms exporters.”,sciencedirect.com,Scientific source,Partially relevant
161,E,“We sell arms to 60% of the world’s autocrats. We are the world’s largest arms exporters.”,carnegieendowment.org,Unclear website,Out of context
161,E,“We sell arms to 60% of the world’s autocrats. We are the world’s largest arms exporters.”,carnegieendowment.org,Unclear website,Out of context
161,E,“We sell arms to 60% of the world’s autocrats. We are the world’s largest arms exporters.”,theintercept.com,Unclear website,Out of context
161,E,“We sell arms to 60% of the world’s autocrats. We are the world’s largest arms exporters.”,newrepublic.com,Unclear website,Out of context
161,E,“We sell arms to 60% of the world’s autocrats. We are the world’s largest arms exporters.”,commondreams.org,Unclear website,Out of context
161,E,“We sell arms to 60% of the world’s autocrats. We are the world’s largest arms exporters.”,sipri.org,Unclear website,Partially relevant
161,E,“We sell arms to 60% of the world’s autocrats. We are the world’s largest arms exporters.”,economicsandpeace.org,Unclear website,Out of context
161,E,“We sell arms to 60% of the world’s autocrats. We are the world’s largest arms exporters.”,mondediplo.com,Unclear website,Out of context
161,E,“We sell arms to 60% of the world’s autocrats. We are the world’s largest arms exporters.”,darioamodei.com,Unclear website,Out of context
161,E,“We sell arms to 60% of the world’s autocrats. We are the world’s largest arms exporters.”,quincyinst.org,Unclear website,Out of context
161,E,“We sell arms to 60% of the world’s autocrats. We are the world’s largest arms exporters.”,sipri.org,Unclear website,Partially relevant
161,E,“We sell arms to 60% of the world’s autocrats. We are the world’s largest arms exporters.”,uscc.gov,Government / public institution,Out of context
161,E,“We sell arms to 60% of the world’s autocrats. We are the world’s largest arms exporters.”,arabcenterdc.org,Unclear website,Out of context
161,E,“We sell arms to 60% of the world’s autocrats. We are the world’s largest arms exporters.”,thesoufancenter.org,Unclear website,Partially relevant
161,E,“We sell arms to 60% of the world’s autocrats. We are the world’s largest arms exporters.”,sipri.org,Unclear website,Partially relevant
161,E,“We sell arms to 60% of the world’s autocrats. We are the world’s largest arms exporters.”,journalofdemocracy.org,Unclear website,Partially relevant
162,F,« Nous vendons des armes à 60 % des autocrates du monde. Nous sommes les plus grands exportateurs d'armes au monde. »,cpj.org,Unclear website,Out of context
162,F,« Nous vendons des armes à 60 % des autocrates du monde. Nous sommes les plus grands exportateurs d'armes au monde. »,amnesty.org,Unclear website,Out of context
162,F,« Nous vendons des armes à 60 % des autocrates du monde. Nous sommes les plus grands exportateurs d'armes au monde. »,amnesty.org,Unclear website,Out of context
162,F,« Nous vendons des armes à 60 % des autocrates du monde. Nous sommes les plus grands exportateurs d'armes au monde. »,fr.wikipedia.org,Intermediate media,Out of context
162,F,« Nous vendons des armes à 60 % des autocrates du monde. Nous sommes les plus grands exportateurs d'armes au monde. »,fr.wikipedia.org,Intermediate media,Out of context
162,F,« Nous vendons des armes à 60 % des autocrates du monde. Nous sommes les plus grands exportateurs d'armes au monde. »,journaldemontreal.com,Journalistic source,Out of context
162,F,« Nous vendons des armes à 60 % des autocrates du monde. Nous sommes les plus grands exportateurs d'armes au monde. »,hrlibrary.umn.edu,Scientific source,Out of context
162,F,« Nous vendons des armes à 60 % des autocrates du monde. Nous sommes les plus grands exportateurs d'armes au monde. »,mccaininstitute.org,Scientific source,Out of context
162,F,« Nous vendons des armes à 60 % des autocrates du monde. Nous sommes les plus grands exportateurs d'armes au monde. »,hdcentre.org,Unclear website,Out of context
162,F,« Nous vendons des armes à 60 % des autocrates du monde. Nous sommes les plus grands exportateurs d'armes au monde. »,reliefweb.int,Unclear website,Out of context
162,F,« Nous vendons des armes à 60 % des autocrates du monde. Nous sommes les plus grands exportateurs d'armes au monde. »,media.defense.gov,Government / public institution,Out of context
162,F,« Nous vendons des armes à 60 % des autocrates du monde. Nous sommes les plus grands exportateurs d'armes au monde. »,oscepa.org,Unclear website,Out of context
162,F,« Nous vendons des armes à 60 % des autocrates du monde. Nous sommes les plus grands exportateurs d'armes au monde. »,state.gov,Government / public institution,Out of context
162,F,« Nous vendons des armes à 60 % des autocrates du monde. Nous sommes les plus grands exportateurs d'armes au monde. »,peaceau.org,Unclear website,Out of context
162,F,« Nous vendons des armes à 60 % des autocrates du monde. Nous sommes les plus grands exportateurs d'armes au monde. »,hdcentre.org,Unclear website,Out of context
162,F,« Nous vendons des armes à 60 % des autocrates du monde. Nous sommes les plus grands exportateurs d'armes au monde. »,www-pub.iaea.org,Unclear website,Out of context
162,F,« Nous vendons des armes à 60 % des autocrates du monde. Nous sommes les plus grands exportateurs d'armes au monde. »,2017-2021-translations.stat...,Unclear website,Out of context
162,F,« Nous vendons des armes à 60 % des autocrates du monde. Nous sommes les plus grands exportateurs d'armes au monde. »,ufr-dsp.parisnanterre.fr,Unclear website,Out of context
162,F,« Nous vendons des armes à 60 % des autocrates du monde. Nous sommes les plus grands exportateurs d'armes au monde. »,persee.fr,Scientific source,Out of context
162,F,« Nous vendons des armes à 60 % des autocrates du monde. Nous sommes les plus grands exportateurs d'armes au monde. »,assemblee-nationale.fr,Government / public institution,Out of context
162,F,« Nous vendons des armes à 60 % des autocrates du monde. Nous sommes les plus grands exportateurs d'armes au monde. »,assemblee-nationale.fr,Government / public institution,Out of context
162,F,« Nous vendons des armes à 60 % des autocrates du monde. Nous sommes les plus grands exportateurs d'armes au monde. »,airuniversity.af.edu,Scientific source,Out of context
162,F,« Nous vendons des armes à 60 % des autocrates du monde. Nous sommes les plus grands exportateurs d'armes au monde. »,publications.civicus.org,Unclear website,Out of context
162,F,« Nous vendons des armes à 60 % des autocrates du monde. Nous sommes les plus grands exportateurs d'armes au monde. »,ipu.org,Unclear website,Out of context
162,F,« Nous vendons des armes à 60 % des autocrates du monde. Nous sommes les plus grands exportateurs d'armes au monde. »,grip.org,Unclear website,Out of context
162,F,« Nous vendons des armes à 60 % des autocrates du monde. Nous sommes les plus grands exportateurs d'armes au monde. »,gijn.org,Unclear website,Out of context
162,F,« Nous vendons des armes à 60 % des autocrates du monde. Nous sommes les plus grands exportateurs d'armes au monde. »,tni.org,Unclear website,Out of context
162,F,« Nous vendons des armes à 60 % des autocrates du monde. Nous sommes les plus grands exportateurs d'armes au monde. »,international.gc.ca,Government / public institution,Out of context
162,F,« Nous vendons des armes à 60 % des autocrates du monde. Nous sommes les plus grands exportateurs d'armes au monde. »,unodc.org,International organization,Out of context
162,F,« Nous vendons des armes à 60 % des autocrates du monde. Nous sommes les plus grands exportateurs d'armes au monde. »,unodc.org,International organization,Out of context
162,F,« Nous vendons des armes à 60 % des autocrates du monde. Nous sommes les plus grands exportateurs d'armes au monde. »,theses.hal.science,Scientific source,Out of context
162,F,« Nous vendons des armes à 60 % des autocrates du monde. Nous sommes les plus grands exportateurs d'armes au monde. »,europarl.europa.eu,International organization,Out of context
162,F,« Nous vendons des armes à 60 % des autocrates du monde. Nous sommes les plus grands exportateurs d'armes au monde. »,shs.hal.science,Scientific source,Out of context
162,F,« Nous vendons des armes à 60 % des autocrates du monde. Nous sommes les plus grands exportateurs d'armes au monde. »,airuniversity.af.edu,Scientific source,Out of context
162,F,« Nous vendons des armes à 60 % des autocrates du monde. Nous sommes les plus grands exportateurs d'armes au monde. »,imf.org,International organization,Out of context
162,F,« Nous vendons des armes à 60 % des autocrates du monde. Nous sommes les plus grands exportateurs d'armes au monde. »,laviedesidees.fr,Unclear website,Out of context
162,F,« Nous vendons des armes à 60 % des autocrates du monde. Nous sommes les plus grands exportateurs d'armes au monde. »,govinfo.gov,Government / public institution,Out of context
162,F,« Nous vendons des armes à 60 % des autocrates du monde. Nous sommes les plus grands exportateurs d'armes au monde. »,hdr.undp.org,International organization,Out of context
162,F,« Nous vendons des armes à 60 % des autocrates du monde. Nous sommes les plus grands exportateurs d'armes au monde. »,documents1.worldbank.org,International organization,Out of context
162,F,« Nous vendons des armes à 60 % des autocrates du monde. Nous sommes les plus grands exportateurs d'armes au monde. »,globalinitiative.net,Unclear website,Out of context
162,F,« Nous vendons des armes à 60 % des autocrates du monde. Nous sommes les plus grands exportateurs d'armes au monde. »,hudoc.echr.coe.int,International organization,Out of context
162,F,« Nous vendons des armes à 60 % des autocrates du monde. Nous sommes les plus grands exportateurs d'armes au monde. »,un.org,International organization,Out of context
163,E,“We produce a lot more wind energy in Texas than California does.”,climatecentral.org,Unclear website,Partially relevant
163,E,“We produce a lot more wind energy in Texas than California does.”,insideclimatenews.org,Journalistic source,Partially relevant
163,E,“We produce a lot more wind energy in Texas than California does.”,theguardian.com,Journalistic source,Partially relevant
163,E,“We produce a lot more wind energy in Texas than California does.”,bloomenergy.com,Unclear website,Out of context
163,E,“We produce a lot more wind energy in Texas than California does.”,texasenergyandpower.com...,Unclear website,Partially relevant
163,E,“We produce a lot more wind energy in Texas than California does.”,yaleclimateconnections.org,Unclear website,Partially relevant
163,E,“We produce a lot more wind energy in Texas than California does.”,seia.org,Unclear website,Out of context
163,E,“We produce a lot more wind energy in Texas than California does.”,chooseenergy.com,Unclear website,Partially relevant
163,E,“We produce a lot more wind energy in Texas than California does.”,eia.gov,Government / public institution,Partially relevant
163,E,“We produce a lot more wind energy in Texas than California does.”,electricchoice.com,Unclear website,Out of context
163,E,“We produce a lot more wind energy in Texas than California does.”,texas2036.org,Unclear website,Partially relevant
163,E,“We produce a lot more wind energy in Texas than California does.”,energy.ca.gov,Government / public institution,Out of context
163,E,“We produce a lot more wind energy in Texas than California does.”,eia.gov,Government / public institution,Partially relevant
163,E,“We produce a lot more wind energy in Texas than California does.”,energy.ca.gov,Government / public institution,Out of context
163,E,“We produce a lot more wind energy in Texas than California does.”,edf-re.com,Unclear website,Out of context
163,E,“We produce a lot more wind energy in Texas than California does.”,linkedin.com,Social media,Out of context
163,E,“We produce a lot more wind energy in Texas than California does.”,chooseenergy.com,Unclear website,Out of context
163,E,“We produce a lot more wind energy in Texas than California does.”,seia.org,Unclear website,Out of context
163,E,“We produce a lot more wind energy in Texas than California does.”,chooseenergy.com,Unclear website,Partially relevant
163,E,“We produce a lot more wind energy in Texas than California does.”,guides.lib.uh.edu,Scientific source,Partially relevant
164,F,« Nous produisons beaucoup plus d'énergie éolienne au Texas qu'en Californie. »,irena.org,Unclear website,Out of context
164,F,« Nous produisons beaucoup plus d'énergie éolienne au Texas qu'en Californie. »,fr.wikipedia.org,Intermediate media,Partially relevant
164,F,« Nous produisons beaucoup plus d'énergie éolienne au Texas qu'en Californie. »,fr.wikipedia.org,Intermediate media,Out of context
164,F,« Nous produisons beaucoup plus d'énergie éolienne au Texas qu'en Californie. »,fr.wikipedia.org,Intermediate media,Out of context
164,F,« Nous produisons beaucoup plus d'énergie éolienne au Texas qu'en Californie. »,contrepoints.org,Unclear website,Partially relevant
164,F,« Nous produisons beaucoup plus d'énergie éolienne au Texas qu'en Californie. »,fr.finance.yahoo.com,Intermediate media,Partially relevant
164,F,« Nous produisons beaucoup plus d'énergie éolienne au Texas qu'en Californie. »,capital.fr,Unclear website,Partially relevant
164,F,« Nous produisons beaucoup plus d'énergie éolienne au Texas qu'en Californie. »,revolution-energetique....,Unclear website,Partially relevant
164,F,« Nous produisons beaucoup plus d'énergie éolienne au Texas qu'en Californie. »,totalenergies.com,Unclear website,Partially relevant
164,F,« Nous produisons beaucoup plus d'énergie éolienne au Texas qu'en Californie. »,lowcarbonpower.org,Unclear website,Out of context
164,F,« Nous produisons beaucoup plus d'énergie éolienne au Texas qu'en Californie. »,edf-re.com,Unclear website,Out of context
164,F,« Nous produisons beaucoup plus d'énergie éolienne au Texas qu'en Californie. »,edf-re.com,Unclear website,Out of context
164,F,« Nous produisons beaucoup plus d'énergie éolienne au Texas qu'en Californie. »,ressources-naturelles.canad...,Unclear website,Out of context
164,F,« Nous produisons beaucoup plus d'énergie éolienne au Texas qu'en Californie. »,ccomptes.fr,Unclear website,Out of context
164,F,« Nous produisons beaucoup plus d'énergie éolienne au Texas qu'en Californie. »,engie.com,Unclear website,Out of context
164,F,« Nous produisons beaucoup plus d'énergie éolienne au Texas qu'en Californie. »,travail-industrie.com,Unclear website,Out of context
164,F,« Nous produisons beaucoup plus d'énergie éolienne au Texas qu'en Californie. »,economics.td.com,Unclear website,Out of context
164,F,« Nous produisons beaucoup plus d'énergie éolienne au Texas qu'en Californie. »,sustainabilitydigitalage.or...,Unclear website,Partially relevant
164,F,« Nous produisons beaucoup plus d'énergie éolienne au Texas qu'en Californie. »,totalenergies.com,Unclear website,Out of context
164,F,« Nous produisons beaucoup plus d'énergie éolienne au Texas qu'en Californie. »,solvay.com,Unclear website,Out of context
164,F,« Nous produisons beaucoup plus d'énergie éolienne au Texas qu'en Californie. »,syensqo.com,Unclear website,Out of context
164,F,« Nous produisons beaucoup plus d'énergie éolienne au Texas qu'en Californie. »,edf.fr,Unclear website,Out of context
164,F,« Nous produisons beaucoup plus d'énergie éolienne au Texas qu'en Californie. »,unfccc.int,Unclear website,Partially relevant
164,F,« Nous produisons beaucoup plus d'énergie éolienne au Texas qu'en Californie. »,canada.ca,Government / public institution,Out of context
164,F,« Nous produisons beaucoup plus d'énergie éolienne au Texas qu'en Californie. »,engie.com,Unclear website,Out of context
164,F,« Nous produisons beaucoup plus d'énergie éolienne au Texas qu'en Californie. »,oecd.org,International organization,Out of context
164,F,« Nous produisons beaucoup plus d'énergie éolienne au Texas qu'en Californie. »,engie.com,Unclear website,Partially relevant
164,F,« Nous produisons beaucoup plus d'énergie éolienne au Texas qu'en Californie. »,gazette.gc.ca,Government / public institution,Out of context
164,F,« Nous produisons beaucoup plus d'énergie éolienne au Texas qu'en Californie. »,journal-eolien.org,Unclear website,Out of context
164,F,« Nous produisons beaucoup plus d'énergie éolienne au Texas qu'en Californie. »,unesdoc.unesco.org,International organization,Partially relevant
164,F,« Nous produisons beaucoup plus d'énergie éolienne au Texas qu'en Californie. »,zionmarketresearch.com,Scientific source,Out of context
165,E,"Potato chips, KitKat bars and Viagra are not taxed in Wisconsin because they are considered “essential.”",jsonline.com,Unclear website,Relevant
165,E,"Potato chips, KitKat bars and Viagra are not taxed in Wisconsin because they are considered “essential.”",politifact.com,Journalistic source,Relevant
165,E,"Potato chips, KitKat bars and Viagra are not taxed in Wisconsin because they are considered “essential.”",politifact.com,Journalistic source,Relevant
165,E,"Potato chips, KitKat bars and Viagra are not taxed in Wisconsin because they are considered “essential.”",politifact.com,Journalistic source,Out of context
165,E,"Potato chips, KitKat bars and Viagra are not taxed in Wisconsin because they are considered “essential.”",cbpp.org,Unclear website,Out of context
165,E,"Potato chips, KitKat bars and Viagra are not taxed in Wisconsin because they are considered “essential.”",en.wikipedia.org,Intermediate media,Out of context
165,E,"Potato chips, KitKat bars and Viagra are not taxed in Wisconsin because they are considered “essential.”",en.wikipedia.org,Intermediate media,Out of context
165,E,"Potato chips, KitKat bars and Viagra are not taxed in Wisconsin because they are considered “essential.”",walmart.com,Unclear website,Out of context
165,E,"Potato chips, KitKat bars and Viagra are not taxed in Wisconsin because they are considered “essential.”",walmart.com,Unclear website,Out of context
165,E,"Potato chips, KitKat bars and Viagra are not taxed in Wisconsin because they are considered “essential.”",qualitydairy.com,Unclear website,Out of context
165,E,"Potato chips, KitKat bars and Viagra are not taxed in Wisconsin because they are considered “essential.”",stripesstores.com,Unclear website,Out of context
165,E,"Potato chips, KitKat bars and Viagra are not taxed in Wisconsin because they are considered “essential.”",mit.edu,Scientific source,Out of context
165,E,"Potato chips, KitKat bars and Viagra are not taxed in Wisconsin because they are considered “essential.”",chronicleclub.in,Unclear website,Out of context
165,E,"Potato chips, KitKat bars and Viagra are not taxed in Wisconsin because they are considered “essential.”",dokumen.pub,Unclear website,Out of context
165,E,"Potato chips, KitKat bars and Viagra are not taxed in Wisconsin because they are considered “essential.”",evanrocks.fandom.com,Unclear website,Out of context
165,E,"Potato chips, KitKat bars and Viagra are not taxed in Wisconsin because they are considered “essential.”",anyflip.com,Unclear website,Out of context
165,E,"Potato chips, KitKat bars and Viagra are not taxed in Wisconsin because they are considered “essential.”",revenue.wi.gov,Government / public institution,Out of context
165,E,"Potato chips, KitKat bars and Viagra are not taxed in Wisconsin because they are considered “essential.”",fvap.gov,Government / public institution,Out of context
165,E,"Potato chips, KitKat bars and Viagra are not taxed in Wisconsin because they are considered “essential.”",revenue.wi.gov,Government / public institution,Out of context
165,E,"Potato chips, KitKat bars and Viagra are not taxed in Wisconsin because they are considered “essential.”",mtfn.com,Unclear website,Out of context
165,E,"Potato chips, KitKat bars and Viagra are not taxed in Wisconsin because they are considered “essential.”",onestop.wi.gov,Government / public institution,Out of context
165,E,"Potato chips, KitKat bars and Viagra are not taxed in Wisconsin because they are considered “essential.”",docs.legis.wisconsin.gov,Government / public institution,Out of context
165,E,"Potato chips, KitKat bars and Viagra are not taxed in Wisconsin because they are considered “essential.”",rockinst.org,Unclear website,Out of context
165,E,"Potato chips, KitKat bars and Viagra are not taxed in Wisconsin because they are considered “essential.”",dhs.wisconsin.gov,Government / public institution,Out of context
165,E,"Potato chips, KitKat bars and Viagra are not taxed in Wisconsin because they are considered “essential.”",dol.gov,Government / public institution,Out of context
165,E,"Potato chips, KitKat bars and Viagra are not taxed in Wisconsin because they are considered “essential.”",podnews.net,Journalistic source,Out of context
165,E,"Potato chips, KitKat bars and Viagra are not taxed in Wisconsin because they are considered “essential.”",huggingface.co,Unclear website,Out of context
165,E,"Potato chips, KitKat bars and Viagra are not taxed in Wisconsin because they are considered “essential.”",duetsblog.com,Unclear website,Out of context
165,E,"Potato chips, KitKat bars and Viagra are not taxed in Wisconsin because they are considered “essential.”",scribd.com,Intermediate media,Out of context
165,E,"Potato chips, KitKat bars and Viagra are not taxed in Wisconsin because they are considered “essential.”",traveloka.com,Unclear website,Out of context
166,F,"Les croustilles, les barres KitKat et le Viagra ne sont pas taxés au Wisconsin parce qu'ils sont considérés comme « essentiels ».",fao.org,International organization,Out of context
166,F,"Les croustilles, les barres KitKat et le Viagra ne sont pas taxés au Wisconsin parce qu'ils sont considérés comme « essentiels ».",stripe.com,Unclear website,Out of context
166,F,"Les croustilles, les barres KitKat et le Viagra ne sont pas taxés au Wisconsin parce qu'ils sont considérés comme « essentiels ».",cbsa-asfc.gc.ca,Government / public institution,Out of context
166,F,"Les croustilles, les barres KitKat et le Viagra ne sont pas taxés au Wisconsin parce qu'ils sont considérés comme « essentiels ».",international.gc.ca,Government / public institution,Out of context
166,F,"Les croustilles, les barres KitKat et le Viagra ne sont pas taxés au Wisconsin parce qu'ils sont considérés comme « essentiels ».",fr.oliverhcp.com,Unclear website,Out of context
166,F,"Les croustilles, les barres KitKat et le Viagra ne sont pas taxés au Wisconsin parce qu'ils sont considérés comme « essentiels ».",l-expert-comptable.com,Unclear website,Out of context
166,F,"Les croustilles, les barres KitKat et le Viagra ne sont pas taxés au Wisconsin parce qu'ils sont considérés comme « essentiels ».",canada.ca,Government / public institution,Out of context
166,F,"Les croustilles, les barres KitKat et le Viagra ne sont pas taxés au Wisconsin parce qu'ils sont considérés comme « essentiels ».",stripe.com,Unclear website,Out of context
166,F,"Les croustilles, les barres KitKat et le Viagra ne sont pas taxés au Wisconsin parce qu'ils sont considérés comme « essentiels ».",voyage.gc.ca,Government / public institution,Out of context
166,F,"Les croustilles, les barres KitKat et le Viagra ne sont pas taxés au Wisconsin parce qu'ils sont considérés comme « essentiels ».",stripe.com,Unclear website,Out of context
166,F,"Les croustilles, les barres KitKat et le Viagra ne sont pas taxés au Wisconsin parce qu'ils sont considérés comme « essentiels ».",canada.ca,Government / public institution,Out of context
166,F,"Les croustilles, les barres KitKat et le Viagra ne sont pas taxés au Wisconsin parce qu'ils sont considérés comme « essentiels ».",unodc.org,International organization,Out of context
166,F,"Les croustilles, les barres KitKat et le Viagra ne sont pas taxés au Wisconsin parce qu'ils sont considérés comme « essentiels ».",theses.hal.science,Scientific source,Out of context
166,F,"Les croustilles, les barres KitKat et le Viagra ne sont pas taxés au Wisconsin parce qu'ils sont considérés comme « essentiels ».",wto.org,International organization,Out of context
166,F,"Les croustilles, les barres KitKat et le Viagra ne sont pas taxés au Wisconsin parce qu'ils sont considérés comme « essentiels ».",unodc.org,International organization,Out of context
166,F,"Les croustilles, les barres KitKat et le Viagra ne sont pas taxés au Wisconsin parce qu'ils sont considérés comme « essentiels ».",justice.gc.ca,Government / public institution,Out of context
166,F,"Les croustilles, les barres KitKat et le Viagra ne sont pas taxés au Wisconsin parce qu'ils sont considérés comme « essentiels ».",strategie-plan.gouv.fr,Unclear website,Out of context
166,F,"Les croustilles, les barres KitKat et le Viagra ne sont pas taxés au Wisconsin parce qu'ils sont considérés comme « essentiels ».",govinfo.gov,Government / public institution,Out of context
166,F,"Les croustilles, les barres KitKat et le Viagra ne sont pas taxés au Wisconsin parce qu'ils sont considérés comme « essentiels ».",sice.oas.org,International organization,Out of context
166,F,"Les croustilles, les barres KitKat et le Viagra ne sont pas taxés au Wisconsin parce qu'ils sont considérés comme « essentiels ».",sanofi.com,Unclear website,Out of context
166,F,"Les croustilles, les barres KitKat et le Viagra ne sont pas taxés au Wisconsin parce qu'ils sont considérés comme « essentiels ».",theses.hal.science,Scientific source,Out of context
166,F,"Les croustilles, les barres KitKat et le Viagra ne sont pas taxés au Wisconsin parce qu'ils sont considérés comme « essentiels ».",wto.org,International organization,Out of context
166,F,"Les croustilles, les barres KitKat et le Viagra ne sont pas taxés au Wisconsin parce qu'ils sont considérés comme « essentiels ».",openknowledge.fao.org,International organization,Out of context
166,F,"Les croustilles, les barres KitKat et le Viagra ne sont pas taxés au Wisconsin parce qu'ils sont considérés comme « essentiels ».",ccomptes.fr,Unclear website,Out of context
166,F,"Les croustilles, les barres KitKat et le Viagra ne sont pas taxés au Wisconsin parce qu'ils sont considérés comme « essentiels ».",strategie-plan.gouv.fr,Unclear website,Out of context
167,E,"“Since 1981, the state Senate has only rejected five executive appointments. The GOP today is more than doubling that number.”",federalnewsnetwork.com,Unclear website,Out of context
167,E,"“Since 1981, the state Senate has only rejected five executive appointments. The GOP today is more than doubling that number.”",pewresearch.org,Scientific source,Out of context
167,E,"“Since 1981, the state Senate has only rejected five executive appointments. The GOP today is more than doubling that number.”",congress.gov,Government / public institution,Out of context
167,E,"“Since 1981, the state Senate has only rejected five executive appointments. The GOP today is more than doubling that number.”",congress.gov,Government / public institution,Out of context
167,E,"“Since 1981, the state Senate has only rejected five executive appointments. The GOP today is more than doubling that number.”",dondavis.house.gov,Government / public institution,Out of context
167,E,"“Since 1981, the state Senate has only rejected five executive appointments. The GOP today is more than doubling that number.”",waysandmeans.house.gov,Government / public institution,Out of context
167,E,"“Since 1981, the state Senate has only rejected five executive appointments. The GOP today is more than doubling that number.”",oversightdemocrats.house.go...,Unclear website,Out of context
167,E,"“Since 1981, the state Senate has only rejected five executive appointments. The GOP today is more than doubling that number.”",brookings.edu,Scientific source,Out of context
167,E,"“Since 1981, the state Senate has only rejected five executive appointments. The GOP today is more than doubling that number.”",brookings.edu,Scientific source,Out of context
167,E,"“Since 1981, the state Senate has only rejected five executive appointments. The GOP today is more than doubling that number.”",pbs.org,Journalistic source,Out of context
167,E,"“Since 1981, the state Senate has only rejected five executive appointments. The GOP today is more than doubling that number.”",scotusblog.com,Unclear website,Out of context
167,E,"“Since 1981, the state Senate has only rejected five executive appointments. The GOP today is more than doubling that number.”",govexec.com,Unclear website,Out of context
167,E,"“Since 1981, the state Senate has only rejected five executive appointments. The GOP today is more than doubling that number.”",politifact.com,Journalistic source,Relevant
167,E,"“Since 1981, the state Senate has only rejected five executive appointments. The GOP today is more than doubling that number.”",politico.com,Journalistic source,Out of context
167,E,"“Since 1981, the state Senate has only rejected five executive appointments. The GOP today is more than doubling that number.”",politico.com,Journalistic source,Out of context
167,E,"“Since 1981, the state Senate has only rejected five executive appointments. The GOP today is more than doubling that number.”",brennancenter.org,Unclear website,Out of context
167,E,"“Since 1981, the state Senate has only rejected five executive appointments. The GOP today is more than doubling that number.”",brennancenter.org,Unclear website,Out of context
167,E,"“Since 1981, the state Senate has only rejected five executive appointments. The GOP today is more than doubling that number.”",whitehouse.gov,Government / public institution,Out of context
167,E,"“Since 1981, the state Senate has only rejected five executive appointments. The GOP today is more than doubling that number.”",wisconsinexaminer.com,Unclear website,Relevant
167,E,"“Since 1981, the state Senate has only rejected five executive appointments. The GOP today is more than doubling that number.”",governor.nc.gov,Government / public institution,Out of context
167,E,"“Since 1981, the state Senate has only rejected five executive appointments. The GOP today is more than doubling that number.”",senate.gov,Government / public institution,Out of context
167,E,"“Since 1981, the state Senate has only rejected five executive appointments. The GOP today is more than doubling that number.”",laborrelationsupdate.co...,Unclear website,Out of context
167,E,"“Since 1981, the state Senate has only rejected five executive appointments. The GOP today is more than doubling that number.”",lrl.mn.gov,Government / public institution,Out of context
167,E,"“Since 1981, the state Senate has only rejected five executive appointments. The GOP today is more than doubling that number.”",governor.ny.gov,Government / public institution,Out of context
167,E,"“Since 1981, the state Senate has only rejected five executive appointments. The GOP today is more than doubling that number.”",harvardlawreview.org,Unclear website,Out of context
167,E,"“Since 1981, the state Senate has only rejected five executive appointments. The GOP today is more than doubling that number.”",supremecourt.ohio.gov,Government / public institution,Out of context
167,E,"“Since 1981, the state Senate has only rejected five executive appointments. The GOP today is more than doubling that number.”",supremecourt.gov,Government / public institution,Out of context
167,E,"“Since 1981, the state Senate has only rejected five executive appointments. The GOP today is more than doubling that number.”",civicmedia.us,Unclear website,Relevant
167,E,"“Since 1981, the state Senate has only rejected five executive appointments. The GOP today is more than doubling that number.”",leg.state.nv.us,Unclear website,Out of context
167,E,"“Since 1981, the state Senate has only rejected five executive appointments. The GOP today is more than doubling that number.”",azleg.gov,Government / public institution,Out of context
167,E,"“Since 1981, the state Senate has only rejected five executive appointments. The GOP today is more than doubling that number.”",oregonlegislature.gov,Government / public institution,Partially relevant
167,E,"“Since 1981, the state Senate has only rejected five executive appointments. The GOP today is more than doubling that number.”",flsenate.gov,Government / public institution,Out of context
167,E,"“Since 1981, the state Senate has only rejected five executive appointments. The GOP today is more than doubling that number.”",arlenspecter.library.pitt.ed...,Unclear website,Out of context
167,E,"“Since 1981, the state Senate has only rejected five executive appointments. The GOP today is more than doubling that number.”",senate.gov,Government / public institution,Out of context
167,E,"“Since 1981, the state Senate has only rejected five executive appointments. The GOP today is more than doubling that number.”",capitolnewsillinois.com,Unclear website,Partially relevant
167,E,"“Since 1981, the state Senate has only rejected five executive appointments. The GOP today is more than doubling that number.”",fjc.gov,Government / public institution,Out of context
168,F,"« Depuis 1981, le Sénat de l'État n'a rejeté que cinq nominations de l'exécutif. Le Parti républicain en a aujourd'hui plus que doublé le nombre. »",fr.wikipedia.org,Intermediate media,Out of context
168,F,"« Depuis 1981, le Sénat de l'État n'a rejeté que cinq nominations de l'exécutif. Le Parti républicain en a aujourd'hui plus que doublé le nombre. »",fr.wikipedia.org,Intermediate media,Out of context
168,F,"« Depuis 1981, le Sénat de l'État n'a rejeté que cinq nominations de l'exécutif. Le Parti républicain en a aujourd'hui plus que doublé le nombre. »",fr.wikipedia.org,Intermediate media,Out of context
168,F,"« Depuis 1981, le Sénat de l'État n'a rejeté que cinq nominations de l'exécutif. Le Parti républicain en a aujourd'hui plus que doublé le nombre. »",fr.wikipedia.org,Intermediate media,Out of context
168,F,"« Depuis 1981, le Sénat de l'État n'a rejeté que cinq nominations de l'exécutif. Le Parti républicain en a aujourd'hui plus que doublé le nombre. »",europarl.europa.eu,International organization,Out of context
168,F,"« Depuis 1981, le Sénat de l'État n'a rejeté que cinq nominations de l'exécutif. Le Parti républicain en a aujourd'hui plus que doublé le nombre. »",www2.assemblee-nationale.fr...,Government / public institution,Out of context
168,F,"« Depuis 1981, le Sénat de l'État n'a rejeté que cinq nominations de l'exécutif. Le Parti républicain en a aujourd'hui plus que doublé le nombre. »",au.int,Unclear website,Out of context
168,F,"« Depuis 1981, le Sénat de l'État n'a rejeté que cinq nominations de l'exécutif. Le Parti républicain en a aujourd'hui plus que doublé le nombre. »",vie-publique.fr,Unclear website,Out of context
168,F,"« Depuis 1981, le Sénat de l'État n'a rejeté que cinq nominations de l'exécutif. Le Parti républicain en a aujourd'hui plus que doublé le nombre. »",persee.fr,Scientific source,Out of context
168,F,"« Depuis 1981, le Sénat de l'État n'a rejeté que cinq nominations de l'exécutif. Le Parti républicain en a aujourd'hui plus que doublé le nombre. »",senat.fr,Unclear website,Out of context
168,F,"« Depuis 1981, le Sénat de l'État n'a rejeté que cinq nominations de l'exécutif. Le Parti républicain en a aujourd'hui plus que doublé le nombre. »",assemblee-nationale.fr,Government / public institution,Out of context
168,F,"« Depuis 1981, le Sénat de l'État n'a rejeté que cinq nominations de l'exécutif. Le Parti républicain en a aujourd'hui plus que doublé le nombre. »",assemblee-nationale.fr,Government / public institution,Out of context
168,F,"« Depuis 1981, le Sénat de l'État n'a rejeté que cinq nominations de l'exécutif. Le Parti républicain en a aujourd'hui plus que doublé le nombre. »",senat.fr,Unclear website,Out of context
168,F,"« Depuis 1981, le Sénat de l'État n'a rejeté que cinq nominations de l'exécutif. Le Parti républicain en a aujourd'hui plus que doublé le nombre. »",blog.juspoliticum.com,Unclear website,Partially relevant
168,F,"« Depuis 1981, le Sénat de l'État n'a rejeté que cinq nominations de l'exécutif. Le Parti républicain en a aujourd'hui plus que doublé le nombre. »",senat.fr,Unclear website,Out of context
168,F,"« Depuis 1981, le Sénat de l'État n'a rejeté que cinq nominations de l'exécutif. Le Parti républicain en a aujourd'hui plus que doublé le nombre. »",journals.openedition.org,Unclear website,Out of context
168,F,"« Depuis 1981, le Sénat de l'État n'a rejeté que cinq nominations de l'exécutif. Le Parti républicain en a aujourd'hui plus que doublé le nombre. »",sgg.cg,Unclear website,Out of context
168,F,"« Depuis 1981, le Sénat de l'État n'a rejeté que cinq nominations de l'exécutif. Le Parti républicain en a aujourd'hui plus que doublé le nombre. »",questions-constitutionnelle...,Unclear website,Partially relevant
169,E,“Lego donates model MRI kits to hospitals to help children understand the procedure and reduce their anxiety.”,bmjopen.bmj.com,Scientific source,Out of context
169,E,“Lego donates model MRI kits to hospitals to help children understand the procedure and reduce their anxiety.”,sciencedirect.com,Scientific source,Out of context
169,E,“Lego donates model MRI kits to hospitals to help children understand the procedure and reduce their anxiety.”,pmc.ncbi.nlm.nih.gov,Government / public institution,Out of context
169,E,“Lego donates model MRI kits to hospitals to help children understand the procedure and reduce their anxiety.”,pmc.ncbi.nlm.nih.gov,Government / public institution,Out of context
169,E,“Lego donates model MRI kits to hospitals to help children understand the procedure and reduce their anxiety.”,cnbc.com,Journalistic source,Partially relevant
169,E,“Lego donates model MRI kits to hospitals to help children understand the procedure and reduce their anxiety.”,dailytarheel.com,Unclear website,Partially relevant
169,E,“Lego donates model MRI kits to hospitals to help children understand the procedure and reduce their anxiety.”,prnewswire.com,Unclear website,Partially relevant
169,E,“Lego donates model MRI kits to hospitals to help children understand the procedure and reduce their anxiety.”,fox40.com,Unclear website,Partially relevant
169,E,“Lego donates model MRI kits to hospitals to help children understand the procedure and reduce their anxiety.”,cps.ca,Unclear website,Out of context
169,E,“Lego donates model MRI kits to hospitals to help children understand the procedure and reduce their anxiety.”,jmirs.org,Unclear website,Out of context
169,E,“Lego donates model MRI kits to hospitals to help children understand the procedure and reduce their anxiety.”,lego.com,Unclear website,Partially relevant
169,E,“Lego donates model MRI kits to hospitals to help children understand the procedure and reduce their anxiety.”,childrenshospital.org,Unclear website,Partially relevant
169,E,“Lego donates model MRI kits to hospitals to help children understand the procedure and reduce their anxiety.”,radiologybusiness.com,Unclear website,Partially relevant
169,E,“Lego donates model MRI kits to hospitals to help children understand the procedure and reduce their anxiety.”,lego.com,Unclear website,Partially relevant
170,F,« Lego fait don de modèles d'IRM aux hôpitaux afin d'aider les enfants à comprendre la procédure et à réduire leur anxiété. »,dumas.ccsd.cnrs.fr,Unclear website,Out of context
170,F,« Lego fait don de modèles d'IRM aux hôpitaux afin d'aider les enfants à comprendre la procédure et à réduire leur anxiété. »,dumas.ccsd.cnrs.fr,Unclear website,Out of context
170,F,« Lego fait don de modèles d'IRM aux hôpitaux afin d'aider les enfants à comprendre la procédure et à réduire leur anxiété. »,futura-sciences.com,Unclear website,Partially relevant
170,F,« Lego fait don de modèles d'IRM aux hôpitaux afin d'aider les enfants à comprendre la procédure et à réduire leur anxiété. »,inserm.hal.science,Scientific source,Out of context
170,F,« Lego fait don de modèles d'IRM aux hôpitaux afin d'aider les enfants à comprendre la procédure et à réduire leur anxiété. »,chu-besancon.fr,Unclear website,Out of context
170,F,« Lego fait don de modèles d'IRM aux hôpitaux afin d'aider les enfants à comprendre la procédure et à réduire leur anxiété. »,haroz.fr,Unclear website,Out of context
170,F,« Lego fait don de modèles d'IRM aux hôpitaux afin d'aider les enfants à comprendre la procédure et à réduire leur anxiété. »,chusj.org,Unclear website,Out of context
170,F,« Lego fait don de modèles d'IRM aux hôpitaux afin d'aider les enfants à comprendre la procédure et à réduire leur anxiété. »,cdn.cancer.ca,Unclear website,Out of context
170,F,« Lego fait don de modèles d'IRM aux hôpitaux afin d'aider les enfants à comprendre la procédure et à réduire leur anxiété. »,moncerveaualecole.com,Unclear website,Partially relevant
170,F,« Lego fait don de modèles d'IRM aux hôpitaux afin d'aider les enfants à comprendre la procédure et à réduire leur anxiété. »,generation-nt.com,Unclear website,Partially relevant
170,F,« Lego fait don de modèles d'IRM aux hôpitaux afin d'aider les enfants à comprendre la procédure et à réduire leur anxiété. »,theses.hal.science,Scientific source,Out of context
171,E,It has been U.S. policy “for at least 79 years” to require Americans who intend to be evacuated from overseas to sign a promissory note.,vanduyne.house.gov,Government / public institution,Out of context
171,E,It has been U.S. policy “for at least 79 years” to require Americans who intend to be evacuated from overseas to sign a promissory note.,gao.gov,Government / public institution,Out of context
171,E,It has been U.S. policy “for at least 79 years” to require Americans who intend to be evacuated from overseas to sign a promissory note.,americanimmigrationcoun...,Unclear website,Partially relevant
171,E,It has been U.S. policy “for at least 79 years” to require Americans who intend to be evacuated from overseas to sign a promissory note.,federalreserve.gov,Government / public institution,Out of context
171,E,It has been U.S. policy “for at least 79 years” to require Americans who intend to be evacuated from overseas to sign a promissory note.,tsl.texas.gov,Government / public institution,Out of context
171,E,It has been U.S. policy “for at least 79 years” to require Americans who intend to be evacuated from overseas to sign a promissory note.,2021-2025.state.gov,Government / public institution,Partially relevant
171,E,It has been U.S. policy “for at least 79 years” to require Americans who intend to be evacuated from overseas to sign a promissory note.,fam.state.gov,Government / public institution,Out of context
171,E,It has been U.S. policy “for at least 79 years” to require Americans who intend to be evacuated from overseas to sign a promissory note.,hud.gov,Government / public institution,Out of context
171,E,It has been U.S. policy “for at least 79 years” to require Americans who intend to be evacuated from overseas to sign a promissory note.,fsapartners.ed.gov,Government / public institution,Out of context
171,E,It has been U.S. policy “for at least 79 years” to require Americans who intend to be evacuated from overseas to sign a promissory note.,cr.usembassy.gov,Government / public institution,Out of context
171,E,It has been U.S. policy “for at least 79 years” to require Americans who intend to be evacuated from overseas to sign a promissory note.,lorainccc.edu,Scientific source,Out of context
171,E,It has been U.S. policy “for at least 79 years” to require Americans who intend to be evacuated from overseas to sign a promissory note.,history.state.gov,Government / public institution,Out of context
171,E,It has been U.S. policy “for at least 79 years” to require Americans who intend to be evacuated from overseas to sign a promissory note.,kr.usembassy.gov,Government / public institution,Out of context
171,E,It has been U.S. policy “for at least 79 years” to require Americans who intend to be evacuated from overseas to sign a promissory note.,reports.oah.state.nc.us,Unclear website,Out of context
171,E,It has been U.S. policy “for at least 79 years” to require Americans who intend to be evacuated from overseas to sign a promissory note.,cnrj.cnic.navy.mil,Unclear website,Out of context
171,E,It has been U.S. policy “for at least 79 years” to require Americans who intend to be evacuated from overseas to sign a promissory note.,fam.state.gov,Government / public institution,Out of context
171,E,It has been U.S. policy “for at least 79 years” to require Americans who intend to be evacuated from overseas to sign a promissory note.,employmentlawworldview....,Unclear website,Out of context
171,E,It has been U.S. policy “for at least 79 years” to require Americans who intend to be evacuated from overseas to sign a promissory note.,studentaid.gov,Government / public institution,Out of context
172,F,C'est la politique américaine « depuis au moins 79 ans » d'exiger des Américains qui souhaitent être évacués de l'étranger qu'ils signent une reconnaissance de dette.,hrw.org,Unclear website,Out of context
172,F,C'est la politique américaine « depuis au moins 79 ans » d'exiger des Américains qui souhaitent être évacués de l'étranger qu'ils signent une reconnaissance de dette.,energy.gov,Government / public institution,Out of context
172,F,C'est la politique américaine « depuis au moins 79 ans » d'exiger des Américains qui souhaitent être évacués de l'étranger qu'ils signent une reconnaissance de dette.,un.org,International organization,Out of context
172,F,C'est la politique américaine « depuis au moins 79 ans » d'exiger des Américains qui souhaitent être évacués de l'étranger qu'ils signent une reconnaissance de dette.,diplomatie.belgium.be,Unclear website,Out of context
172,F,C'est la politique américaine « depuis au moins 79 ans » d'exiger des Américains qui souhaitent être évacués de l'étranger qu'ils signent une reconnaissance de dette.,imf.org,International organization,Out of context
172,F,C'est la politique américaine « depuis au moins 79 ans » d'exiger des Américains qui souhaitent être évacués de l'étranger qu'ils signent une reconnaissance de dette.,micicinitiative.iom.int,International organization,Out of context
172,F,C'est la politique américaine « depuis au moins 79 ans » d'exiger des Américains qui souhaitent être évacués de l'étranger qu'ils signent une reconnaissance de dette.,referenceworks.brill.com,Unclear website,Out of context
172,F,C'est la politique américaine « depuis au moins 79 ans » d'exiger des Américains qui souhaitent être évacués de l'étranger qu'ils signent une reconnaissance de dette.,hal.science,Scientific source,Out of context
172,F,C'est la politique américaine « depuis au moins 79 ans » d'exiger des Américains qui souhaitent être évacués de l'étranger qu'ils signent une reconnaissance de dette.,publications.gc.ca,Government / public institution,Out of context
172,F,C'est la politique américaine « depuis au moins 79 ans » d'exiger des Américains qui souhaitent être évacués de l'étranger qu'ils signent une reconnaissance de dette.,irsem.fr,Unclear website,Out of context
172,F,C'est la politique américaine « depuis au moins 79 ans » d'exiger des Américains qui souhaitent être évacués de l'étranger qu'ils signent une reconnaissance de dette.,unhcr.org,International organization,Out of context
172,F,C'est la politique américaine « depuis au moins 79 ans » d'exiger des Américains qui souhaitent être évacués de l'étranger qu'ils signent une reconnaissance de dette.,unodc.org,International organization,Out of context
172,F,C'est la politique américaine « depuis au moins 79 ans » d'exiger des Américains qui souhaitent être évacués de l'étranger qu'ils signent une reconnaissance de dette.,echr.coe.int,International organization,Out of context
172,F,C'est la politique américaine « depuis au moins 79 ans » d'exiger des Américains qui souhaitent être évacués de l'étranger qu'ils signent une reconnaissance de dette.,airuniversity.af.edu,Scientific source,Out of context
172,F,C'est la politique américaine « depuis au moins 79 ans » d'exiger des Américains qui souhaitent être évacués de l'étranger qu'ils signent une reconnaissance de dette.,theses.hal.science,Scientific source,Out of context
172,F,C'est la politique américaine « depuis au moins 79 ans » d'exiger des Américains qui souhaitent être évacués de l'étranger qu'ils signent une reconnaissance de dette.,odihpn.org,Unclear website,Out of context
172,F,C'est la politique américaine « depuis au moins 79 ans » d'exiger des Américains qui souhaitent être évacués de l'étranger qu'ils signent une reconnaissance de dette.,archivesdiplomatiques.diplo...,Unclear website,Out of context
172,F,C'est la politique américaine « depuis au moins 79 ans » d'exiger des Américains qui souhaitent être évacués de l'étranger qu'ils signent une reconnaissance de dette.,unisdr.org,Unclear website,Out of context
172,F,C'est la politique américaine « depuis au moins 79 ans » d'exiger des Américains qui souhaitent être évacués de l'étranger qu'ils signent une reconnaissance de dette.,senat.fr,Unclear website,Out of context
172,F,C'est la politique américaine « depuis au moins 79 ans » d'exiger des Américains qui souhaitent être évacués de l'étranger qu'ils signent une reconnaissance de dette.,budget.gouv.fr,Unclear website,Out of context
172,F,C'est la politique américaine « depuis au moins 79 ans » d'exiger des Américains qui souhaitent être évacués de l'étranger qu'ils signent une reconnaissance de dette.,assemblee-nationale.fr,Government / public institution,Out of context
172,F,C'est la politique américaine « depuis au moins 79 ans » d'exiger des Américains qui souhaitent être évacués de l'étranger qu'ils signent une reconnaissance de dette.,canada.ca,Government / public institution,Out of context
173,E,"“A few years back,” Mitchell Stadium in Bluefield, W.Va., “was voted the best high school football field in America.”",nature.com,Scientific source,Out of context
173,E,"“A few years back,” Mitchell Stadium in Bluefield, W.Va., “was voted the best high school football field in America.”",nature.com,Scientific source,Out of context
173,E,"“A few years back,” Mitchell Stadium in Bluefield, W.Va., “was voted the best high school football field in America.”",pmc.ncbi.nlm.nih.gov,Government / public institution,Out of context
173,E,"“A few years back,” Mitchell Stadium in Bluefield, W.Va., “was voted the best high school football field in America.”",journals.plos.org,Scientific source,Out of context
173,E,"“A few years back,” Mitchell Stadium in Bluefield, W.Va., “was voted the best high school football field in America.”",politifact.com,Journalistic source,Relevant
173,E,"“A few years back,” Mitchell Stadium in Bluefield, W.Va., “was voted the best high school football field in America.”",en.wikipedia.org,Intermediate media,Partially relevant
173,E,"“A few years back,” Mitchell Stadium in Bluefield, W.Va., “was voted the best high school football field in America.”",elpasotimes.com,Journalistic source,Relevant
173,E,"“A few years back,” Mitchell Stadium in Bluefield, W.Va., “was voted the best high school football field in America.”",wchstv.com,Unclear website,Partially relevant
173,E,"“A few years back,” Mitchell Stadium in Bluefield, W.Va., “was voted the best high school football field in America.”",ktsm.com,Unclear website,Partially relevant
173,E,"“A few years back,” Mitchell Stadium in Bluefield, W.Va., “was voted the best high school football field in America.”",kfoxtv.com,Unclear website,Partially relevant
173,E,"“A few years back,” Mitchell Stadium in Bluefield, W.Va., “was voted the best high school football field in America.”",arxiv.org,Scientific source,Out of context
173,E,"“A few years back,” Mitchell Stadium in Bluefield, W.Va., “was voted the best high school football field in America.”",semanticscholar.org,Unclear website,Out of context
173,E,"“A few years back,” Mitchell Stadium in Bluefield, W.Va., “was voted the best high school football field in America.”",unu.edu,Scientific source,Out of context
173,E,"“A few years back,” Mitchell Stadium in Bluefield, W.Va., “was voted the best high school football field in America.”",climatiq.io,Unclear website,Out of context
173,E,"“A few years back,” Mitchell Stadium in Bluefield, W.Va., “was voted the best high school football field in America.”",arxiv.org,Scientific source,Out of context
173,E,"“A few years back,” Mitchell Stadium in Bluefield, W.Va., “was voted the best high school football field in America.”",tandfonline.com,Scientific source,Out of context
173,E,"“A few years back,” Mitchell Stadium in Bluefield, W.Va., “was voted the best high school football field in America.”",beautifulbluefield.com,Unclear website,Partially relevant
173,E,"“A few years back,” Mitchell Stadium in Bluefield, W.Va., “was voted the best high school football field in America.”",sportsbeams.com,Unclear website,Relevant
173,E,"“A few years back,” Mitchell Stadium in Bluefield, W.Va., “was voted the best high school football field in America.”",smokingmusket.com,Unclear website,Relevant
173,E,"“A few years back,” Mitchell Stadium in Bluefield, W.Va., “was voted the best high school football field in America.”",usatodayhss.com,Unclear website,Relevant
173,E,"“A few years back,” Mitchell Stadium in Bluefield, W.Va., “was voted the best high school football field in America.”",usatodayhss.com,Unclear website,Partially relevant
173,E,"“A few years back,” Mitchell Stadium in Bluefield, W.Va., “was voted the best high school football field in America.”",highschoolfootballamerica.c...,Unclear website,Partially relevant
173,E,"“A few years back,” Mitchell Stadium in Bluefield, W.Va., “was voted the best high school football field in America.”",knkx.org,Unclear website,Partially relevant
173,E,"“A few years back,” Mitchell Stadium in Bluefield, W.Va., “was voted the best high school football field in America.”",fox13seattle.com,Unclear website,Partially relevant
174,F,"« Il y a quelques années », le Mitchell Stadium de Bluefield, en Virginie-Occidentale, « a été élu meilleur terrain de football américain d'école secondaire du pays ».",els.edu,Scientific source,Out of context
174,F,"« Il y a quelques années », le Mitchell Stadium de Bluefield, en Virginie-Occidentale, « a été élu meilleur terrain de football américain d'école secondaire du pays ».",archive-share.america.gov,Government / public institution,Out of context
174,F,"« Il y a quelques années », le Mitchell Stadium de Bluefield, en Virginie-Occidentale, « a été élu meilleur terrain de football américain d'école secondaire du pays ».",wep.fr,Unclear website,Out of context
174,F,"« Il y a quelques années », le Mitchell Stadium de Bluefield, en Virginie-Occidentale, « a été élu meilleur terrain de football américain d'école secondaire du pays ».",theworldwar.org,Unclear website,Out of context
174,F,"« Il y a quelques années », le Mitchell Stadium de Bluefield, en Virginie-Occidentale, « a été élu meilleur terrain de football américain d'école secondaire du pays ».",frenchmorning.com,Unclear website,Out of context
174,F,"« Il y a quelques années », le Mitchell Stadium de Bluefield, en Virginie-Occidentale, « a été élu meilleur terrain de football américain d'école secondaire du pays ».",studyusa.com,Unclear website,Out of context
174,F,"« Il y a quelques années », le Mitchell Stadium de Bluefield, en Virginie-Occidentale, « a été élu meilleur terrain de football américain d'école secondaire du pays ».",els.edu,Scientific source,Out of context
174,F,"« Il y a quelques années », le Mitchell Stadium de Bluefield, en Virginie-Occidentale, « a été élu meilleur terrain de football américain d'école secondaire du pays ».",blog.voyager-aux-etats-unis...,Unclear website,Out of context
174,F,"« Il y a quelques années », le Mitchell Stadium de Bluefield, en Virginie-Occidentale, « a été élu meilleur terrain de football américain d'école secondaire du pays ».",iro.umontreal.ca,Unclear website,Out of context
175,E,“Beyonce paid $100K for Maryland Metro to run later following weather delays for her concert.”,wtop.com,Unclear website,Out of context
175,E,“Beyonce paid $100K for Maryland Metro to run later following weather delays for her concert.”,politifact.com,Journalistic source,Relevant
175,E,“Beyonce paid $100K for Maryland Metro to run later following weather delays for her concert.”,politifact.com,Journalistic source,Relevant
175,E,“Beyonce paid $100K for Maryland Metro to run later following weather delays for her concert.”,politifact.com,Journalistic source,Relevant
175,E,“Beyonce paid $100K for Maryland Metro to run later following weather delays for her concert.”,en.wikipedia.org,Intermediate media,Out of context
175,E,“Beyonce paid $100K for Maryland Metro to run later following weather delays for her concert.”,newsweek.com,Journalistic source,Out of context
175,E,“Beyonce paid $100K for Maryland Metro to run later following weather delays for her concert.”,nbcwashington.com,Unclear website,Relevant
175,E,“Beyonce paid $100K for Maryland Metro to run later following weather delays for her concert.”,cnn.com,Journalistic source,Out of context
175,E,“Beyonce paid $100K for Maryland Metro to run later following weather delays for her concert.”,wjla.com,Unclear website,Partially relevant
175,E,“Beyonce paid $100K for Maryland Metro to run later following weather delays for her concert.”,wjla.com,Unclear website,Out of context
175,E,“Beyonce paid $100K for Maryland Metro to run later following weather delays for her concert.”,khou.com,Unclear website,Out of context
175,E,“Beyonce paid $100K for Maryland Metro to run later following weather delays for her concert.”,fox5dc.com,Unclear website,Partially relevant
175,E,“Beyonce paid $100K for Maryland Metro to run later following weather delays for her concert.”,etonline.com,Unclear website,Out of context
175,E,“Beyonce paid $100K for Maryland Metro to run later following weather delays for her concert.”,news.ufl.edu,Scientific source,Out of context
175,E,“Beyonce paid $100K for Maryland Metro to run later following weather delays for her concert.”,opensiuc.lib.siu.edu,Scientific source,Out of context
176,F,« Beyoncé a payé 100 000 $ pour que le métro du Maryland prolonge son service à la suite de retards causés par les conditions météorologiques lors de son concert. »,liberation.fr,Unclear website,Out of context
176,F,« Beyoncé a payé 100 000 $ pour que le métro du Maryland prolonge son service à la suite de retards causés par les conditions météorologiques lors de son concert. »,revuemagazine.fr,Unclear website,Out of context
176,F,« Beyoncé a payé 100 000 $ pour que le métro du Maryland prolonge son service à la suite de retards causés par les conditions météorologiques lors de son concert. »,pubhtml5.com,Unclear website,Out of context
176,F,« Beyoncé a payé 100 000 $ pour que le métro du Maryland prolonge son service à la suite de retards causés par les conditions météorologiques lors de son concert. »,fr.scribd.com,Intermediate media,Out of context
176,F,« Beyoncé a payé 100 000 $ pour que le métro du Maryland prolonge son service à la suite de retards causés par les conditions météorologiques lors de son concert. »,forgemia.inra.fr,Unclear website,Out of context
176,F,« Beyoncé a payé 100 000 $ pour que le métro du Maryland prolonge son service à la suite de retards causés par les conditions météorologiques lors de son concert. »,theses.hal.science,Scientific source,Out of context
176,F,« Beyoncé a payé 100 000 $ pour que le métro du Maryland prolonge son service à la suite de retards causés par les conditions météorologiques lors de son concert. »,scholar.lib.vt.edu,Scientific source,Out of context
176,F,« Beyoncé a payé 100 000 $ pour que le métro du Maryland prolonge son service à la suite de retards causés par les conditions météorologiques lors de son concert. »,svn.spraakdata.gu.se,Unclear website,Out of context
176,F,« Beyoncé a payé 100 000 $ pour que le métro du Maryland prolonge son service à la suite de retards causés par les conditions météorologiques lors de son concert. »,franceinfo.fr,Unclear website,Out of context
176,F,« Beyoncé a payé 100 000 $ pour que le métro du Maryland prolonge son service à la suite de retards causés par les conditions météorologiques lors de son concert. »,fr.scribd.com,Intermediate media,Out of context
176,F,« Beyoncé a payé 100 000 $ pour que le métro du Maryland prolonge son service à la suite de retards causés par les conditions météorologiques lors de son concert. »,franceinfo.fr,Unclear website,Out of context
176,F,« Beyoncé a payé 100 000 $ pour que le métro du Maryland prolonge son service à la suite de retards causés par les conditions météorologiques lors de son concert. »,fr.scribd.com,Intermediate media,Out of context
176,F,« Beyoncé a payé 100 000 $ pour que le métro du Maryland prolonge son service à la suite de retards causés par les conditions météorologiques lors de son concert. »,downloads.cs.stanford.edu,Scientific source,Out of context
176,F,« Beyoncé a payé 100 000 $ pour que le métro du Maryland prolonge son service à la suite de retards causés par les conditions météorologiques lors de son concert. »,fr.scribd.com,Intermediate media,Out of context
176,F,« Beyoncé a payé 100 000 $ pour que le métro du Maryland prolonge son service à la suite de retards causés par les conditions météorologiques lors de son concert. »,yard.media,Unclear website,Out of context
176,F,« Beyoncé a payé 100 000 $ pour que le métro du Maryland prolonge son service à la suite de retards causés par les conditions météorologiques lors de son concert. »,quozpowa.com,Unclear website,Out of context
176,F,« Beyoncé a payé 100 000 $ pour que le métro du Maryland prolonge son service à la suite de retards causés par les conditions météorologiques lors de son concert. »,fr.scribd.com,Intermediate media,Out of context
176,F,« Beyoncé a payé 100 000 $ pour que le métro du Maryland prolonge son service à la suite de retards causés par les conditions météorologiques lors de son concert. »,picclick.fr,Unclear website,Out of context
176,F,« Beyoncé a payé 100 000 $ pour que le métro du Maryland prolonge son service à la suite de retards causés par les conditions météorologiques lors de son concert. »,lecycledesveilleurs.fr,Unclear website,Out of context
176,F,« Beyoncé a payé 100 000 $ pour que le métro du Maryland prolonge son service à la suite de retards causés par les conditions météorologiques lors de son concert. »,extravafrench.com,Unclear website,Out of context
176,F,« Beyoncé a payé 100 000 $ pour que le métro du Maryland prolonge son service à la suite de retards causés par les conditions météorologiques lors de son concert. »,lemotdujour.fr,Unclear website,Out of context
176,F,« Beyoncé a payé 100 000 $ pour que le métro du Maryland prolonge son service à la suite de retards causés par les conditions météorologiques lors de son concert. »,transmutatis.fr,Unclear website,Out of context
177,E,Florida has “the highest” homeowners insurance in the nation.,ncei.noaa.gov,Government / public institution,Out of context
177,E,Florida has “the highest” homeowners insurance in the nation.,usnews.com,Journalistic source,Partially relevant
177,E,Florida has “the highest” homeowners insurance in the nation.,gao.gov,Government / public institution,Partially relevant
177,E,Florida has “the highest” homeowners insurance in the nation.,fitchratings.com,Unclear website,Out of context
177,E,Florida has “the highest” homeowners insurance in the nation.,commonwealthfund.org,Unclear website,Partially relevant
177,E,Florida has “the highest” homeowners insurance in the nation.,commonwealthfund.org,Unclear website,Out of context
177,E,Florida has “the highest” homeowners insurance in the nation.,taxfoundation.org,Unclear website,Out of context
177,E,Florida has “the highest” homeowners insurance in the nation.,taxfoundation.org,Unclear website,Out of context
177,E,Florida has “the highest” homeowners insurance in the nation.,bankrate.com,Unclear website,Out of context
177,E,Florida has “the highest” homeowners insurance in the nation.,insurance.nh.gov,Government / public institution,Partially relevant
177,E,Florida has “the highest” homeowners insurance in the nation.,nerdwallet.com,Unclear website,Partially relevant
177,E,Florida has “the highest” homeowners insurance in the nation.,content.naic.org,Unclear website,Out of context
177,E,Florida has “the highest” homeowners insurance in the nation.,lendingtree.com,Unclear website,Partially relevant
177,E,Florida has “the highest” homeowners insurance in the nation.,insurance.com,Unclear website,Relevant
177,E,Florida has “the highest” homeowners insurance in the nation.,flgov.com,Unclear website,Out of context
177,E,Florida has “the highest” homeowners insurance in the nation.,insure.com,Unclear website,Relevant
177,E,Florida has “the highest” homeowners insurance in the nation.,fema.gov,Government / public institution,Out of context
177,E,Florida has “the highest” homeowners insurance in the nation.,lao.ca.gov,Government / public institution,Out of context
177,E,Florida has “the highest” homeowners insurance in the nation.,ternercenter.berkeley.edu,Scientific source,Partially relevant
177,E,Florida has “the highest” homeowners insurance in the nation.,carescout.com,Unclear website,Out of context
177,E,Florida has “the highest” homeowners insurance in the nation.,chooseenergy.com,Unclear website,Out of context
177,E,Florida has “the highest” homeowners insurance in the nation.,bls.gov,Government / public institution,Out of context
177,E,Florida has “the highest” homeowners insurance in the nation.,flgov.com,Unclear website,Out of context
177,E,Florida has “the highest” homeowners insurance in the nation.,flgov.com,Unclear website,Partially relevant
177,E,Florida has “the highest” homeowners insurance in the nation.,governor.virginia.gov,Government / public institution,Out of context
177,E,Florida has “the highest” homeowners insurance in the nation.,floir.gov,Government / public institution,Partially relevant
177,E,Florida has “the highest” homeowners insurance in the nation.,floridataxwatch.org,Unclear website,Partially relevant
177,E,Florida has “the highest” homeowners insurance in the nation.,deloitte.com,Unclear website,Out of context
178,F,La Floride a « les assurances habitation les plus chères » du pays.,theconversation.com,Journalistic source,Partially relevant
178,F,La Floride a « les assurances habitation les plus chères » du pays.,fr.qz.com,Unclear website,Out of context
178,F,La Floride a « les assurances habitation les plus chères » du pays.,lopinion.fr,Unclear website,Out of context
178,F,La Floride a « les assurances habitation les plus chères » du pays.,bfmtv.com,Unclear website,Partially relevant
178,F,La Floride a « les assurances habitation les plus chères » du pays.,bfmtv.com,Unclear website,Partially relevant
178,F,La Floride a « les assurances habitation les plus chères » du pays.,france-epargne.fr,Unclear website,Out of context
178,F,La Floride a « les assurances habitation les plus chères » du pays.,fedlex.admin.ch,Unclear website,Out of context
178,F,La Floride a « les assurances habitation les plus chères » du pays.,cleiss.fr,Unclear website,Out of context
178,F,La Floride a « les assurances habitation les plus chères » du pays.,assuranceslabs.com,Unclear website,Out of context
178,F,La Floride a « les assurances habitation les plus chères » du pays.,frenchusa.fr,Unclear website,Out of context
178,F,La Floride a « les assurances habitation les plus chères » du pays.,selectra.be,Unclear website,Relevant
178,F,La Floride a « les assurances habitation les plus chères » du pays.,reassurez-moi.fr,Unclear website,Out of context
178,F,La Floride a « les assurances habitation les plus chères » du pays.,institutdesactuaires.co...,Unclear website,Partially relevant
178,F,La Floride a « les assurances habitation les plus chères » du pays.,assurances-taupin.fr,Unclear website,Out of context
178,F,La Floride a « les assurances habitation les plus chères » du pays.,frenchusa.fr,Unclear website,Partially relevant
178,F,La Floride a « les assurances habitation les plus chères » du pays.,international-sante.com...,Unclear website,Partially relevant
178,F,La Floride a « les assurances habitation les plus chères » du pays.,desjardins.com,Unclear website,Out of context
178,F,La Floride a « les assurances habitation les plus chères » du pays.,caaquebec.com,Unclear website,Out of context
178,F,La Floride a « les assurances habitation les plus chères » du pays.,orlandoimmobilier.com,Unclear website,Partially relevant
178,F,La Floride a « les assurances habitation les plus chères » du pays.,fema.gov,Government / public institution,Out of context
178,F,La Floride a « les assurances habitation les plus chères » du pays.,americanvisitorinsuranc...,Unclear website,Out of context
178,F,La Floride a « les assurances habitation les plus chères » du pays.,cowangroup.ca,Unclear website,Out of context
178,F,La Floride a « les assurances habitation les plus chères » du pays.,atlas-mag.net,Unclear website,Out of context
178,F,La Floride a « les assurances habitation les plus chères » du pays.,lecomparateurassurance....,Unclear website,Out of context
178,F,La Floride a « les assurances habitation les plus chères » du pays.,fr.ford.ca,Unclear website,Out of context
178,F,La Floride a « les assurances habitation les plus chères » du pays.,openshores.co,Unclear website,Out of context
178,F,La Floride a « les assurances habitation les plus chères » du pays.,floridaandbeyond.com,Unclear website,Relevant
178,F,La Floride a « les assurances habitation les plus chères » du pays.,selectra.info,Unclear website,Out of context
178,F,La Floride a « les assurances habitation les plus chères » du pays.,selectra.info,Unclear website,Out of context
178,F,La Floride a « les assurances habitation les plus chères » du pays.,theses.hal.science,Scientific source,Out of context
178,F,La Floride a « les assurances habitation les plus chères » du pays.,archipel.uqam.ca,Unclear website,Out of context
178,F,La Floride a « les assurances habitation les plus chères » du pays.,ooscisca.com,Unclear website,Out of context
178,F,La Floride a « les assurances habitation les plus chères » du pays.,unesdoc.unesco.org,International organization,Out of context
178,F,La Floride a « les assurances habitation les plus chères » du pays.,franceuniversites.fr,Scientific source,Out of context
178,F,La Floride a « les assurances habitation les plus chères » du pays.,unesdoc.unesco.org,International organization,Out of context
178,F,La Floride a « les assurances habitation les plus chères » du pays.,assemblee-nationale.fr,Government / public institution,Out of context
178,F,La Floride a « les assurances habitation les plus chères » du pays.,cai.gouv.qc.ca,Government / public institution,Out of context
178,F,La Floride a « les assurances habitation les plus chères » du pays.,theses.hal.science,Scientific source,Out of context
178,F,La Floride a « les assurances habitation les plus chères » du pays.,academicworks.cuny.edu,Scientific source,Out of context
179,E,More than “200 dogs showed up and lined up around the block” for a man’s 100th birthday celebration.,apnews.com,Journalistic source,Out of context
179,E,More than “200 dogs showed up and lined up around the block” for a man’s 100th birthday celebration.,astronomy.com,Unclear website,Out of context
179,E,More than “200 dogs showed up and lined up around the block” for a man’s 100th birthday celebration.,debbiedingell.house.gov,Government / public institution,Out of context
179,E,More than “200 dogs showed up and lined up around the block” for a man’s 100th birthday celebration.,bbc.com,Journalistic source,Out of context
179,E,More than “200 dogs showed up and lined up around the block” for a man’s 100th birthday celebration.,abc7news.com,Journalistic source,Out of context
179,E,More than “200 dogs showed up and lined up around the block” for a man’s 100th birthday celebration.,younghouselove.com,Unclear website,Out of context
179,E,More than “200 dogs showed up and lined up around the block” for a man’s 100th birthday celebration.,georgerodriguefoundation.or...,Unclear website,Out of context
179,E,More than “200 dogs showed up and lined up around the block” for a man’s 100th birthday celebration.,wellnesspetfood.com,Unclear website,Out of context
179,E,More than “200 dogs showed up and lined up around the block” for a man’s 100th birthday celebration.,maymont.org,Unclear website,Out of context
179,E,More than “200 dogs showed up and lined up around the block” for a man’s 100th birthday celebration.,amazon.com,Unclear website,Out of context
179,E,More than “200 dogs showed up and lined up around the block” for a man’s 100th birthday celebration.,adfam.org.uk,Unclear website,Out of context
179,E,More than “200 dogs showed up and lined up around the block” for a man’s 100th birthday celebration.,bbns.org,Unclear website,Out of context
179,E,More than “200 dogs showed up and lined up around the block” for a man’s 100th birthday celebration.,mjhnyc.org,Unclear website,Out of context
179,E,More than “200 dogs showed up and lined up around the block” for a man’s 100th birthday celebration.,brownsvilletx.gov,Government / public institution,Out of context
179,E,More than “200 dogs showed up and lined up around the block” for a man’s 100th birthday celebration.,lehi-ut.gov,Government / public institution,Out of context
179,E,More than “200 dogs showed up and lined up around the block” for a man’s 100th birthday celebration.,valleybreeze.com,Unclear website,Out of context
179,E,More than “200 dogs showed up and lined up around the block” for a man’s 100th birthday celebration.,toflyandfight.com,Unclear website,Partially relevant
180,F,Plus de « 200 chiens se sont présentés et ont fait la queue autour du pâté de maisons » pour célébrer le 100e anniversaire d'un homme.,translate.google.com,Unclear website,Out of context
180,F,Plus de « 200 chiens se sont présentés et ont fait la queue autour du pâté de maisons » pour célébrer le 100e anniversaire d'un homme.,thrifty.com,Unclear website,Out of context
180,F,Plus de « 200 chiens se sont présentés et ont fait la queue autour du pâté de maisons » pour célébrer le 100e anniversaire d'un homme.,grandsgites.com,Unclear website,Out of context
180,F,Plus de « 200 chiens se sont présentés et ont fait la queue autour du pâté de maisons » pour célébrer le 100e anniversaire d'un homme.,100pour100fete.ch,Unclear website,Out of context
180,F,Plus de « 200 chiens se sont présentés et ont fait la queue autour du pâté de maisons » pour célébrer le 100e anniversaire d'un homme.,visitutah.com,Unclear website,Out of context
180,F,Plus de « 200 chiens se sont présentés et ont fait la queue autour du pâté de maisons » pour célébrer le 100e anniversaire d'un homme.,amazon.fr,Unclear website,Out of context
180,F,Plus de « 200 chiens se sont présentés et ont fait la queue autour du pâté de maisons » pour célébrer le 100e anniversaire d'un homme.,adriengagnon.com,Unclear website,Out of context
180,F,Plus de « 200 chiens se sont présentés et ont fait la queue autour du pâté de maisons » pour célébrer le 100e anniversaire d'un homme.,brightmoorchurch.org,Unclear website,Out of context
180,F,Plus de « 200 chiens se sont présentés et ont fait la queue autour du pâté de maisons » pour célébrer le 100e anniversaire d'un homme.,parkstacoma.gov,Government / public institution,Out of context
180,F,Plus de « 200 chiens se sont présentés et ont fait la queue autour du pâté de maisons » pour célébrer le 100e anniversaire d'un homme.,ici.fr,Unclear website,Out of context
180,F,Plus de « 200 chiens se sont présentés et ont fait la queue autour du pâté de maisons » pour célébrer le 100e anniversaire d'un homme.,comic-con.org,Unclear website,Out of context
180,F,Plus de « 200 chiens se sont présentés et ont fait la queue autour du pâté de maisons » pour célébrer le 100e anniversaire d'un homme.,fr.mcny.org,Unclear website,Out of context
180,F,Plus de « 200 chiens se sont présentés et ont fait la queue autour du pâté de maisons » pour célébrer le 100e anniversaire d'un homme.,archive-share.america.gov,Government / public institution,Out of context
180,F,Plus de « 200 chiens se sont présentés et ont fait la queue autour du pâté de maisons » pour célébrer le 100e anniversaire d'un homme.,share.america.gov,Government / public institution,Out of context
180,F,Plus de « 200 chiens se sont présentés et ont fait la queue autour du pâté de maisons » pour célébrer le 100e anniversaire d'un homme.,lesraffineurs.com,Unclear website,Out of context
180,F,Plus de « 200 chiens se sont présentés et ont fait la queue autour du pâté de maisons » pour célébrer le 100e anniversaire d'un homme.,cadomaestro.com,Unclear website,Out of context
180,F,Plus de « 200 chiens se sont présentés et ont fait la queue autour du pâté de maisons » pour célébrer le 100e anniversaire d'un homme.,lemanegeabijoux.leclerc,Unclear website,Out of context
180,F,Plus de « 200 chiens se sont présentés et ont fait la queue autour du pâté de maisons » pour célébrer le 100e anniversaire d'un homme.,printerpix.fr,Unclear website,Out of context
180,F,Plus de « 200 chiens se sont présentés et ont fait la queue autour du pâté de maisons » pour célébrer le 100e anniversaire d'un homme.,ideecadeauquebec.com,Unclear website,Out of context
180,F,Plus de « 200 chiens se sont présentés et ont fait la queue autour du pâté de maisons » pour célébrer le 100e anniversaire d'un homme.,cadeauxfolies.be,Unclear website,Out of context
180,F,Plus de « 200 chiens se sont présentés et ont fait la queue autour du pâté de maisons » pour célébrer le 100e anniversaire d'un homme.,etsy.com,Unclear website,Out of context
181,E,“An 11-year-old boy saved the lives of two people on the same day.”,abc7ny.com,Unclear website,Partially relevant
181,E,“An 11-year-old boy saved the lives of two people on the same day.”,westernmassnews.com,Journalistic source,Partially relevant
181,E,“An 11-year-old boy saved the lives of two people on the same day.”,knoe.com,Unclear website,Partially relevant
181,E,“An 11-year-old boy saved the lives of two people on the same day.”,abcnews.com,Journalistic source,Relevant
181,E,“An 11-year-old boy saved the lives of two people on the same day.”,kwqc.com,Unclear website,Partially relevant
181,E,“An 11-year-old boy saved the lives of two people on the same day.”,everettwa.gov,Government / public institution,Relevant
181,E,“An 11-year-old boy saved the lives of two people on the same day.”,bissellpetfoundation.or...,Unclear website,Partially relevant
181,E,“An 11-year-old boy saved the lives of two people on the same day.”,norwoodnews.org,Journalistic source,Partially relevant
181,E,“An 11-year-old boy saved the lives of two people on the same day.”,vvng.com,Unclear website,Partially relevant
181,E,“An 11-year-old boy saved the lives of two people on the same day.”,houstonzoo.org,Unclear website,Out of context
181,E,“An 11-year-old boy saved the lives of two people on the same day.”,whatsyourgrief.com,Unclear website,Out of context
181,E,“An 11-year-old boy saved the lives of two people on the same day.”,lsp.org,Unclear website,Out of context
181,E,“An 11-year-old boy saved the lives of two people on the same day.”,crozetgazette.com,Journalistic source,Partially relevant
182,F,« Un garçon de 11 ans a sauvé la vie de deux personnes le même jour. »,pmc.ncbi.nlm.nih.gov,Government / public institution,Out of context
182,F,« Un garçon de 11 ans a sauvé la vie de deux personnes le même jour. »,who.int,International organization,Out of context
182,F,« Un garçon de 11 ans a sauvé la vie de deux personnes le même jour. »,who.int,International organization,Out of context
182,F,« Un garçon de 11 ans a sauvé la vie de deux personnes le même jour. »,unicef.org,International organization,Out of context
182,F,« Un garçon de 11 ans a sauvé la vie de deux personnes le même jour. »,unicef.org,International organization,Out of context
182,F,« Un garçon de 11 ans a sauvé la vie de deux personnes le même jour. »,agence-biomedecine.fr,Unclear website,Out of context
182,F,« Un garçon de 11 ans a sauvé la vie de deux personnes le même jour. »,unaids.org,Unclear website,Out of context
182,F,« Un garçon de 11 ans a sauvé la vie de deux personnes le même jour. »,banquemondiale.org,Unclear website,Out of context
182,F,« Un garçon de 11 ans a sauvé la vie de deux personnes le même jour. »,ciivise.fr,Unclear website,Out of context
182,F,« Un garçon de 11 ans a sauvé la vie de deux personnes le même jour. »,assemblee-nationale.fr,Government / public institution,Out of context
182,F,« Un garçon de 11 ans a sauvé la vie de deux personnes le même jour. »,hal.science,Scientific source,Out of context
182,F,« Un garçon de 11 ans a sauvé la vie de deux personnes le même jour. »,dipot.ulb.ac.be,Unclear website,Out of context
182,F,« Un garçon de 11 ans a sauvé la vie de deux personnes le même jour. »,ihedn.fr,Unclear website,Out of context
182,F,« Un garçon de 11 ans a sauvé la vie de deux personnes le même jour. »,theses.hal.science,Scientific source,Out of context
182,F,« Un garçon de 11 ans a sauvé la vie de deux personnes le même jour. »,unaids.org,Unclear website,Out of context
182,F,« Un garçon de 11 ans a sauvé la vie de deux personnes le même jour. »,fr.scribd.com,Intermediate media,Out of context
182,F,« Un garçon de 11 ans a sauvé la vie de deux personnes le même jour. »,journals.openedition.org,Unclear website,Out of context
183,E,Infertility is treated differently than other issues and “often excluded from insurance coverage.”,pmc.ncbi.nlm.nih.gov,Government / public institution,Out of context
183,E,Infertility is treated differently than other issues and “often excluded from insurance coverage.”,pmc.ncbi.nlm.nih.gov,Government / public institution,Out of context
183,E,Infertility is treated differently than other issues and “often excluded from insurance coverage.”,ncbi.nlm.nih.gov,Government / public institution,Partially relevant
183,E,Infertility is treated differently than other issues and “often excluded from insurance coverage.”,pmc.ncbi.nlm.nih.gov,Government / public institution,Partially relevant
183,E,Infertility is treated differently than other issues and “often excluded from insurance coverage.”,pmc.ncbi.nlm.nih.gov,Government / public institution,Out of context
183,E,Infertility is treated differently than other issues and “often excluded from insurance coverage.”,kff.org,Unclear website,Partially relevant
183,E,Infertility is treated differently than other issues and “often excluded from insurance coverage.”,kff.org,Unclear website,Partially relevant
183,E,Infertility is treated differently than other issues and “often excluded from insurance coverage.”,who.int,International organization,Out of context
183,E,Infertility is treated differently than other issues and “often excluded from insurance coverage.”,who.int,International organization,Out of context
183,E,Infertility is treated differently than other issues and “often excluded from insurance coverage.”,frontiersin.org,Scientific source,Out of context
183,E,Infertility is treated differently than other issues and “often excluded from insurance coverage.”,whitehouse.gov,Government / public institution,Out of context
183,E,Infertility is treated differently than other issues and “often excluded from insurance coverage.”,calmatters.org,Unclear website,Partially relevant
183,E,Infertility is treated differently than other issues and “often excluded from insurance coverage.”,resolve.org,Unclear website,Partially relevant
183,E,Infertility is treated differently than other issues and “often excluded from insurance coverage.”,cms.gov,Government / public institution,Out of context
183,E,Infertility is treated differently than other issues and “often excluded from insurance coverage.”,uhcprovider.com,Unclear website,Out of context
183,E,Infertility is treated differently than other issues and “often excluded from insurance coverage.”,asrm.org,Unclear website,Out of context
183,E,Infertility is treated differently than other issues and “often excluded from insurance coverage.”,federalregister.gov,Government / public institution,Partially relevant
183,E,Infertility is treated differently than other issues and “often excluded from insurance coverage.”,dol.gov,Government / public institution,Out of context
183,E,Infertility is treated differently than other issues and “often excluded from insurance coverage.”,ogletree.com,Unclear website,Out of context
183,E,Infertility is treated differently than other issues and “often excluded from insurance coverage.”,eeoc.gov,Government / public institution,Out of context
183,E,Infertility is treated differently than other issues and “often excluded from insurance coverage.”,nysenate.gov,Government / public institution,Out of context
183,E,Infertility is treated differently than other issues and “often excluded from insurance coverage.”,mapresearch.org,Scientific source,Out of context
183,E,Infertility is treated differently than other issues and “often excluded from insurance coverage.”,asrm.org,Unclear website,Out of context
183,E,Infertility is treated differently than other issues and “often excluded from insurance coverage.”,irs.gov,Government / public institution,Out of context
183,E,Infertility is treated differently than other issues and “often excluded from insurance coverage.”,healthcare.gov,Government / public institution,Out of context
183,E,Infertility is treated differently than other issues and “often excluded from insurance coverage.”,multistate.us,Unclear website,Partially relevant
183,E,Infertility is treated differently than other issues and “often excluded from insurance coverage.”,insurance.ca.gov,Government / public institution,Partially relevant
183,E,Infertility is treated differently than other issues and “often excluded from insurance coverage.”,multistate.us,Unclear website,Out of context
183,E,Infertility is treated differently than other issues and “often excluded from insurance coverage.”,house.mn.gov,Government / public institution,Partially relevant
184,F,L'infertilité est traitée différemment des autres problèmes et est « souvent exclue de la couverture d'assurance ».,ameli.fr,Unclear website,Out of context
184,F,L'infertilité est traitée différemment des autres problèmes et est « souvent exclue de la couverture d'assurance ».,ameli.fr,Unclear website,Out of context
184,F,L'infertilité est traitée différemment des autres problèmes et est « souvent exclue de la couverture d'assurance ».,pinnaclefertility.com,Unclear website,Out of context
184,F,L'infertilité est traitée différemment des autres problèmes et est « souvent exclue de la couverture d'assurance ».,cffp.recherche.usherbrooke....,Unclear website,Out of context
184,F,L'infertilité est traitée différemment des autres problèmes et est « souvent exclue de la couverture d'assurance ».,quebec.ca,Government / public institution,Out of context
184,F,L'infertilité est traitée différemment des autres problèmes et est « souvent exclue de la couverture d'assurance ».,mavenclinic.com,Unclear website,Out of context
184,F,L'infertilité est traitée différemment des autres problèmes et est « souvent exclue de la couverture d'assurance ».,mavenclinic.com,Unclear website,Partially relevant
184,F,L'infertilité est traitée différemment des autres problèmes et est « souvent exclue de la couverture d'assurance ».,pinnaclefertility.com,Unclear website,Out of context
184,F,L'infertilité est traitée différemment des autres problèmes et est « souvent exclue de la couverture d'assurance ».,canada.ca,Government / public institution,Out of context
184,F,L'infertilité est traitée différemment des autres problèmes et est « souvent exclue de la couverture d'assurance ».,procrea.ca,Unclear website,Out of context
184,F,L'infertilité est traitée différemment des autres problèmes et est « souvent exclue de la couverture d'assurance ».,leading-medicine-guide....,Unclear website,Out of context
184,F,L'infertilité est traitée différemment des autres problèmes et est « souvent exclue de la couverture d'assurance ».,warner.senate.gov,Government / public institution,Out of context
184,F,L'infertilité est traitée différemment des autres problèmes et est « souvent exclue de la couverture d'assurance ».,fr.cignaglobal.com,Unclear website,Out of context
184,F,L'infertilité est traitée différemment des autres problèmes et est « souvent exclue de la couverture d'assurance ».,fr.cignaglobal.com,Unclear website,Out of context
184,F,L'infertilité est traitée différemment des autres problèmes et est « souvent exclue de la couverture d'assurance ».,cignaglobal.com,Unclear website,Out of context
184,F,L'infertilité est traitée différemment des autres problèmes et est « souvent exclue de la couverture d'assurance ».,cusm.ca,Unclear website,Out of context
184,F,L'infertilité est traitée différemment des autres problèmes et est « souvent exclue de la couverture d'assurance ».,allianzcare.com,Unclear website,Out of context
184,F,L'infertilité est traitée différemment des autres problèmes et est « souvent exclue de la couverture d'assurance ».,cignaglobal.com,Unclear website,Out of context
184,F,L'infertilité est traitée différemment des autres problèmes et est « souvent exclue de la couverture d'assurance ».,knowledgecommons.popcouncil...,Unclear website,Out of context
184,F,L'infertilité est traitée différemment des autres problèmes et est « souvent exclue de la couverture d'assurance ».,mavenclinic.com,Unclear website,Out of context
184,F,L'infertilité est traitée différemment des autres problèmes et est « souvent exclue de la couverture d'assurance ».,cignaglobal.com,Unclear website,Out of context
184,F,L'infertilité est traitée différemment des autres problèmes et est « souvent exclue de la couverture d'assurance ».,ramq.gouv.qc.ca,Government / public institution,Out of context
184,F,L'infertilité est traitée différemment des autres problèmes et est « souvent exclue de la couverture d'assurance ».,eurocontrol.int,Unclear website,Out of context
184,F,L'infertilité est traitée différemment des autres problèmes et est « souvent exclue de la couverture d'assurance ».,ec.europa.eu,International organization,Out of context
184,F,L'infertilité est traitée différemment des autres problèmes et est « souvent exclue de la couverture d'assurance ».,mavenclinic.com,Unclear website,Partially relevant
185,E,"“Just last year,” Miami-Dade Public Schools “had over 14,000 new children, 10,000 of which came from four countries of Cuba, Nicaragua, Venezuela and Haiti.”",pmc.ncbi.nlm.nih.gov,Government / public institution,Out of context
185,E,"“Just last year,” Miami-Dade Public Schools “had over 14,000 new children, 10,000 of which came from four countries of Cuba, Nicaragua, Venezuela and Haiti.”",miamiherald.com,Journalistic source,Partially relevant
185,E,"“Just last year,” Miami-Dade Public Schools “had over 14,000 new children, 10,000 of which came from four countries of Cuba, Nicaragua, Venezuela and Haiti.”",miamiherald.com,Journalistic source,Partially relevant
185,E,"“Just last year,” Miami-Dade Public Schools “had over 14,000 new children, 10,000 of which came from four countries of Cuba, Nicaragua, Venezuela and Haiti.”",governing.com,Unclear website,Relevant
185,E,"“Just last year,” Miami-Dade Public Schools “had over 14,000 new children, 10,000 of which came from four countries of Cuba, Nicaragua, Venezuela and Haiti.”",miaminewtimes.com,Journalistic source,Partially relevant
185,E,"“Just last year,” Miami-Dade Public Schools “had over 14,000 new children, 10,000 of which came from four countries of Cuba, Nicaragua, Venezuela and Haiti.”",local10.com,Unclear website,Out of context
185,E,"“Just last year,” Miami-Dade Public Schools “had over 14,000 new children, 10,000 of which came from four countries of Cuba, Nicaragua, Venezuela and Haiti.”",cis.org,Unclear website,Out of context
185,E,"“Just last year,” Miami-Dade Public Schools “had over 14,000 new children, 10,000 of which came from four countries of Cuba, Nicaragua, Venezuela and Haiti.”",nces.ed.gov,Government / public institution,Out of context
185,E,"“Just last year,” Miami-Dade Public Schools “had over 14,000 new children, 10,000 of which came from four countries of Cuba, Nicaragua, Venezuela and Haiti.”",fldoe.org,Unclear website,Out of context
185,E,"“Just last year,” Miami-Dade Public Schools “had over 14,000 new children, 10,000 of which came from four countries of Cuba, Nicaragua, Venezuela and Haiti.”",nces.ed.gov,Government / public institution,Out of context
185,E,"“Just last year,” Miami-Dade Public Schools “had over 14,000 new children, 10,000 of which came from four countries of Cuba, Nicaragua, Venezuela and Haiti.”",nces.ed.gov,Government / public institution,Out of context
185,E,"“Just last year,” Miami-Dade Public Schools “had over 14,000 new children, 10,000 of which came from four countries of Cuba, Nicaragua, Venezuela and Haiti.”",in.gov,Government / public institution,Out of context
185,E,"“Just last year,” Miami-Dade Public Schools “had over 14,000 new children, 10,000 of which came from four countries of Cuba, Nicaragua, Venezuela and Haiti.”",wlrn.org,Unclear website,Out of context
185,E,"“Just last year,” Miami-Dade Public Schools “had over 14,000 new children, 10,000 of which came from four countries of Cuba, Nicaragua, Venezuela and Haiti.”",nces.ed.gov,Government / public institution,Out of context
185,E,"“Just last year,” Miami-Dade Public Schools “had over 14,000 new children, 10,000 of which came from four countries of Cuba, Nicaragua, Venezuela and Haiti.”",edchoice.org,Unclear website,Out of context
185,E,"“Just last year,” Miami-Dade Public Schools “had over 14,000 new children, 10,000 of which came from four countries of Cuba, Nicaragua, Venezuela and Haiti.”",presidentsalliance.org,Unclear website,Out of context
185,E,"“Just last year,” Miami-Dade Public Schools “had over 14,000 new children, 10,000 of which came from four countries of Cuba, Nicaragua, Venezuela and Haiti.”",nces.ed.gov,Government / public institution,Out of context
185,E,"“Just last year,” Miami-Dade Public Schools “had over 14,000 new children, 10,000 of which came from four countries of Cuba, Nicaragua, Venezuela and Haiti.”",flaglerschools.com,Unclear website,Out of context
185,E,"“Just last year,” Miami-Dade Public Schools “had over 14,000 new children, 10,000 of which came from four countries of Cuba, Nicaragua, Venezuela and Haiti.”",floridacollegeaccess.org,Unclear website,Out of context
185,E,"“Just last year,” Miami-Dade Public Schools “had over 14,000 new children, 10,000 of which came from four countries of Cuba, Nicaragua, Venezuela and Haiti.”",ir.fsu.edu,Scientific source,Out of context
185,E,"“Just last year,” Miami-Dade Public Schools “had over 14,000 new children, 10,000 of which came from four countries of Cuba, Nicaragua, Venezuela and Haiti.”",opendoorsdata.org,Unclear website,Out of context
185,E,"“Just last year,” Miami-Dade Public Schools “had over 14,000 new children, 10,000 of which came from four countries of Cuba, Nicaragua, Venezuela and Haiti.”",census.gov,Government / public institution,Out of context
185,E,"“Just last year,” Miami-Dade Public Schools “had over 14,000 new children, 10,000 of which came from four countries of Cuba, Nicaragua, Venezuela and Haiti.”",kipp.org,Unclear website,Out of context
185,E,"“Just last year,” Miami-Dade Public Schools “had over 14,000 new children, 10,000 of which came from four countries of Cuba, Nicaragua, Venezuela and Haiti.”",migration.ucdavis.edu,Scientific source,Out of context
185,E,"“Just last year,” Miami-Dade Public Schools “had over 14,000 new children, 10,000 of which came from four countries of Cuba, Nicaragua, Venezuela and Haiti.”",wusf.org,Unclear website,Partially relevant
185,E,"“Just last year,” Miami-Dade Public Schools “had over 14,000 new children, 10,000 of which came from four countries of Cuba, Nicaragua, Venezuela and Haiti.”",districtadministration.com,Unclear website,Partially relevant
185,E,"“Just last year,” Miami-Dade Public Schools “had over 14,000 new children, 10,000 of which came from four countries of Cuba, Nicaragua, Venezuela and Haiti.”",miamitodaynews.com,Journalistic source,Partially relevant
185,E,"“Just last year,” Miami-Dade Public Schools “had over 14,000 new children, 10,000 of which came from four countries of Cuba, Nicaragua, Venezuela and Haiti.”",wusf.org,Unclear website,Relevant
185,E,"“Just last year,” Miami-Dade Public Schools “had over 14,000 new children, 10,000 of which came from four countries of Cuba, Nicaragua, Venezuela and Haiti.”",schoolhouseconnection.org,Unclear website,Out of context
186,F,"« Rien que l'année dernière », les écoles publiques du comté de Miami-Dade « ont accueilli plus de 14 000 nouveaux enfants, dont 10 000 provenaient de quatre pays : Cuba, le Nicaragua, le Venezuela et Haïti ».",researchgate.net,Scientific source,Out of context
186,F,"« Rien que l'année dernière », les écoles publiques du comté de Miami-Dade « ont accueilli plus de 14 000 nouveaux enfants, dont 10 000 provenaient de quatre pays : Cuba, le Nicaragua, le Venezuela et Haïti ».",fr.wikipedia.org,Intermediate media,Partially relevant
186,F,"« Rien que l'année dernière », les écoles publiques du comté de Miami-Dade « ont accueilli plus de 14 000 nouveaux enfants, dont 10 000 provenaient de quatre pays : Cuba, le Nicaragua, le Venezuela et Haïti ».",fr.wikipedia.org,Intermediate media,Out of context
186,F,"« Rien que l'année dernière », les écoles publiques du comté de Miami-Dade « ont accueilli plus de 14 000 nouveaux enfants, dont 10 000 provenaient de quatre pays : Cuba, le Nicaragua, le Venezuela et Haïti ».",parisaeroport.fr,Unclear website,Out of context
186,F,"« Rien que l'année dernière », les écoles publiques du comté de Miami-Dade « ont accueilli plus de 14 000 nouveaux enfants, dont 10 000 provenaient de quatre pays : Cuba, le Nicaragua, le Venezuela et Haïti ».",ardist2024.sciencesconf.org...,Unclear website,Out of context
186,F,"« Rien que l'année dernière », les écoles publiques du comté de Miami-Dade « ont accueilli plus de 14 000 nouveaux enfants, dont 10 000 provenaient de quatre pays : Cuba, le Nicaragua, le Venezuela et Haïti ».",robindesbois.org,Unclear website,Out of context
186,F,"« Rien que l'année dernière », les écoles publiques du comté de Miami-Dade « ont accueilli plus de 14 000 nouveaux enfants, dont 10 000 provenaient de quatre pays : Cuba, le Nicaragua, le Venezuela et Haïti ».",calameo.com,Unclear website,Out of context
186,F,"« Rien que l'année dernière », les écoles publiques du comté de Miami-Dade « ont accueilli plus de 14 000 nouveaux enfants, dont 10 000 provenaient de quatre pays : Cuba, le Nicaragua, le Venezuela et Haïti ».",scholar.lib.vt.edu,Scientific source,Out of context
186,F,"« Rien que l'année dernière », les écoles publiques du comté de Miami-Dade « ont accueilli plus de 14 000 nouveaux enfants, dont 10 000 provenaient de quatre pays : Cuba, le Nicaragua, le Venezuela et Haïti ».",espace.inrs.ca,Unclear website,Out of context
186,F,"« Rien que l'année dernière », les écoles publiques du comté de Miami-Dade « ont accueilli plus de 14 000 nouveaux enfants, dont 10 000 provenaient de quatre pays : Cuba, le Nicaragua, le Venezuela et Haïti ».",marseille.fr,Unclear website,Out of context
186,F,"« Rien que l'année dernière », les écoles publiques du comté de Miami-Dade « ont accueilli plus de 14 000 nouveaux enfants, dont 10 000 provenaient de quatre pays : Cuba, le Nicaragua, le Venezuela et Haïti ».",transmutatis.fr,Unclear website,Out of context
186,F,"« Rien que l'année dernière », les écoles publiques du comté de Miami-Dade « ont accueilli plus de 14 000 nouveaux enfants, dont 10 000 provenaient de quatre pays : Cuba, le Nicaragua, le Venezuela et Haïti ».",1dex.ch,Unclear website,Out of context
186,F,"« Rien que l'année dernière », les écoles publiques du comté de Miami-Dade « ont accueilli plus de 14 000 nouveaux enfants, dont 10 000 provenaient de quatre pays : Cuba, le Nicaragua, le Venezuela et Haïti ».",cras31.info,Unclear website,Partially relevant
186,F,"« Rien que l'année dernière », les écoles publiques du comté de Miami-Dade « ont accueilli plus de 14 000 nouveaux enfants, dont 10 000 provenaient de quatre pays : Cuba, le Nicaragua, le Venezuela et Haïti ».",fr.scribd.com,Intermediate media,Out of context
186,F,"« Rien que l'année dernière », les écoles publiques du comté de Miami-Dade « ont accueilli plus de 14 000 nouveaux enfants, dont 10 000 provenaient de quatre pays : Cuba, le Nicaragua, le Venezuela et Haïti ».",matierevolution.fr,Unclear website,Out of context
186,F,"« Rien que l'année dernière », les écoles publiques du comté de Miami-Dade « ont accueilli plus de 14 000 nouveaux enfants, dont 10 000 provenaient de quatre pays : Cuba, le Nicaragua, le Venezuela et Haïti ».",rapports-cac.ca,Unclear website,Out of context
186,F,"« Rien que l'année dernière », les écoles publiques du comté de Miami-Dade « ont accueilli plus de 14 000 nouveaux enfants, dont 10 000 provenaient de quatre pays : Cuba, le Nicaragua, le Venezuela et Haïti ».",globalabc.org,Unclear website,Out of context
186,F,"« Rien que l'année dernière », les écoles publiques du comté de Miami-Dade « ont accueilli plus de 14 000 nouveaux enfants, dont 10 000 provenaient de quatre pays : Cuba, le Nicaragua, le Venezuela et Haïti ».",dcaf.ch,Unclear website,Out of context
186,F,"« Rien que l'année dernière », les écoles publiques du comté de Miami-Dade « ont accueilli plus de 14 000 nouveaux enfants, dont 10 000 provenaient de quatre pays : Cuba, le Nicaragua, le Venezuela et Haïti ».",preventionweb.net,Unclear website,Out of context
186,F,"« Rien que l'année dernière », les écoles publiques du comté de Miami-Dade « ont accueilli plus de 14 000 nouveaux enfants, dont 10 000 provenaient de quatre pays : Cuba, le Nicaragua, le Venezuela et Haïti ».",journals.openedition.org,Unclear website,Out of context
186,F,"« Rien que l'année dernière », les écoles publiques du comté de Miami-Dade « ont accueilli plus de 14 000 nouveaux enfants, dont 10 000 provenaient de quatre pays : Cuba, le Nicaragua, le Venezuela et Haïti ».",expat.com,Unclear website,Out of context
186,F,"« Rien que l'année dernière », les écoles publiques du comté de Miami-Dade « ont accueilli plus de 14 000 nouveaux enfants, dont 10 000 provenaient de quatre pays : Cuba, le Nicaragua, le Venezuela et Haïti ».",ryder.com,Unclear website,Out of context
187,E,"“For African American families in particular, the homeownership rate remains relatively unchanged since 1968, the year the Fair Housing Act was signed into law.”",pmc.ncbi.nlm.nih.gov,Government / public institution,Partially relevant
187,E,"“For African American families in particular, the homeownership rate remains relatively unchanged since 1968, the year the Fair Housing Act was signed into law.”",pbs.org,Journalistic source,Out of context
187,E,"“For African American families in particular, the homeownership rate remains relatively unchanged since 1968, the year the Fair Housing Act was signed into law.”",politifact.com,Journalistic source,Relevant
187,E,"“For African American families in particular, the homeownership rate remains relatively unchanged since 1968, the year the Fair Housing Act was signed into law.”",cbpp.org,Unclear website,Out of context
187,E,"“For African American families in particular, the homeownership rate remains relatively unchanged since 1968, the year the Fair Housing Act was signed into law.”",migrationpolicy.org,Unclear website,Out of context
187,E,"“For African American families in particular, the homeownership rate remains relatively unchanged since 1968, the year the Fair Housing Act was signed into law.”",forbes.com,Journalistic source,Partially relevant
187,E,"“For African American families in particular, the homeownership rate remains relatively unchanged since 1968, the year the Fair Housing Act was signed into law.”",washingtonpost.com,Journalistic source,Out of context
187,E,"“For African American families in particular, the homeownership rate remains relatively unchanged since 1968, the year the Fair Housing Act was signed into law.”",urban.org,Unclear website,Out of context
187,E,"“For African American families in particular, the homeownership rate remains relatively unchanged since 1968, the year the Fair Housing Act was signed into law.”",epi.org,Unclear website,Partially relevant
187,E,"“For African American families in particular, the homeownership rate remains relatively unchanged since 1968, the year the Fair Housing Act was signed into law.”",sentencingproject.org,Unclear website,Out of context
187,E,"“For African American families in particular, the homeownership rate remains relatively unchanged since 1968, the year the Fair Housing Act was signed into law.”",americanprogress.org,Unclear website,Partially relevant
187,E,"“For African American families in particular, the homeownership rate remains relatively unchanged since 1968, the year the Fair Housing Act was signed into law.”",americanprogress.org,Unclear website,Out of context
187,E,"“For African American families in particular, the homeownership rate remains relatively unchanged since 1968, the year the Fair Housing Act was signed into law.”",dissentmagazine.org,Unclear website,Out of context
187,E,"“For African American families in particular, the homeownership rate remains relatively unchanged since 1968, the year the Fair Housing Act was signed into law.”",census.gov,Government / public institution,Out of context
187,E,"“For African American families in particular, the homeownership rate remains relatively unchanged since 1968, the year the Fair Housing Act was signed into law.”",census.gov,Government / public institution,Out of context
187,E,"“For African American families in particular, the homeownership rate remains relatively unchanged since 1968, the year the Fair Housing Act was signed into law.”",data.census.gov,Government / public institution,Out of context
187,E,"“For African American families in particular, the homeownership rate remains relatively unchanged since 1968, the year the Fair Housing Act was signed into law.”",mn.gov,Government / public institution,Out of context
187,E,"“For African American families in particular, the homeownership rate remains relatively unchanged since 1968, the year the Fair Housing Act was signed into law.”",archives.gov,Government / public institution,Out of context
187,E,"“For African American families in particular, the homeownership rate remains relatively unchanged since 1968, the year the Fair Housing Act was signed into law.”",census.gov,Government / public institution,Out of context
187,E,"“For African American families in particular, the homeownership rate remains relatively unchanged since 1968, the year the Fair Housing Act was signed into law.”",fred.stlouisfed.org,Unclear website,Out of context
187,E,"“For African American families in particular, the homeownership rate remains relatively unchanged since 1968, the year the Fair Housing Act was signed into law.”",census.gov,Government / public institution,Out of context
187,E,"“For African American families in particular, the homeownership rate remains relatively unchanged since 1968, the year the Fair Housing Act was signed into law.”",census.gov,Government / public institution,Out of context
187,E,"“For African American families in particular, the homeownership rate remains relatively unchanged since 1968, the year the Fair Housing Act was signed into law.”",home.treasury.gov,Government / public institution,Out of context
187,E,"“For African American families in particular, the homeownership rate remains relatively unchanged since 1968, the year the Fair Housing Act was signed into law.”",nhc.org,Unclear website,Partially relevant
187,E,"“For African American families in particular, the homeownership rate remains relatively unchanged since 1968, the year the Fair Housing Act was signed into law.”",news.byu.edu,Scientific source,Out of context
187,E,"“For African American families in particular, the homeownership rate remains relatively unchanged since 1968, the year the Fair Housing Act was signed into law.”",census.gov,Government / public institution,Out of context
187,E,"“For African American families in particular, the homeownership rate remains relatively unchanged since 1968, the year the Fair Housing Act was signed into law.”",virginiarealtors.org,Unclear website,Partially relevant
187,E,"“For African American families in particular, the homeownership rate remains relatively unchanged since 1968, the year the Fair Housing Act was signed into law.”",realestatedecoded.com,Unclear website,Out of context
187,E,"“For African American families in particular, the homeownership rate remains relatively unchanged since 1968, the year the Fair Housing Act was signed into law.”",usmi.org,Unclear website,Out of context
187,E,"“For African American families in particular, the homeownership rate remains relatively unchanged since 1968, the year the Fair Housing Act was signed into law.”",milwaukeeindependent.com...,Unclear website,Out of context
187,E,"“For African American families in particular, the homeownership rate remains relatively unchanged since 1968, the year the Fair Housing Act was signed into law.”",www2.census.gov,Government / public institution,Out of context
187,E,"“For African American families in particular, the homeownership rate remains relatively unchanged since 1968, the year the Fair Housing Act was signed into law.”",census.gov,Government / public institution,Out of context
187,E,"“For African American families in particular, the homeownership rate remains relatively unchanged since 1968, the year the Fair Housing Act was signed into law.”",census.gov,Government / public institution,Out of context
187,E,"“For African American families in particular, the homeownership rate remains relatively unchanged since 1968, the year the Fair Housing Act was signed into law.”",stateline.org,Unclear website,Out of context
187,E,"“For African American families in particular, the homeownership rate remains relatively unchanged since 1968, the year the Fair Housing Act was signed into law.”",census.gov,Government / public institution,Out of context
187,E,"“For African American families in particular, the homeownership rate remains relatively unchanged since 1968, the year the Fair Housing Act was signed into law.”",raleighnc.gov,Government / public institution,Out of context
188,F,"« Pour les familles afro-américaines en particulier, le taux d'accession à la propriété demeure relativement inchangé depuis 1968, année où la Fair Housing Act a été adoptée. »",theconversation.com,Journalistic source,Partially relevant
188,F,"« Pour les familles afro-américaines en particulier, le taux d'accession à la propriété demeure relativement inchangé depuis 1968, année où la Fair Housing Act a été adoptée. »",fr.wikipedia.org,Intermediate media,Out of context
188,F,"« Pour les familles afro-américaines en particulier, le taux d'accession à la propriété demeure relativement inchangé depuis 1968, année où la Fair Housing Act a été adoptée. »",fr.wikipedia.org,Intermediate media,Out of context
188,F,"« Pour les familles afro-américaines en particulier, le taux d'accession à la propriété demeure relativement inchangé depuis 1968, année où la Fair Housing Act a été adoptée. »",fr.wikipedia.org,Intermediate media,Out of context
188,F,"« Pour les familles afro-américaines en particulier, le taux d'accession à la propriété demeure relativement inchangé depuis 1968, année où la Fair Housing Act a été adoptée. »",fr.wikipedia.org,Intermediate media,Out of context
188,F,"« Pour les familles afro-américaines en particulier, le taux d'accession à la propriété demeure relativement inchangé depuis 1968, année où la Fair Housing Act a été adoptée. »",alternatives-economique...,Unclear website,Out of context
188,F,"« Pour les familles afro-américaines en particulier, le taux d'accession à la propriété demeure relativement inchangé depuis 1968, année où la Fair Housing Act a été adoptée. »",archipel.uqam.ca,Unclear website,Out of context
188,F,"« Pour les familles afro-américaines en particulier, le taux d'accession à la propriété demeure relativement inchangé depuis 1968, année où la Fair Housing Act a été adoptée. »",histoiremhm.org,Unclear website,Out of context
188,F,"« Pour les familles afro-américaines en particulier, le taux d'accession à la propriété demeure relativement inchangé depuis 1968, année où la Fair Housing Act a été adoptée. »",afdb.org,Unclear website,Out of context
188,F,"« Pour les familles afro-américaines en particulier, le taux d'accession à la propriété demeure relativement inchangé depuis 1968, année où la Fair Housing Act a été adoptée. »",shs.hal.science,Scientific source,Out of context
188,F,"« Pour les familles afro-américaines en particulier, le taux d'accession à la propriété demeure relativement inchangé depuis 1968, année où la Fair Housing Act a été adoptée. »",diploweb.com,Unclear website,Out of context
188,F,"« Pour les familles afro-américaines en particulier, le taux d'accession à la propriété demeure relativement inchangé depuis 1968, année où la Fair Housing Act a été adoptée. »",academia.edu,Scientific source,Out of context
188,F,"« Pour les familles afro-américaines en particulier, le taux d'accession à la propriété demeure relativement inchangé depuis 1968, année où la Fair Housing Act a été adoptée. »",fr.scribd.com,Intermediate media,Out of context
188,F,"« Pour les familles afro-américaines en particulier, le taux d'accession à la propriété demeure relativement inchangé depuis 1968, année où la Fair Housing Act a été adoptée. »",icj-cij.org,Unclear website,Out of context
188,F,"« Pour les familles afro-américaines en particulier, le taux d'accession à la propriété demeure relativement inchangé depuis 1968, année où la Fair Housing Act a été adoptée. »",theses.hal.science,Scientific source,Out of context
188,F,"« Pour les familles afro-américaines en particulier, le taux d'accession à la propriété demeure relativement inchangé depuis 1968, année où la Fair Housing Act a été adoptée. »",academia.edu,Scientific source,Out of context
188,F,"« Pour les familles afro-américaines en particulier, le taux d'accession à la propriété demeure relativement inchangé depuis 1968, année où la Fair Housing Act a été adoptée. »",hcfea.gouv.fr,Unclear website,Out of context
188,F,"« Pour les familles afro-américaines en particulier, le taux d'accession à la propriété demeure relativement inchangé depuis 1968, année où la Fair Housing Act a été adoptée. »",wto.org,International organization,Out of context
188,F,"« Pour les familles afro-américaines en particulier, le taux d'accession à la propriété demeure relativement inchangé depuis 1968, année où la Fair Housing Act a été adoptée. »",persee.fr,Scientific source,Out of context
188,F,"« Pour les familles afro-américaines en particulier, le taux d'accession à la propriété demeure relativement inchangé depuis 1968, année où la Fair Housing Act a été adoptée. »",kas.de,Unclear website,Out of context
188,F,"« Pour les familles afro-américaines en particulier, le taux d'accession à la propriété demeure relativement inchangé depuis 1968, année où la Fair Housing Act a été adoptée. »",ipes-food.org,Unclear website,Out of context
188,F,"« Pour les familles afro-américaines en particulier, le taux d'accession à la propriété demeure relativement inchangé depuis 1968, année où la Fair Housing Act a été adoptée. »",assemblee-nationale.fr,Government / public institution,Out of context
188,F,"« Pour les familles afro-américaines en particulier, le taux d'accession à la propriété demeure relativement inchangé depuis 1968, année où la Fair Housing Act a été adoptée. »",unesdoc.unesco.org,International organization,Out of context
188,F,"« Pour les familles afro-américaines en particulier, le taux d'accession à la propriété demeure relativement inchangé depuis 1968, année où la Fair Housing Act a été adoptée. »",cartonumerique.blogspot.com...,Unclear website,Out of context
188,F,"« Pour les familles afro-américaines en particulier, le taux d'accession à la propriété demeure relativement inchangé depuis 1968, année où la Fair Housing Act a été adoptée. »",europarl.europa.eu,International organization,Out of context
188,F,"« Pour les familles afro-américaines en particulier, le taux d'accession à la propriété demeure relativement inchangé depuis 1968, année où la Fair Housing Act a été adoptée. »",journals.openedition.org,Unclear website,Out of context
188,F,"« Pour les familles afro-américaines en particulier, le taux d'accession à la propriété demeure relativement inchangé depuis 1968, année où la Fair Housing Act a été adoptée. »",cltweb.org,Unclear website,Out of context
188,F,"« Pour les familles afro-américaines en particulier, le taux d'accession à la propriété demeure relativement inchangé depuis 1968, année où la Fair Housing Act a été adoptée. »",idahohousing.com,Unclear website,Out of context
188,F,"« Pour les familles afro-américaines en particulier, le taux d'accession à la propriété demeure relativement inchangé depuis 1968, année où la Fair Housing Act a été adoptée. »",studysmarter.fr,Unclear website,Out of context
188,F,"« Pour les familles afro-américaines en particulier, le taux d'accession à la propriété demeure relativement inchangé depuis 1968, année où la Fair Housing Act a été adoptée. »",ey.com,Unclear website,Out of context
188,F,"« Pour les familles afro-américaines en particulier, le taux d'accession à la propriété demeure relativement inchangé depuis 1968, année où la Fair Housing Act a été adoptée. »",acme-journal.org,Journalistic source,Out of context
188,F,"« Pour les familles afro-américaines en particulier, le taux d'accession à la propriété demeure relativement inchangé depuis 1968, année où la Fair Housing Act a été adoptée. »",choisismoi.com,Unclear website,Out of context
188,F,"« Pour les familles afro-américaines en particulier, le taux d'accession à la propriété demeure relativement inchangé depuis 1968, année où la Fair Housing Act a été adoptée. »",iro.umontreal.ca,Unclear website,Out of context
188,F,"« Pour les familles afro-américaines en particulier, le taux d'accession à la propriété demeure relativement inchangé depuis 1968, année où la Fair Housing Act a été adoptée. »",academia.edu,Scientific source,Out of context
188,F,"« Pour les familles afro-américaines en particulier, le taux d'accession à la propriété demeure relativement inchangé depuis 1968, année où la Fair Housing Act a été adoptée. »",fr.scribd.com,Intermediate media,Out of context
188,F,"« Pour les familles afro-américaines en particulier, le taux d'accession à la propriété demeure relativement inchangé depuis 1968, année où la Fair Housing Act a été adoptée. »",pdfcoffee.com,Unclear website,Out of context
188,F,"« Pour les familles afro-américaines en particulier, le taux d'accession à la propriété demeure relativement inchangé depuis 1968, année où la Fair Housing Act a été adoptée. »",cwfront.ulb.ac.be,Unclear website,Out of context
189,E,"“When a basketball player or football or baseball player from another team plays in Wisconsin, that one game’s salary, they pay Wisconsin income tax on it. … So, if for some reason we do not have the Brewers in Wisconsin all of those player salaries that generate dollars for the State of Wisconsin go away.”",pmc.ncbi.nlm.nih.gov,Government / public institution,Out of context
189,E,"“When a basketball player or football or baseball player from another team plays in Wisconsin, that one game’s salary, they pay Wisconsin income tax on it. … So, if for some reason we do not have the Brewers in Wisconsin all of those player salaries that generate dollars for the State of Wisconsin go away.”",pbs.org,Journalistic source,Out of context
189,E,"“When a basketball player or football or baseball player from another team plays in Wisconsin, that one game’s salary, they pay Wisconsin income tax on it. … So, if for some reason we do not have the Brewers in Wisconsin all of those player salaries that generate dollars for the State of Wisconsin go away.”",nytimes.com,Journalistic source,Out of context
189,E,"“When a basketball player or football or baseball player from another team plays in Wisconsin, that one game’s salary, they pay Wisconsin income tax on it. … So, if for some reason we do not have the Brewers in Wisconsin all of those player salaries that generate dollars for the State of Wisconsin go away.”",forbes.com,Journalistic source,Out of context
189,E,"“When a basketball player or football or baseball player from another team plays in Wisconsin, that one game’s salary, they pay Wisconsin income tax on it. … So, if for some reason we do not have the Brewers in Wisconsin all of those player salaries that generate dollars for the State of Wisconsin go away.”",taxfoundation.org,Unclear website,Out of context
189,E,"“When a basketball player or football or baseball player from another team plays in Wisconsin, that one game’s salary, they pay Wisconsin income tax on it. … So, if for some reason we do not have the Brewers in Wisconsin all of those player salaries that generate dollars for the State of Wisconsin go away.”",files.taxfoundation.org,Unclear website,Out of context
189,E,"“When a basketball player or football or baseball player from another team plays in Wisconsin, that one game’s salary, they pay Wisconsin income tax on it. … So, if for some reason we do not have the Brewers in Wisconsin all of those player salaries that generate dollars for the State of Wisconsin go away.”",taxfoundation.org,Unclear website,Out of context
189,E,"“When a basketball player or football or baseball player from another team plays in Wisconsin, that one game’s salary, they pay Wisconsin income tax on it. … So, if for some reason we do not have the Brewers in Wisconsin all of those player salaries that generate dollars for the State of Wisconsin go away.”",wisconsinexaminer.com,Unclear website,Out of context
189,E,"“When a basketball player or football or baseball player from another team plays in Wisconsin, that one game’s salary, they pay Wisconsin income tax on it. … So, if for some reason we do not have the Brewers in Wisconsin all of those player salaries that generate dollars for the State of Wisconsin go away.”",packers.com,Unclear website,Out of context
189,E,"“When a basketball player or football or baseball player from another team plays in Wisconsin, that one game’s salary, they pay Wisconsin income tax on it. … So, if for some reason we do not have the Brewers in Wisconsin all of those player salaries that generate dollars for the State of Wisconsin go away.”",hodgsonruss.com,Unclear website,Out of context
189,E,"“When a basketball player or football or baseball player from another team plays in Wisconsin, that one game’s salary, they pay Wisconsin income tax on it. … So, if for some reason we do not have the Brewers in Wisconsin all of those player salaries that generate dollars for the State of Wisconsin go away.”",scholarship.shu.edu,Scientific source,Out of context
189,E,"“When a basketball player or football or baseball player from another team plays in Wisconsin, that one game’s salary, they pay Wisconsin income tax on it. … So, if for some reason we do not have the Brewers in Wisconsin all of those player salaries that generate dollars for the State of Wisconsin go away.”",sportsagentblog.com,Unclear website,Out of context
189,E,"“When a basketball player or football or baseball player from another team plays in Wisconsin, that one game’s salary, they pay Wisconsin income tax on it. … So, if for some reason we do not have the Brewers in Wisconsin all of those player salaries that generate dollars for the State of Wisconsin go away.”",hrblock.com,Unclear website,Out of context
189,E,"“When a basketball player or football or baseball player from another team plays in Wisconsin, that one game’s salary, they pay Wisconsin income tax on it. … So, if for some reason we do not have the Brewers in Wisconsin all of those player salaries that generate dollars for the State of Wisconsin go away.”",scholarship.law.marquette.e...,Unclear website,Out of context
189,E,"“When a basketball player or football or baseball player from another team plays in Wisconsin, that one game’s salary, they pay Wisconsin income tax on it. … So, if for some reason we do not have the Brewers in Wisconsin all of those player salaries that generate dollars for the State of Wisconsin go away.”",theemployergroup.com,Scientific source,Out of context
189,E,"“When a basketball player or football or baseball player from another team plays in Wisconsin, that one game’s salary, they pay Wisconsin income tax on it. … So, if for some reason we do not have the Brewers in Wisconsin all of those player salaries that generate dollars for the State of Wisconsin go away.”",docs.legis.wisconsin.gov,Government / public institution,Out of context
189,E,"“When a basketball player or football or baseball player from another team plays in Wisconsin, that one game’s salary, they pay Wisconsin income tax on it. … So, if for some reason we do not have the Brewers in Wisconsin all of those player salaries that generate dollars for the State of Wisconsin go away.”",isthmus.com,Unclear website,Out of context
189,E,"“When a basketball player or football or baseball player from another team plays in Wisconsin, that one game’s salary, they pay Wisconsin income tax on it. … So, if for some reason we do not have the Brewers in Wisconsin all of those player salaries that generate dollars for the State of Wisconsin go away.”",dailycardinal.com,Unclear website,Out of context
189,E,"“When a basketball player or football or baseball player from another team plays in Wisconsin, that one game’s salary, they pay Wisconsin income tax on it. … So, if for some reason we do not have the Brewers in Wisconsin all of those player salaries that generate dollars for the State of Wisconsin go away.”",taxnotes.com,Unclear website,Out of context
189,E,"“When a basketball player or football or baseball player from another team plays in Wisconsin, that one game’s salary, they pay Wisconsin income tax on it. … So, if for some reason we do not have the Brewers in Wisconsin all of those player salaries that generate dollars for the State of Wisconsin go away.”",captimes.com,Journalistic source,Out of context
189,E,"“When a basketball player or football or baseball player from another team plays in Wisconsin, that one game’s salary, they pay Wisconsin income tax on it. … So, if for some reason we do not have the Brewers in Wisconsin all of those player salaries that generate dollars for the State of Wisconsin go away.”",uwbadgers.com,Unclear website,Out of context
189,E,"“When a basketball player or football or baseball player from another team plays in Wisconsin, that one game’s salary, they pay Wisconsin income tax on it. … So, if for some reason we do not have the Brewers in Wisconsin all of those player salaries that generate dollars for the State of Wisconsin go away.”",badgersunited.org,Unclear website,Out of context
189,E,"“When a basketball player or football or baseball player from another team plays in Wisconsin, that one game’s salary, they pay Wisconsin income tax on it. … So, if for some reason we do not have the Brewers in Wisconsin all of those player salaries that generate dollars for the State of Wisconsin go away.”",uwbadgers.com,Unclear website,Out of context
189,E,"“When a basketball player or football or baseball player from another team plays in Wisconsin, that one game’s salary, they pay Wisconsin income tax on it. … So, if for some reason we do not have the Brewers in Wisconsin all of those player salaries that generate dollars for the State of Wisconsin go away.”",wisconsinwatch.org,Unclear website,Out of context
189,E,"“When a basketball player or football or baseball player from another team plays in Wisconsin, that one game’s salary, they pay Wisconsin income tax on it. … So, if for some reason we do not have the Brewers in Wisconsin all of those player salaries that generate dollars for the State of Wisconsin go away.”",irs.gov,Government / public institution,Out of context
189,E,"“When a basketball player or football or baseball player from another team plays in Wisconsin, that one game’s salary, they pay Wisconsin income tax on it. … So, if for some reason we do not have the Brewers in Wisconsin all of those player salaries that generate dollars for the State of Wisconsin go away.”",anti-knowledge.com,Unclear website,Out of context
189,E,"“When a basketball player or football or baseball player from another team plays in Wisconsin, that one game’s salary, they pay Wisconsin income tax on it. … So, if for some reason we do not have the Brewers in Wisconsin all of those player salaries that generate dollars for the State of Wisconsin go away.”",athleticbusiness.com,Unclear website,Out of context
190,F,"« Lorsqu'un joueur de basketball, de football ou de baseball d'une autre équipe joue au Wisconsin, son salaire pour ce match est assujetti à l'impôt sur le revenu du Wisconsin. … Ainsi, si pour une raison quelconque les Brewers n'étaient plus au Wisconsin, tous les salaires de ces joueurs qui génèrent des revenus pour l'État du Wisconsin disparaîtraient. »",nytimes.com,Journalistic source,Out of context
190,F,"« Lorsqu'un joueur de basketball, de football ou de baseball d'une autre équipe joue au Wisconsin, son salaire pour ce match est assujetti à l'impôt sur le revenu du Wisconsin. … Ainsi, si pour une raison quelconque les Brewers n'étaient plus au Wisconsin, tous les salaires de ces joueurs qui génèrent des revenus pour l'État du Wisconsin disparaîtraient. »",nytimes.com,Journalistic source,Out of context
190,F,"« Lorsqu'un joueur de basketball, de football ou de baseball d'une autre équipe joue au Wisconsin, son salaire pour ce match est assujetti à l'impôt sur le revenu du Wisconsin. … Ainsi, si pour une raison quelconque les Brewers n'étaient plus au Wisconsin, tous les salaires de ces joueurs qui génèrent des revenus pour l'État du Wisconsin disparaîtraient. »",nytimes.com,Journalistic source,Out of context
190,F,"« Lorsqu'un joueur de basketball, de football ou de baseball d'une autre équipe joue au Wisconsin, son salaire pour ce match est assujetti à l'impôt sur le revenu du Wisconsin. … Ainsi, si pour une raison quelconque les Brewers n'étaient plus au Wisconsin, tous les salaires de ces joueurs qui génèrent des revenus pour l'État du Wisconsin disparaîtraient. »",fr.wikipedia.org,Intermediate media,Out of context
190,F,"« Lorsqu'un joueur de basketball, de football ou de baseball d'une autre équipe joue au Wisconsin, son salaire pour ce match est assujetti à l'impôt sur le revenu du Wisconsin. … Ainsi, si pour une raison quelconque les Brewers n'étaient plus au Wisconsin, tous les salaires de ces joueurs qui génèrent des revenus pour l'État du Wisconsin disparaîtraient. »",fr.wikipedia.org,Intermediate media,Out of context
190,F,"« Lorsqu'un joueur de basketball, de football ou de baseball d'une autre équipe joue au Wisconsin, son salaire pour ce match est assujetti à l'impôt sur le revenu du Wisconsin. … Ainsi, si pour une raison quelconque les Brewers n'étaient plus au Wisconsin, tous les salaires de ces joueurs qui génèrent des revenus pour l'État du Wisconsin disparaîtraient. »",fr.wikipedia.org,Intermediate media,Out of context
190,F,"« Lorsqu'un joueur de basketball, de football ou de baseball d'une autre équipe joue au Wisconsin, son salaire pour ce match est assujetti à l'impôt sur le revenu du Wisconsin. … Ainsi, si pour une raison quelconque les Brewers n'étaient plus au Wisconsin, tous les salaires de ces joueurs qui génèrent des revenus pour l'État du Wisconsin disparaîtraient. »",fr.wikipedia.org,Intermediate media,Out of context
190,F,"« Lorsqu'un joueur de basketball, de football ou de baseball d'une autre équipe joue au Wisconsin, son salaire pour ce match est assujetti à l'impôt sur le revenu du Wisconsin. … Ainsi, si pour une raison quelconque les Brewers n'étaient plus au Wisconsin, tous les salaires de ces joueurs qui génèrent des revenus pour l'État du Wisconsin disparaîtraient. »",20minutes.fr,Unclear website,Out of context
190,F,"« Lorsqu'un joueur de basketball, de football ou de baseball d'une autre équipe joue au Wisconsin, son salaire pour ce match est assujetti à l'impôt sur le revenu du Wisconsin. … Ainsi, si pour une raison quelconque les Brewers n'étaient plus au Wisconsin, tous les salaires de ces joueurs qui génèrent des revenus pour l'État du Wisconsin disparaîtraient. »",ici.radio-canada.ca,Government / public institution,Out of context
190,F,"« Lorsqu'un joueur de basketball, de football ou de baseball d'une autre équipe joue au Wisconsin, son salaire pour ce match est assujetti à l'impôt sur le revenu du Wisconsin. … Ainsi, si pour une raison quelconque les Brewers n'étaient plus au Wisconsin, tous les salaires de ces joueurs qui génèrent des revenus pour l'État du Wisconsin disparaîtraient. »",choosenj.com,Unclear website,Out of context
190,F,"« Lorsqu'un joueur de basketball, de football ou de baseball d'une autre équipe joue au Wisconsin, son salaire pour ce match est assujetti à l'impôt sur le revenu du Wisconsin. … Ainsi, si pour une raison quelconque les Brewers n'étaient plus au Wisconsin, tous les salaires de ces joueurs qui génèrent des revenus pour l'État du Wisconsin disparaîtraient. »",marc-lavoie.com,Unclear website,Out of context
190,F,"« Lorsqu'un joueur de basketball, de football ou de baseball d'une autre équipe joue au Wisconsin, son salaire pour ce match est assujetti à l'impôt sur le revenu du Wisconsin. … Ainsi, si pour une raison quelconque les Brewers n'étaient plus au Wisconsin, tous les salaires de ces joueurs qui génèrent des revenus pour l'État du Wisconsin disparaîtraient. »",polisci.wisc.edu,Scientific source,Out of context
190,F,"« Lorsqu'un joueur de basketball, de football ou de baseball d'une autre équipe joue au Wisconsin, son salaire pour ce match est assujetti à l'impôt sur le revenu du Wisconsin. … Ainsi, si pour une raison quelconque les Brewers n'étaient plus au Wisconsin, tous les salaires de ces joueurs qui génèrent des revenus pour l'État du Wisconsin disparaîtraient. »",cn.ca,Unclear website,Out of context
190,F,"« Lorsqu'un joueur de basketball, de football ou de baseball d'une autre équipe joue au Wisconsin, son salaire pour ce match est assujetti à l'impôt sur le revenu du Wisconsin. … Ainsi, si pour une raison quelconque les Brewers n'étaient plus au Wisconsin, tous les salaires de ces joueurs qui génèrent des revenus pour l'État du Wisconsin disparaîtraient. »",basketusa.com,Unclear website,Out of context
190,F,"« Lorsqu'un joueur de basketball, de football ou de baseball d'une autre équipe joue au Wisconsin, son salaire pour ce match est assujetti à l'impôt sur le revenu du Wisconsin. … Ainsi, si pour une raison quelconque les Brewers n'étaient plus au Wisconsin, tous les salaires de ces joueurs qui génèrent des revenus pour l'État du Wisconsin disparaîtraient. »",senat.fr,Unclear website,Out of context
190,F,"« Lorsqu'un joueur de basketball, de football ou de baseball d'une autre équipe joue au Wisconsin, son salaire pour ce match est assujetti à l'impôt sur le revenu du Wisconsin. … Ainsi, si pour une raison quelconque les Brewers n'étaient plus au Wisconsin, tous les salaires de ces joueurs qui génèrent des revenus pour l'État du Wisconsin disparaîtraient. »",archipel.uqam.ca,Unclear website,Out of context
190,F,"« Lorsqu'un joueur de basketball, de football ou de baseball d'une autre équipe joue au Wisconsin, son salaire pour ce match est assujetti à l'impôt sur le revenu du Wisconsin. … Ainsi, si pour une raison quelconque les Brewers n'étaient plus au Wisconsin, tous les salaires de ces joueurs qui génèrent des revenus pour l'État du Wisconsin disparaîtraient. »",sportsmanagementschool....,Unclear website,Out of context
190,F,"« Lorsqu'un joueur de basketball, de football ou de baseball d'une autre équipe joue au Wisconsin, son salaire pour ce match est assujetti à l'impôt sur le revenu du Wisconsin. … Ainsi, si pour une raison quelconque les Brewers n'étaient plus au Wisconsin, tous les salaires de ces joueurs qui génèrent des revenus pour l'État du Wisconsin disparaîtraient. »",theses.hal.science,Scientific source,Out of context
190,F,"« Lorsqu'un joueur de basketball, de football ou de baseball d'une autre équipe joue au Wisconsin, son salaire pour ce match est assujetti à l'impôt sur le revenu du Wisconsin. … Ainsi, si pour une raison quelconque les Brewers n'étaient plus au Wisconsin, tous les salaires de ces joueurs qui génèrent des revenus pour l'État du Wisconsin disparaîtraient. »",openknowledge.worldbank.org...,Unclear website,Out of context
190,F,"« Lorsqu'un joueur de basketball, de football ou de baseball d'une autre équipe joue au Wisconsin, son salaire pour ce match est assujetti à l'impôt sur le revenu du Wisconsin. … Ainsi, si pour une raison quelconque les Brewers n'étaient plus au Wisconsin, tous les salaires de ces joueurs qui génèrent des revenus pour l'État du Wisconsin disparaîtraient. »",parisschoolofeconomics....,Unclear website,Out of context
190,F,"« Lorsqu'un joueur de basketball, de football ou de baseball d'une autre équipe joue au Wisconsin, son salaire pour ce match est assujetti à l'impôt sur le revenu du Wisconsin. … Ainsi, si pour une raison quelconque les Brewers n'étaient plus au Wisconsin, tous les salaires de ces joueurs qui génèrent des revenus pour l'État du Wisconsin disparaîtraient. »",publications.gc.ca,Government / public institution,Out of context
190,F,"« Lorsqu'un joueur de basketball, de football ou de baseball d'une autre équipe joue au Wisconsin, son salaire pour ce match est assujetti à l'impôt sur le revenu du Wisconsin. … Ainsi, si pour une raison quelconque les Brewers n'étaient plus au Wisconsin, tous les salaires de ces joueurs qui génèrent des revenus pour l'État du Wisconsin disparaîtraient. »",theses.hal.science,Scientific source,Out of context
190,F,"« Lorsqu'un joueur de basketball, de football ou de baseball d'une autre équipe joue au Wisconsin, son salaire pour ce match est assujetti à l'impôt sur le revenu du Wisconsin. … Ainsi, si pour une raison quelconque les Brewers n'étaient plus au Wisconsin, tous les salaires de ces joueurs qui génèrent des revenus pour l'État du Wisconsin disparaîtraient. »",shs.hal.science,Scientific source,Out of context
190,F,"« Lorsqu'un joueur de basketball, de football ou de baseball d'une autre équipe joue au Wisconsin, son salaire pour ce match est assujetti à l'impôt sur le revenu du Wisconsin. … Ainsi, si pour une raison quelconque les Brewers n'étaient plus au Wisconsin, tous les salaires de ces joueurs qui génèrent des revenus pour l'État du Wisconsin disparaîtraient. »",mae.gouvernement.lu,Unclear website,Out of context
190,F,"« Lorsqu'un joueur de basketball, de football ou de baseball d'une autre équipe joue au Wisconsin, son salaire pour ce match est assujetti à l'impôt sur le revenu du Wisconsin. … Ainsi, si pour une raison quelconque les Brewers n'étaient plus au Wisconsin, tous les salaires de ces joueurs qui génèrent des revenus pour l'État du Wisconsin disparaîtraient. »",senat.fr,Unclear website,Out of context
190,F,"« Lorsqu'un joueur de basketball, de football ou de baseball d'une autre équipe joue au Wisconsin, son salaire pour ce match est assujetti à l'impôt sur le revenu du Wisconsin. … Ainsi, si pour une raison quelconque les Brewers n'étaient plus au Wisconsin, tous les salaires de ces joueurs qui génèrent des revenus pour l'État du Wisconsin disparaîtraient. »",icj-cij.org,Unclear website,Out of context
190,F,"« Lorsqu'un joueur de basketball, de football ou de baseball d'une autre équipe joue au Wisconsin, son salaire pour ce match est assujetti à l'impôt sur le revenu du Wisconsin. … Ainsi, si pour une raison quelconque les Brewers n'étaient plus au Wisconsin, tous les salaires de ces joueurs qui génèrent des revenus pour l'État du Wisconsin disparaîtraient. »",sip.gouvernement.lu,Unclear website,Out of context
191,E,"“If you need Girl Scout cookies this year and don’t have a local troop to support, please consider buying from Troop 6000, which is entirely made up of girls living in NYC’s homeless shelters.”",abc7ny.com,Unclear website,Partially relevant
191,E,"“If you need Girl Scout cookies this year and don’t have a local troop to support, please consider buying from Troop 6000, which is entirely made up of girls living in NYC’s homeless shelters.”",abcnews.com,Journalistic source,Partially relevant
191,E,"“If you need Girl Scout cookies this year and don’t have a local troop to support, please consider buying from Troop 6000, which is entirely made up of girls living in NYC’s homeless shelters.”",brooklynnw.macaronikid.com,Unclear website,Out of context
191,E,"“If you need Girl Scout cookies this year and don’t have a local troop to support, please consider buying from Troop 6000, which is entirely made up of girls living in NYC’s homeless shelters.”",girlscoutsnyc.org,Unclear website,Out of context
191,E,"“If you need Girl Scout cookies this year and don’t have a local troop to support, please consider buying from Troop 6000, which is entirely made up of girls living in NYC’s homeless shelters.”",girlscoutsnyc.org,Unclear website,Out of context
191,E,"“If you need Girl Scout cookies this year and don’t have a local troop to support, please consider buying from Troop 6000, which is entirely made up of girls living in NYC’s homeless shelters.”",girlscoutsnyc.org,Unclear website,Partially relevant
191,E,"“If you need Girl Scout cookies this year and don’t have a local troop to support, please consider buying from Troop 6000, which is entirely made up of girls living in NYC’s homeless shelters.”",smileymovement.org,Unclear website,Partially relevant
191,E,"“If you need Girl Scout cookies this year and don’t have a local troop to support, please consider buying from Troop 6000, which is entirely made up of girls living in NYC’s homeless shelters.”",greenwaymortgage.com,Unclear website,Partially relevant
191,E,"“If you need Girl Scout cookies this year and don’t have a local troop to support, please consider buying from Troop 6000, which is entirely made up of girls living in NYC’s homeless shelters.”",threads.com,Unclear website,Partially relevant
191,E,"“If you need Girl Scout cookies this year and don’t have a local troop to support, please consider buying from Troop 6000, which is entirely made up of girls living in NYC’s homeless shelters.”",nyc.gov,Government / public institution,Partially relevant
191,E,"“If you need Girl Scout cookies this year and don’t have a local troop to support, please consider buying from Troop 6000, which is entirely made up of girls living in NYC’s homeless shelters.”",qgazette.com,Journalistic source,Out of context
192,F,"« Si vous avez besoin de biscuits Girl Scouts cette année et que vous n'avez pas de troupe locale à soutenir, pensez à acheter ceux de la troupe 6000, qui est entièrement composée de filles vivant dans des refuges pour sans-abri à New York. »",hal.science,Scientific source,Out of context
192,F,"« Si vous avez besoin de biscuits Girl Scouts cette année et que vous n'avez pas de troupe locale à soutenir, pensez à acheter ceux de la troupe 6000, qui est entièrement composée de filles vivant dans des refuges pour sans-abri à New York. »",theses.hal.science,Scientific source,Out of context
192,F,"« Si vous avez besoin de biscuits Girl Scouts cette année et que vous n'avez pas de troupe locale à soutenir, pensez à acheter ceux de la troupe 6000, qui est entièrement composée de filles vivant dans des refuges pour sans-abri à New York. »",gov.mb.ca,Unclear website,Out of context
192,F,"« Si vous avez besoin de biscuits Girl Scouts cette année et que vous n'avez pas de troupe locale à soutenir, pensez à acheter ceux de la troupe 6000, qui est entièrement composée de filles vivant dans des refuges pour sans-abri à New York. »",svn.spraakdata.gu.se,Unclear website,Out of context
192,F,"« Si vous avez besoin de biscuits Girl Scouts cette année et que vous n'avez pas de troupe locale à soutenir, pensez à acheter ceux de la troupe 6000, qui est entièrement composée de filles vivant dans des refuges pour sans-abri à New York. »",jacaranda.fr,Unclear website,Out of context
192,F,"« Si vous avez besoin de biscuits Girl Scouts cette année et que vous n'avez pas de troupe locale à soutenir, pensez à acheter ceux de la troupe 6000, qui est entièrement composée de filles vivant dans des refuges pour sans-abri à New York. »",theses.hal.science,Scientific source,Out of context
192,F,"« Si vous avez besoin de biscuits Girl Scouts cette année et que vous n'avez pas de troupe locale à soutenir, pensez à acheter ceux de la troupe 6000, qui est entièrement composée de filles vivant dans des refuges pour sans-abri à New York. »",fr.scribd.com,Intermediate media,Out of context
192,F,"« Si vous avez besoin de biscuits Girl Scouts cette année et que vous n'avez pas de troupe locale à soutenir, pensez à acheter ceux de la troupe 6000, qui est entièrement composée de filles vivant dans des refuges pour sans-abri à New York. »",scholar.lib.vt.edu,Scientific source,Out of context
192,F,"« Si vous avez besoin de biscuits Girl Scouts cette année et que vous n'avez pas de troupe locale à soutenir, pensez à acheter ceux de la troupe 6000, qui est entièrement composée de filles vivant dans des refuges pour sans-abri à New York. »",unfpa.org,Unclear website,Out of context
192,F,"« Si vous avez besoin de biscuits Girl Scouts cette année et que vous n'avez pas de troupe locale à soutenir, pensez à acheter ceux de la troupe 6000, qui est entièrement composée de filles vivant dans des refuges pour sans-abri à New York. »",scispace.com,Unclear website,Out of context
192,F,"« Si vous avez besoin de biscuits Girl Scouts cette année et que vous n'avez pas de troupe locale à soutenir, pensez à acheter ceux de la troupe 6000, qui est entièrement composée de filles vivant dans des refuges pour sans-abri à New York. »",histoiremhm.org,Unclear website,Out of context
192,F,"« Si vous avez besoin de biscuits Girl Scouts cette année et que vous n'avez pas de troupe locale à soutenir, pensez à acheter ceux de la troupe 6000, qui est entièrement composée de filles vivant dans des refuges pour sans-abri à New York. »",numerique.banq.qc.ca,Unclear website,Out of context
192,F,"« Si vous avez besoin de biscuits Girl Scouts cette année et que vous n'avez pas de troupe locale à soutenir, pensez à acheter ceux de la troupe 6000, qui est entièrement composée de filles vivant dans des refuges pour sans-abri à New York. »",idrc-crdi.ca,Unclear website,Out of context
192,F,"« Si vous avez besoin de biscuits Girl Scouts cette année et que vous n'avez pas de troupe locale à soutenir, pensez à acheter ceux de la troupe 6000, qui est entièrement composée de filles vivant dans des refuges pour sans-abri à New York. »",difesa.it,Unclear website,Out of context
192,F,"« Si vous avez besoin de biscuits Girl Scouts cette année et que vous n'avez pas de troupe locale à soutenir, pensez à acheter ceux de la troupe 6000, qui est entièrement composée de filles vivant dans des refuges pour sans-abri à New York. »",publications.gc.ca,Government / public institution,Out of context
192,F,"« Si vous avez besoin de biscuits Girl Scouts cette année et que vous n'avez pas de troupe locale à soutenir, pensez à acheter ceux de la troupe 6000, qui est entièrement composée de filles vivant dans des refuges pour sans-abri à New York. »",archivesdemontreal.ica-atom...,Unclear website,Out of context
192,F,"« Si vous avez besoin de biscuits Girl Scouts cette année et que vous n'avez pas de troupe locale à soutenir, pensez à acheter ceux de la troupe 6000, qui est entièrement composée de filles vivant dans des refuges pour sans-abri à New York. »",ethnozootechnie.org,Unclear website,Out of context
192,F,"« Si vous avez besoin de biscuits Girl Scouts cette année et que vous n'avez pas de troupe locale à soutenir, pensez à acheter ceux de la troupe 6000, qui est entièrement composée de filles vivant dans des refuges pour sans-abri à New York. »",umoncton.ca,Unclear website,Out of context
193,E,“Joe Biden was older on his first day as president than Ronald Reagan was on his last day.”,pewresearch.org,Scientific source,Partially relevant
193,E,“Joe Biden was older on his first day as president than Ronald Reagan was on his last day.”,congress.gov,Government / public institution,Out of context
193,E,“Joe Biden was older on his first day as president than Ronald Reagan was on his last day.”,history.house.gov,Government / public institution,Out of context
193,E,“Joe Biden was older on his first day as president than Ronald Reagan was on his last day.”,usatoday.com,Journalistic source,Relevant
193,E,“Joe Biden was older on his first day as president than Ronald Reagan was on his last day.”,poynter.org,Unclear website,Relevant
193,E,“Joe Biden was older on his first day as president than Ronald Reagan was on his last day.”,cbsnews.com,Journalistic source,Partially relevant
193,E,“Joe Biden was older on his first day as president than Ronald Reagan was on his last day.”,historynewsnetwork.org,Unclear website,Out of context
193,E,“Joe Biden was older on his first day as president than Ronald Reagan was on his last day.”,en.wikipedia.org,Intermediate media,Partially relevant
193,E,“Joe Biden was older on his first day as president than Ronald Reagan was on his last day.”,en.wikipedia.org,Intermediate media,Out of context
193,E,“Joe Biden was older on his first day as president than Ronald Reagan was on his last day.”,aljazeera.com,Journalistic source,Partially relevant
193,E,“Joe Biden was older on his first day as president than Ronald Reagan was on his last day.”,abc7news.com,Journalistic source,Relevant
193,E,“Joe Biden was older on his first day as president than Ronald Reagan was on his last day.”,static.heritage.org,Unclear website,Out of context
193,E,“Joe Biden was older on his first day as president than Ronald Reagan was on his last day.”,presidentsusa.net,Unclear website,Partially relevant
193,E,“Joe Biden was older on his first day as president than Ronald Reagan was on his last day.”,australianpolitics.com,Unclear website,Partially relevant
193,E,“Joe Biden was older on his first day as president than Ronald Reagan was on his last day.”,amarkfoundation.org,Unclear website,Out of context
193,E,“Joe Biden was older on his first day as president than Ronald Reagan was on his last day.”,digitalcommons.colby.edu,Scientific source,Out of context
193,E,“Joe Biden was older on his first day as president than Ronald Reagan was on his last day.”,excessofdemocracy.com,Unclear website,Out of context
193,E,“Joe Biden was older on his first day as president than Ronald Reagan was on his last day.”,tnsr.org,Unclear website,Out of context
193,E,“Joe Biden was older on his first day as president than Ronald Reagan was on his last day.”,reaganlibrary.gov,Government / public institution,Partially relevant
193,E,“Joe Biden was older on his first day as president than Ronald Reagan was on his last day.”,it.usembassy.gov,Government / public institution,Partially relevant
193,E,“Joe Biden was older on his first day as president than Ronald Reagan was on his last day.”,dicktofel.substack.com,Unclear website,Relevant
194,F,« Joe Biden était plus âgé lors de son premier jour en tant que président que Ronald Reagan ne l'était lors de son dernier jour. »,bbc.com,Journalistic source,Partially relevant
194,F,« Joe Biden était plus âgé lors de son premier jour en tant que président que Ronald Reagan ne l'était lors de son dernier jour. »,bbc.com,Journalistic source,Partially relevant
194,F,« Joe Biden était plus âgé lors de son premier jour en tant que président que Ronald Reagan ne l'était lors de son dernier jour. »,fr.wikipedia.org,Intermediate media,Partially relevant
194,F,« Joe Biden était plus âgé lors de son premier jour en tant que président que Ronald Reagan ne l'était lors de son dernier jour. »,fr.wikipedia.org,Intermediate media,Partially relevant
194,F,« Joe Biden était plus âgé lors de son premier jour en tant que président que Ronald Reagan ne l'était lors de son dernier jour. »,lesechos.fr,Unclear website,Relevant
194,F,« Joe Biden était plus âgé lors de son premier jour en tant que président que Ronald Reagan ne l'était lors de son dernier jour. »,lesjours.fr,Unclear website,Out of context
194,F,« Joe Biden était plus âgé lors de son premier jour en tant que président que Ronald Reagan ne l'était lors de son dernier jour. »,philomag.com,Unclear website,Partially relevant
194,F,« Joe Biden était plus âgé lors de son premier jour en tant que président que Ronald Reagan ne l'était lors de son dernier jour. »,blog.juspoliticum.com,Unclear website,Out of context
194,F,« Joe Biden était plus âgé lors de son premier jour en tant que président que Ronald Reagan ne l'était lors de son dernier jour. »,archive-share.america.gov,Government / public institution,Out of context
194,F,« Joe Biden était plus âgé lors de son premier jour en tant que président que Ronald Reagan ne l'était lors de son dernier jour. »,voaafrique.com,Unclear website,Out of context
194,F,« Joe Biden était plus âgé lors de son premier jour en tant que président que Ronald Reagan ne l'était lors de son dernier jour. »,perspective.usherbrooke.ca,Unclear website,Partially relevant
194,F,« Joe Biden était plus âgé lors de son premier jour en tant que président que Ronald Reagan ne l'était lors de son dernier jour. »,perspective.usherbrooke.ca,Unclear website,Out of context
194,F,« Joe Biden était plus âgé lors de son premier jour en tant que président que Ronald Reagan ne l'était lors de son dernier jour. »,perspective.usherbrooke.ca,Unclear website,Partially relevant
194,F,« Joe Biden était plus âgé lors de son premier jour en tant que président que Ronald Reagan ne l'était lors de son dernier jour. »,axl.cefan.ulaval.ca,Unclear website,Partially relevant
194,F,« Joe Biden était plus âgé lors de son premier jour en tant que président que Ronald Reagan ne l'était lors de son dernier jour. »,pointdevue.fr,Unclear website,Partially relevant
194,F,« Joe Biden était plus âgé lors de son premier jour en tant que président que Ronald Reagan ne l'était lors de son dernier jour. »,lumni.fr,Unclear website,Partially relevant
194,F,« Joe Biden était plus âgé lors de son premier jour en tant que président que Ronald Reagan ne l'était lors de son dernier jour. »,thucydide.com,Unclear website,Out of context
194,F,« Joe Biden était plus âgé lors de son premier jour en tant que président que Ronald Reagan ne l'était lors de son dernier jour. »,mjp.univ-perp.fr,Unclear website,Out of context
194,F,« Joe Biden était plus âgé lors de son premier jour en tant que président que Ronald Reagan ne l'était lors de son dernier jour. »,hal.science,Scientific source,Out of context
194,F,« Joe Biden était plus âgé lors de son premier jour en tant que président que Ronald Reagan ne l'était lors de son dernier jour. »,herodote.net,Unclear website,Partially relevant
195,E,“Many law enforcement agencies didn’t submit their (hate crime) data to the FBI.”,themarshallproject.org,Unclear website,Relevant
195,E,“Many law enforcement agencies didn’t submit their (hate crime) data to the FBI.”,beyer.house.gov,Government / public institution,Relevant
195,E,“Many law enforcement agencies didn’t submit their (hate crime) data to the FBI.”,clerycenter.org,Unclear website,Partially relevant
195,E,“Many law enforcement agencies didn’t submit their (hate crime) data to the FBI.”,le.fbi.gov,Government / public institution,Partially relevant
195,E,“Many law enforcement agencies didn’t submit their (hate crime) data to the FBI.”,cde.ucr.cjis.gov,Government / public institution,Partially relevant
195,E,“Many law enforcement agencies didn’t submit their (hate crime) data to the FBI.”,fbi.gov,Government / public institution,Relevant
195,E,“Many law enforcement agencies didn’t submit their (hate crime) data to the FBI.”,fbi.gov,Government / public institution,Relevant
195,E,“Many law enforcement agencies didn’t submit their (hate crime) data to the FBI.”,ucr.fbi.gov,Government / public institution,Partially relevant
195,E,“Many law enforcement agencies didn’t submit their (hate crime) data to the FBI.”,justice.gov,Government / public institution,Partially relevant
195,E,“Many law enforcement agencies didn’t submit their (hate crime) data to the FBI.”,ucr.fbi.gov,Government / public institution,Partially relevant
195,E,“Many law enforcement agencies didn’t submit their (hate crime) data to the FBI.”,hirono.senate.gov,Government / public institution,Partially relevant
195,E,“Many law enforcement agencies didn’t submit their (hate crime) data to the FBI.”,advancingjustice-aajc.o...,Unclear website,Partially relevant
195,E,“Many law enforcement agencies didn’t submit their (hate crime) data to the FBI.”,justice.gov,Government / public institution,Partially relevant
195,E,“Many law enforcement agencies didn’t submit their (hate crime) data to the FBI.”,ucr.fbi.gov,Government / public institution,Relevant
195,E,“Many law enforcement agencies didn’t submit their (hate crime) data to the FBI.”,ucr.fbi.gov,Government / public institution,Relevant
195,E,“Many law enforcement agencies didn’t submit their (hate crime) data to the FBI.”,le.fbi.gov,Government / public institution,Partially relevant
195,E,“Many law enforcement agencies didn’t submit their (hate crime) data to the FBI.”,civilrights.justice.gov,Government / public institution,Partially relevant
195,E,“Many law enforcement agencies didn’t submit their (hate crime) data to the FBI.”,ncsbi.gov,Government / public institution,Partially relevant
195,E,“Many law enforcement agencies didn’t submit their (hate crime) data to the FBI.”,vsp.virginia.gov,Government / public institution,Partially relevant
195,E,“Many law enforcement agencies didn’t submit their (hate crime) data to the FBI.”,fbi.gov,Government / public institution,Partially relevant
195,E,“Many law enforcement agencies didn’t submit their (hate crime) data to the FBI.”,openjustice.doj.ca.gov,Government / public institution,Relevant
196,F,« De nombreux organismes d'application de la loi n'ont pas transmis leurs données sur les crimes haineux au FBI. »,hrw.org,Unclear website,Partially relevant
196,F,« De nombreux organismes d'application de la loi n'ont pas transmis leurs données sur les crimes haineux au FBI. »,fr.wikipedia.org,Intermediate media,Out of context
196,F,« De nombreux organismes d'application de la loi n'ont pas transmis leurs données sur les crimes haineux au FBI. »,fr.wikipedia.org,Intermediate media,Out of context
196,F,« De nombreux organismes d'application de la loi n'ont pas transmis leurs données sur les crimes haineux au FBI. »,ici.radio-canada.ca,Government / public institution,Out of context
196,F,« De nombreux organismes d'application de la loi n'ont pas transmis leurs données sur les crimes haineux au FBI. »,ici.radio-canada.ca,Government / public institution,Out of context
196,F,« De nombreux organismes d'application de la loi n'ont pas transmis leurs données sur les crimes haineux au FBI. »,dumas.ccsd.cnrs.fr,Unclear website,Out of context
196,F,« De nombreux organismes d'application de la loi n'ont pas transmis leurs données sur les crimes haineux au FBI. »,svn.spraakdata.gu.se,Unclear website,Out of context
196,F,« De nombreux organismes d'application de la loi n'ont pas transmis leurs données sur les crimes haineux au FBI. »,assemblee-nationale.fr,Government / public institution,Out of context
196,F,« De nombreux organismes d'application de la loi n'ont pas transmis leurs données sur les crimes haineux au FBI. »,senat.fr,Unclear website,Out of context
196,F,« De nombreux organismes d'application de la loi n'ont pas transmis leurs données sur les crimes haineux au FBI. »,itu.int,Unclear website,Out of context
196,F,« De nombreux organismes d'application de la loi n'ont pas transmis leurs données sur les crimes haineux au FBI. »,www2.assemblee-nationale.fr...,Government / public institution,Out of context
196,F,« De nombreux organismes d'application de la loi n'ont pas transmis leurs données sur les crimes haineux au FBI. »,gendarmerie.interieur.g...,Unclear website,Out of context
196,F,« De nombreux organismes d'application de la loi n'ont pas transmis leurs données sur les crimes haineux au FBI. »,fondapol.org,Unclear website,Out of context
196,F,« De nombreux organismes d'application de la loi n'ont pas transmis leurs données sur les crimes haineux au FBI. »,iro.umontreal.ca,Unclear website,Out of context
196,F,« De nombreux organismes d'application de la loi n'ont pas transmis leurs données sur les crimes haineux au FBI. »,senat.fr,Unclear website,Out of context
196,F,« De nombreux organismes d'application de la loi n'ont pas transmis leurs données sur les crimes haineux au FBI. »,eur-lex.europa.eu,International organization,Out of context
196,F,« De nombreux organismes d'application de la loi n'ont pas transmis leurs données sur les crimes haineux au FBI. »,cdn.osce.org,Unclear website,Out of context
196,F,« De nombreux organismes d'application de la loi n'ont pas transmis leurs données sur les crimes haineux au FBI. »,un.org,International organization,Out of context
196,F,« De nombreux organismes d'application de la loi n'ont pas transmis leurs données sur les crimes haineux au FBI. »,irb-cisr.gc.ca,Government / public institution,Out of context
196,F,« De nombreux organismes d'application de la loi n'ont pas transmis leurs données sur les crimes haineux au FBI. »,unodc.org,International organization,Out of context
196,F,« De nombreux organismes d'application de la loi n'ont pas transmis leurs données sur les crimes haineux au FBI. »,ruor.uottawa.ca,Unclear website,Partially relevant
196,F,« De nombreux organismes d'application de la loi n'ont pas transmis leurs données sur les crimes haineux au FBI. »,assets.publishing.service.g...,Unclear website,Out of context
196,F,« De nombreux organismes d'application de la loi n'ont pas transmis leurs données sur les crimes haineux au FBI. »,actu-juridique.fr,Unclear website,Out of context
196,F,« De nombreux organismes d'application de la loi n'ont pas transmis leurs données sur les crimes haineux au FBI. »,senat.fr,Unclear website,Out of context
196,F,« De nombreux organismes d'application de la loi n'ont pas transmis leurs données sur les crimes haineux au FBI. »,fimeco-walter-allinial....,Unclear website,Out of context
196,F,« De nombreux organismes d'application de la loi n'ont pas transmis leurs données sur les crimes haineux au FBI. »,fr.scribd.com,Intermediate media,Out of context
197,E,“WOW county swing suburban voters (in Wisconsin) don’t vote for Donald Trump.”,nature.com,Scientific source,Out of context
197,E,“WOW county swing suburban voters (in Wisconsin) don’t vote for Donald Trump.”,npr.org,Journalistic source,Partially relevant
197,E,“WOW county swing suburban voters (in Wisconsin) don’t vote for Donald Trump.”,npr.org,Journalistic source,Partially relevant
197,E,“WOW county swing suburban voters (in Wisconsin) don’t vote for Donald Trump.”,bbc.com,Journalistic source,Out of context
197,E,“WOW county swing suburban voters (in Wisconsin) don’t vote for Donald Trump.”,jsonline.com,Unclear website,Partially relevant
197,E,“WOW county swing suburban voters (in Wisconsin) don’t vote for Donald Trump.”,brookings.edu,Scientific source,Partially relevant
197,E,“WOW county swing suburban voters (in Wisconsin) don’t vote for Donald Trump.”,pbs.org,Journalistic source,Partially relevant
197,E,“WOW county swing suburban voters (in Wisconsin) don’t vote for Donald Trump.”,pbs.org,Journalistic source,Partially relevant
197,E,“WOW county swing suburban voters (in Wisconsin) don’t vote for Donald Trump.”,nbcnews.com,Journalistic source,Out of context
197,E,“WOW county swing suburban voters (in Wisconsin) don’t vote for Donald Trump.”,en.wikipedia.org,Intermediate media,Partially relevant
197,E,“WOW county swing suburban voters (in Wisconsin) don’t vote for Donald Trump.”,abcnews.com,Journalistic source,Partially relevant
197,E,“WOW county swing suburban voters (in Wisconsin) don’t vote for Donald Trump.”,wpr.org,Unclear website,Relevant
197,E,“WOW county swing suburban voters (in Wisconsin) don’t vote for Donald Trump.”,wpr.org,Unclear website,Partially relevant
197,E,“WOW county swing suburban voters (in Wisconsin) don’t vote for Donald Trump.”,aei.org,Unclear website,Out of context
197,E,“WOW county swing suburban voters (in Wisconsin) don’t vote for Donald Trump.”,wuwm.com,Unclear website,Partially relevant
197,E,“WOW county swing suburban voters (in Wisconsin) don’t vote for Donald Trump.”,split-ticket.org,Unclear website,Partially relevant
197,E,“WOW county swing suburban voters (in Wisconsin) don’t vote for Donald Trump.”,split-ticket.org,Unclear website,Partially relevant
197,E,“WOW county swing suburban voters (in Wisconsin) don’t vote for Donald Trump.”,pollsandvotes.com,Unclear website,Partially relevant
197,E,“WOW county swing suburban voters (in Wisconsin) don’t vote for Donald Trump.”,ema.europa.eu,International organization,Out of context
197,E,“WOW county swing suburban voters (in Wisconsin) don’t vote for Donald Trump.”,nysenate.gov,Government / public institution,Out of context
197,E,“WOW county swing suburban voters (in Wisconsin) don’t vote for Donald Trump.”,aspe.hhs.gov,Government / public institution,Out of context
197,E,“WOW county swing suburban voters (in Wisconsin) don’t vote for Donald Trump.”,sciencespo.fr,Unclear website,Out of context
197,E,“WOW county swing suburban voters (in Wisconsin) don’t vote for Donald Trump.”,defence-industry-space.ec.e...,Unclear website,Out of context
197,E,“WOW county swing suburban voters (in Wisconsin) don’t vote for Donald Trump.”,nysenate.gov,Government / public institution,Out of context
197,E,“WOW county swing suburban voters (in Wisconsin) don’t vote for Donald Trump.”,cpuc.ca.gov,Government / public institution,Out of context
197,E,“WOW county swing suburban voters (in Wisconsin) don’t vote for Donald Trump.”,hhs.gov,Government / public institution,Out of context
197,E,“WOW county swing suburban voters (in Wisconsin) don’t vote for Donald Trump.”,minnstate.edu,Scientific source,Out of context
197,E,“WOW county swing suburban voters (in Wisconsin) don’t vote for Donald Trump.”,apl.wisc.edu,Scientific source,Out of context
197,E,“WOW county swing suburban voters (in Wisconsin) don’t vote for Donald Trump.”,aspistrategist.org.au,Unclear website,Partially relevant
197,E,“WOW county swing suburban voters (in Wisconsin) don’t vote for Donald Trump.”,law.marquette.edu,Scientific source,Out of context
197,E,“WOW county swing suburban voters (in Wisconsin) don’t vote for Donald Trump.”,centerforpolitics.org,Unclear website,Partially relevant
197,E,“WOW county swing suburban voters (in Wisconsin) don’t vote for Donald Trump.”,urbanmilwaukee.com,Unclear website,Partially relevant
197,E,“WOW county swing suburban voters (in Wisconsin) don’t vote for Donald Trump.”,pollsandvotes.com,Unclear website,Partially relevant
198,F,« Les électeurs des banlieues du comté de WOW au Wisconsin ne votent pas pour Donald Trump. »,bbc.com,Journalistic source,Out of context
198,F,« Les électeurs des banlieues du comté de WOW au Wisconsin ne votent pas pour Donald Trump. »,france24.com,Journalistic source,Partially relevant
198,F,« Les électeurs des banlieues du comté de WOW au Wisconsin ne votent pas pour Donald Trump. »,newsguardtech.com,Unclear website,Partially relevant
198,F,« Les électeurs des banlieues du comté de WOW au Wisconsin ne votent pas pour Donald Trump. »,lemonde.fr,Journalistic source,Partially relevant
198,F,« Les électeurs des banlieues du comté de WOW au Wisconsin ne votent pas pour Donald Trump. »,theses.hal.science,Scientific source,Out of context
198,F,« Les électeurs des banlieues du comté de WOW au Wisconsin ne votent pas pour Donald Trump. »,theses.hal.science,Scientific source,Out of context
198,F,« Les électeurs des banlieues du comté de WOW au Wisconsin ne votent pas pour Donald Trump. »,archipel.uqam.ca,Unclear website,Out of context
198,F,« Les électeurs des banlieues du comté de WOW au Wisconsin ne votent pas pour Donald Trump. »,books.openedition.org,Unclear website,Out of context
198,F,« Les électeurs des banlieues du comté de WOW au Wisconsin ne votent pas pour Donald Trump. »,hal.science,Scientific source,Out of context
198,F,« Les électeurs des banlieues du comté de WOW au Wisconsin ne votent pas pour Donald Trump. »,shs.cairn.info,Unclear website,Out of context
198,F,« Les électeurs des banlieues du comté de WOW au Wisconsin ne votent pas pour Donald Trump. »,svn.spraakdata.gu.se,Unclear website,Out of context
198,F,« Les électeurs des banlieues du comté de WOW au Wisconsin ne votent pas pour Donald Trump. »,spectrum.library.concordia....,Unclear website,Out of context
198,F,« Les électeurs des banlieues du comté de WOW au Wisconsin ne votent pas pour Donald Trump. »,lamailloux.com,Unclear website,Out of context
198,F,« Les électeurs des banlieues du comté de WOW au Wisconsin ne votent pas pour Donald Trump. »,shs.hal.science,Scientific source,Out of context
198,F,« Les électeurs des banlieues du comté de WOW au Wisconsin ne votent pas pour Donald Trump. »,hal.science,Scientific source,Out of context
198,F,« Les électeurs des banlieues du comté de WOW au Wisconsin ne votent pas pour Donald Trump. »,depositum.uqat.ca,Unclear website,Out of context
198,F,« Les électeurs des banlieues du comté de WOW au Wisconsin ne votent pas pour Donald Trump. »,iro.umontreal.ca,Unclear website,Out of context
198,F,« Les électeurs des banlieues du comté de WOW au Wisconsin ne votent pas pour Donald Trump. »,numerique.banq.qc.ca,Unclear website,Out of context
198,F,« Les électeurs des banlieues du comté de WOW au Wisconsin ne votent pas pour Donald Trump. »,theses.hal.science,Scientific source,Out of context
198,F,« Les électeurs des banlieues du comté de WOW au Wisconsin ne votent pas pour Donald Trump. »,shs.hal.science,Scientific source,Out of context
198,F,« Les électeurs des banlieues du comté de WOW au Wisconsin ne votent pas pour Donald Trump. »,journals.openedition.org,Unclear website,Partially relevant
198,F,« Les électeurs des banlieues du comté de WOW au Wisconsin ne votent pas pour Donald Trump. »,publications-prairial.fr,Unclear website,Out of context
198,F,« Les électeurs des banlieues du comté de WOW au Wisconsin ne votent pas pour Donald Trump. »,archipel.uqam.ca,Unclear website,Partially relevant
198,F,« Les électeurs des banlieues du comté de WOW au Wisconsin ne votent pas pour Donald Trump. »,sciencespo.fr,Unclear website,Partially relevant
198,F,« Les électeurs des banlieues du comté de WOW au Wisconsin ne votent pas pour Donald Trump. »,jean-jaures.org,Unclear website,Out of context
198,F,« Les électeurs des banlieues du comté de WOW au Wisconsin ne votent pas pour Donald Trump. »,svn.apache.org,Unclear website,Out of context
198,F,« Les électeurs des banlieues du comté de WOW au Wisconsin ne votent pas pour Donald Trump. »,downloads.cs.stanford.edu,Scientific source,Out of context
198,F,« Les électeurs des banlieues du comté de WOW au Wisconsin ne votent pas pour Donald Trump. »,numerique.banq.qc.ca,Unclear website,Out of context
198,F,« Les électeurs des banlieues du comté de WOW au Wisconsin ne votent pas pour Donald Trump. »,numerique.banq.qc.ca,Unclear website,Out of context
198,F,« Les électeurs des banlieues du comté de WOW au Wisconsin ne votent pas pour Donald Trump. »,fr.scribd.com,Intermediate media,Out of context
198,F,« Les électeurs des banlieues du comté de WOW au Wisconsin ne votent pas pour Donald Trump. »,fr.scribd.com,Intermediate media,Out of context
198,F,« Les électeurs des banlieues du comté de WOW au Wisconsin ne votent pas pour Donald Trump. »,opus.lib.uts.edu.au,Scientific source,Out of context
199,E,Manhattan District Attorney Alvin Bragg “has downgraded over 50% of the felonies to misdemeanors.”,npr.org,Journalistic source,Partially relevant
199,E,Manhattan District Attorney Alvin Bragg “has downgraded over 50% of the felonies to misdemeanors.”,congress.gov,Government / public institution,Relevant
199,E,Manhattan District Attorney Alvin Bragg “has downgraded over 50% of the felonies to misdemeanors.”,judiciary.house.gov,Government / public institution,Relevant
199,E,Manhattan District Attorney Alvin Bragg “has downgraded over 50% of the felonies to misdemeanors.”,judiciary.house.gov,Government / public institution,Relevant
199,E,Manhattan District Attorney Alvin Bragg “has downgraded over 50% of the felonies to misdemeanors.”,politifact.com,Journalistic source,Relevant
199,E,Manhattan District Attorney Alvin Bragg “has downgraded over 50% of the felonies to misdemeanors.”,nytimes.com,Journalistic source,Relevant
199,E,Manhattan District Attorney Alvin Bragg “has downgraded over 50% of the felonies to misdemeanors.”,nbcnewyork.com,Unclear website,Relevant
199,E,Manhattan District Attorney Alvin Bragg “has downgraded over 50% of the felonies to misdemeanors.”,nbcnewyork.com,Unclear website,Relevant
199,E,Manhattan District Attorney Alvin Bragg “has downgraded over 50% of the felonies to misdemeanors.”,nypost.com,Journalistic source,Partially relevant
199,E,Manhattan District Attorney Alvin Bragg “has downgraded over 50% of the felonies to misdemeanors.”,nypost.com,Journalistic source,Partially relevant
199,E,Manhattan District Attorney Alvin Bragg “has downgraded over 50% of the felonies to misdemeanors.”,cord-levin-center.org,Unclear website,Relevant
199,E,Manhattan District Attorney Alvin Bragg “has downgraded over 50% of the felonies to misdemeanors.”,tandfonline.com,Scientific source,Partially relevant
199,E,Manhattan District Attorney Alvin Bragg “has downgraded over 50% of the felonies to misdemeanors.”,govinfo.gov,Government / public institution,Partially relevant
199,E,Manhattan District Attorney Alvin Bragg “has downgraded over 50% of the felonies to misdemeanors.”,manhattan.institute,Unclear website,Partially relevant
199,E,Manhattan District Attorney Alvin Bragg “has downgraded over 50% of the felonies to misdemeanors.”,datacollaborativeforjustice...,Unclear website,Out of context
200,F,"Le procureur du district de Manhattan, Alvin Bragg, « a requalifié plus de 50 % des crimes en délits ».",fr.scribd.com,Intermediate media,Out of context
200,F,"Le procureur du district de Manhattan, Alvin Bragg, « a requalifié plus de 50 % des crimes en délits ».",svn.spraakdata.gu.se,Unclear website,Out of context