ID,LG,Claim,Sources,Source Type,Source Relevance
1,E,There was vandalism at the Reflecting Pool.,reuters.com,Journalistic source,
1,E,There was vandalism at the Reflecting Pool.,npr.org,Journalistic source,
1,E,There was vandalism at the Reflecting Pool.,npr.org,Journalistic source,
1,E,There was vandalism at the Reflecting Pool.,factcheck.org,Journalistic source,
1,E,There was vandalism at the Reflecting Pool.,axios.com,Intermediate media,
1,E,There was vandalism at the Reflecting Pool.,pbs.org,Intermediate media,
1,E,There was vandalism at the Reflecting Pool.,pbs.org,Intermediate media,
1,E,There was vandalism at the Reflecting Pool.,pbs.org,Intermediate media,
1,E,There was vandalism at the Reflecting Pool.,politico.com,Journalistic source,
1,E,There was vandalism at the Reflecting Pool.,nytimes.com,Journalistic source,
1,E,There was vandalism at the Reflecting Pool.,nytimes.com,Journalistic source,
1,E,There was vandalism at the Reflecting Pool.,nytimes.com,Journalistic source,
1,E,There was vandalism at the Reflecting Pool.,cnbc.com,Journalistic source,
1,E,There was vandalism at the Reflecting Pool.,nbcnews.com,Journalistic source,
1,E,There was vandalism at the Reflecting Pool.,nbcwashington.com,Journalistic source,
1,E,There was vandalism at the Reflecting Pool.,theguardian.com,Journalistic source,
1,E,There was vandalism at the Reflecting Pool.,theguardian.com,Journalistic source,
1,E,There was vandalism at the Reflecting Pool.,abcnews.com,Journalistic source,
1,E,There was vandalism at the Reflecting Pool.,abcnews.com,Journalistic source,
1,E,There was vandalism at the Reflecting Pool.,abcnews.com,Journalistic source,
1,E,There was vandalism at the Reflecting Pool.,cnn.com,Journalistic source,
1,E,There was vandalism at the Reflecting Pool.,wbur.org,Podcast description,
1,E,There was vandalism at the Reflecting Pool.,support.trustwave.com,Intermediate media,
1,E,There was vandalism at the Reflecting Pool.,smartsolar.com.tr,Intermediate media,
2,F,Il y a eu du vandalisme au Reflecting Pool.,journaldemontreal.com,Journalistic source,
2,F,Il y a eu du vandalisme au Reflecting Pool.,leparisien.fr,Journalistic source,
2,F,Il y a eu du vandalisme au Reflecting Pool.,tf1info.fr,Journalistic source,Relevant
2,F,Il y a eu du vandalisme au Reflecting Pool.,tf1info.fr,Journalistic source,
2,F,Il y a eu du vandalisme au Reflecting Pool.,tvanouvelles.ca,Journalistic source,
2,F,Il y a eu du vandalisme au Reflecting Pool.,lefigaro.fr,Journalistic source,
2,F,Il y a eu du vandalisme au Reflecting Pool.,letemps.ch,Journalistic source,
2,F,Il y a eu du vandalisme au Reflecting Pool.,gazette.gc.ca,Local organization,
2,F,Il y a eu du vandalisme au Reflecting Pool.,gwa.ac.ma,Intermediate media,
2,F,Il y a eu du vandalisme au Reflecting Pool.,openscholar.uga.edu,Scientific source,
2,F,Il y a eu du vandalisme au Reflecting Pool.,res-urbanae.eu,Journalistic source,Relevant
2,F,Il y a eu du vandalisme au Reflecting Pool.,fr.scribd.com,Journalistic source,Relevant
2,F,Il y a eu du vandalisme au Reflecting Pool.,academia.edu,Scientific source,
2,F,Il y a eu du vandalisme au Reflecting Pool.,revueakofena.com,Journalistic source,Relevant
3,E,The U.S. had the highest death rate from COVID of any nation on earth.,nature.com,Scientific source,
3,E,The U.S. had the highest death rate from COVID of any nation on earth.,cdc.gov,Local organization,
3,E,The U.S. had the highest death rate from COVID of any nation on earth.,cdc.gov,Local organization,
3,E,The U.S. had the highest death rate from COVID of any nation on earth.,sciencedirect.com,Scientific source,
3,E,The U.S. had the highest death rate from COVID of any nation on earth.,sciencedirect.com,Scientific source,
3,E,The U.S. had the highest death rate from COVID of any nation on earth.,worldometers.info,Journalistic source,
3,E,The U.S. had the highest death rate from COVID of any nation on earth.,pubmed.ncbi.nlm.nih.gov,Scientific source,
3,E,The U.S. had the highest death rate from COVID of any nation on earth.,pmc.ncbi.nlm.nih.gov,Scientific source,
3,E,The U.S. had the highest death rate from COVID of any nation on earth.,pmc.ncbi.nlm.nih.gov,Scientific source,
3,E,The U.S. had the highest death rate from COVID of any nation on earth.,politifact.com,Journalistic source,
3,E,The U.S. had the highest death rate from COVID of any nation on earth.,statista.com,Intermediate media,
3,E,The U.S. had the highest death rate from COVID of any nation on earth.,en.wikipedia.org,Intermediate media,
3,E,The U.S. had the highest death rate from COVID of any nation on earth.,data.who.int,Mondial organization,
3,E,The U.S. had the highest death rate from COVID of any nation on earth.,data.who.int,Mondial organization,
3,E,The U.S. had the highest death rate from COVID of any nation on earth.,who.int,Mondial organization,
3,E,The U.S. had the highest death rate from COVID of any nation on earth.,commonwealthfund.org,Local organization,
3,E,The U.S. had the highest death rate from COVID of any nation on earth.,commonwealthfund.org,Local organization,
3,E,The U.S. had the highest death rate from COVID of any nation on earth.,ourworldindata.org,Intermediate media,
3,E,The U.S. had the highest death rate from COVID of any nation on earth.,ourworldindata.org,Intermediate media,
3,E,The U.S. had the highest death rate from COVID of any nation on earth.,ourworldindata.org,Intermediate media,
3,E,The U.S. had the highest death rate from COVID of any nation on earth.,coronavirus.jhu.edu,Scientific source,
3,E,The U.S. had the highest death rate from COVID of any nation on earth.,ec.europa.eu,Mondial organization,
3,E,The U.S. had the highest death rate from COVID of any nation on earth.,healthpolicy-watch.news,Intermediate media,
3,E,The U.S. had the highest death rate from COVID of any nation on earth.,euda.europa.eu,Intermediate media,
4,F,Les États-Unis ont eu le taux de mortalité du COVID le plus élevé au monde.,hia.paho.org,Mondial organization,
4,F,Les États-Unis ont eu le taux de mortalité du COVID le plus élevé au monde.,who.int,Mondial organization,
4,F,Les États-Unis ont eu le taux de mortalité du COVID le plus élevé au monde.,afro.who.int,Outdated,
4,F,Les États-Unis ont eu le taux de mortalité du COVID le plus élevé au monde.,iris.who.int,Journalistic source,Relevant
4,F,Les États-Unis ont eu le taux de mortalité du COVID le plus élevé au monde.,who.int,Mondial organization,
4,F,Les États-Unis ont eu le taux de mortalité du COVID le plus élevé au monde.,data.who.int,Mondial organization,
4,F,Les États-Unis ont eu le taux de mortalité du COVID le plus élevé au monde.,who.int,Journalistic source,Relevant
4,F,Les États-Unis ont eu le taux de mortalité du COVID le plus élevé au monde.,afro.who.int,Mondial organization,
4,F,Les États-Unis ont eu le taux de mortalité du COVID le plus élevé au monde.,afro.who.int,Mondial organization,
4,F,Les États-Unis ont eu le taux de mortalité du COVID le plus élevé au monde.,apps.who.int,Mondial organization,
4,F,Les États-Unis ont eu le taux de mortalité du COVID le plus élevé au monde.,who.int,Mondial organization,
4,F,Les États-Unis ont eu le taux de mortalité du COVID le plus élevé au monde.,afro.who.int,Mondial organization,
4,F,Les États-Unis ont eu le taux de mortalité du COVID le plus élevé au monde.,statistique.quebec.ca,Intermediate media,
4,F,Les États-Unis ont eu le taux de mortalité du COVID le plus élevé au monde.,icn.ch,Intermediate media,
4,F,Les États-Unis ont eu le taux de mortalité du COVID le plus élevé au monde.,globalnutritionreport.org,Intermediate media,
4,F,Les États-Unis ont eu le taux de mortalité du COVID le plus élevé au monde.,unaids.org,Mondial organization,
4,F,Les États-Unis ont eu le taux de mortalité du COVID le plus élevé au monde.,unctad.org,Mondial organization,
4,F,Les États-Unis ont eu le taux de mortalité du COVID le plus élevé au monde.,openknowledge.worldbank.org...,Mondial organization,
4,F,Les États-Unis ont eu le taux de mortalité du COVID le plus élevé au monde.,nitag-resource.org,Intermediate media,
4,F,Les États-Unis ont eu le taux de mortalité du COVID le plus élevé au monde.,banquemondiale.org,Intermediate media,
4,F,Les États-Unis ont eu le taux de mortalité du COVID le plus élevé au monde.,undp.org,Mondial organization,
4,F,Les États-Unis ont eu le taux de mortalité du COVID le plus élevé au monde.,unstats.un.org,Mondial organization,
4,F,Les États-Unis ont eu le taux de mortalité du COVID le plus élevé au monde.,data.gouv.fr,Local organization,
4,F,Les États-Unis ont eu le taux de mortalité du COVID le plus élevé au monde.,normlex.ilo.org,Mondial organization,
4,F,Les États-Unis ont eu le taux de mortalité du COVID le plus élevé au monde.,reliefweb.int,Mondial organization,
5,E,The U.S. Congress just voted to merge our military with Israel's military.,congress.gov,Local organization,
5,E,The U.S. Congress just voted to merge our military with Israel's military.,armedservices.house.gov,Local organization,
5,E,The U.S. Congress just voted to merge our military with Israel's military.,liccardo.house.gov,Local organization,
5,E,The U.S. Congress just voted to merge our military with Israel's military.,rules.house.gov,Local organization,
5,E,The U.S. Congress just voted to merge our military with Israel's military.,pbs.org,Intermediate media,
5,E,The U.S. Congress just voted to merge our military with Israel's military.,aljazeera.com,Journalistic source,
5,E,The U.S. Congress just voted to merge our military with Israel's military.,whitehouse.gov,Local organization,
5,E,The U.S. Congress just voted to merge our military with Israel's military.,whitehouse.gov,Local organization,
5,E,The U.S. Congress just voted to merge our military with Israel's military.,wbaltv.com,Journalistic source,
5,E,The U.S. Congress just voted to merge our military with Israel's military.,ca.cair.com,Local organization,
5,E,The U.S. Congress just voted to merge our military with Israel's military.,cair.com,Local organization,
5,E,The U.S. Congress just voted to merge our military with Israel's military.,cair.com,Local organization,
5,E,The U.S. Congress just voted to merge our military with Israel's military.,acquisition.gov,Journalistic source,Relevant
5,E,The U.S. Congress just voted to merge our military with Israel's military.,ajc.org,Intermediate media,
5,E,The U.S. Congress just voted to merge our military with Israel's military.,obamawhitehouse.archives.go...,Intermediate media,
5,E,The U.S. Congress just voted to merge our military with Israel's military.,amnestyusa.org,Intermediate media,
5,E,The U.S. Congress just voted to merge our military with Israel's military.,responsiblestatecraft.org,Intermediate media,
5,E,The U.S. Congress just voted to merge our military with Israel's military.,dodig.mil,Journalistic source,Relevant
5,E,The U.S. Congress just voted to merge our military with Israel's military.,media.defense.gov,Local organization,
5,E,The U.S. Congress just voted to merge our military with Israel's military.,comptroller.war.gov,Journalistic source,Relevant
5,E,The U.S. Congress just voted to merge our military with Israel's military.,war.gov,Journalistic source,Relevant
5,E,The U.S. Congress just voted to merge our military with Israel's military.,acq.osd.mil,Journalistic source,Relevant
6,F,Le Congrès américain vient de voter la fusion de notre armée avec celle d'Israël.,i24news.tv,Journalistic source,
6,F,Le Congrès américain vient de voter la fusion de notre armée avec celle d'Israël.,bbc.com,Journalistic source,
6,F,Le Congrès américain vient de voter la fusion de notre armée avec celle d'Israël.,bbc.com,Journalistic source,
6,F,Le Congrès américain vient de voter la fusion de notre armée avec celle d'Israël.,amnesty.org,Mondial organization,
6,F,Le Congrès américain vient de voter la fusion de notre armée avec celle d'Israël.,amnesty.org,Mondial organization,
6,F,Le Congrès américain vient de voter la fusion de notre armée avec celle d'Israël.,hrw.org,Mondial organization,
6,F,Le Congrès américain vient de voter la fusion de notre armée avec celle d'Israël.,fr.timesofisrael.com,Journalistic source,
6,F,Le Congrès américain vient de voter la fusion de notre armée avec celle d'Israël.,lesechos.fr,Journalistic source,
6,F,Le Congrès américain vient de voter la fusion de notre armée avec celle d'Israël.,lesechos.fr,Journalistic source,
6,F,Le Congrès américain vient de voter la fusion de notre armée avec celle d'Israël.,ouest-france.fr,Journalistic source,
6,F,Le Congrès américain vient de voter la fusion de notre armée avec celle d'Israël.,noovo.info,Journalistic source,
6,F,Le Congrès américain vient de voter la fusion de notre armée avec celle d'Israël.,bfmtv.com,Journalistic source,
6,F,Le Congrès américain vient de voter la fusion de notre armée avec celle d'Israël.,cd.usembassy.gov,Local organization,
6,F,Le Congrès américain vient de voter la fusion de notre armée avec celle d'Israël.,rts.ch,Journalistic source,
6,F,Le Congrès américain vient de voter la fusion de notre armée avec celle d'Israël.,nato.int,Mondial organization,
6,F,Le Congrès américain vient de voter la fusion de notre armée avec celle d'Israël.,amf.asso.fr,Intermediate media,
6,F,Le Congrès américain vient de voter la fusion de notre armée avec celle d'Israël.,oas.org,Mondial organization,
6,F,Le Congrès américain vient de voter la fusion de notre armée avec celle d'Israël.,nato.int,Mondial organization,
6,F,Le Congrès américain vient de voter la fusion de notre armée avec celle d'Israël.,press.un.org,Mondial organization,
6,F,Le Congrès américain vient de voter la fusion de notre armée avec celle d'Israël.,peaceau.org,Mondial organization,
6,F,Le Congrès américain vient de voter la fusion de notre armée avec celle d'Israël.,common.usembassy.gov,Local organization,
6,F,Le Congrès américain vient de voter la fusion de notre armée avec celle d'Israël.,institutmontaigne.org,Local organization,
6,F,Le Congrès américain vient de voter la fusion de notre armée avec celle d'Israël.,immigrantjustice.org,Mondial organization,
6,F,Le Congrès américain vient de voter la fusion de notre armée avec celle d'Israël.,ifri.org,Mondial organization,
6,F,Le Congrès américain vient de voter la fusion de notre armée avec celle d'Israël.,focus2030.org,Intermediate media,
6,F,Le Congrès américain vient de voter la fusion de notre armée avec celle d'Israël.,chroniquepalestine.com,Intermediate media,
6,F,Le Congrès américain vient de voter la fusion de notre armée avec celle d'Israël.,theses.hal.science,Scientific source,
6,F,Le Congrès américain vient de voter la fusion de notre armée avec celle d'Israël.,irsem.fr,Local organization,
6,F,Le Congrès américain vient de voter la fusion de notre armée avec celle d'Israël.,airuniversity.af.edu,Scientific source,
6,F,Le Congrès américain vient de voter la fusion de notre armée avec celle d'Israël.,frstrategie.org,Local organization,
6,F,Le Congrès américain vient de voter la fusion de notre armée avec celle d'Israël.,frstrategie.org,Local organization,
6,F,Le Congrès américain vient de voter la fusion de notre armée avec celle d'Israël.,defense.gouv.fr,Local organization,
6,F,Le Congrès américain vient de voter la fusion de notre armée avec celle d'Israël.,frstrategie.org,Local organization,
7,E,Maine Democratic U.S. Senate candidate Troy Jackson hit a female colleague.,npr.org,Journalistic source,
7,E,Maine Democratic U.S. Senate candidate Troy Jackson hit a female colleague.,congress.gov,Local organization,
7,E,Maine Democratic U.S. Senate candidate Troy Jackson hit a female colleague.,congress.gov,Journalistic source,Relevant
7,E,Maine Democratic U.S. Senate candidate Troy Jackson hit a female colleague.,congress.gov,Journalistic source,Relevant
7,E,Maine Democratic U.S. Senate candidate Troy Jackson hit a female colleague.,congress.gov,Journalistic source,Relevant
7,E,Maine Democratic U.S. Senate candidate Troy Jackson hit a female colleague.,thehill.com,Journalistic source,
7,E,Maine Democratic U.S. Senate candidate Troy Jackson hit a female colleague.,ncbi.nlm.nih.gov,Unclear website,Relevant
7,E,Maine Democratic U.S. Senate candidate Troy Jackson hit a female colleague.,pmc.ncbi.nlm.nih.gov,Journalistic source,Relevant
7,E,Maine Democratic U.S. Senate candidate Troy Jackson hit a female colleague.,politifact.com,Journalistic source,
7,E,Maine Democratic U.S. Senate candidate Troy Jackson hit a female colleague.,politifact.com,Journalistic source,
7,E,Maine Democratic U.S. Senate candidate Troy Jackson hit a female colleague.,nytimes.com,Journalistic source,
7,E,Maine Democratic U.S. Senate candidate Troy Jackson hit a female colleague.,nbcnews.com,Journalistic source,
7,E,Maine Democratic U.S. Senate candidate Troy Jackson hit a female colleague.,washingtonpost.com,Journalistic source,
7,E,Maine Democratic U.S. Senate candidate Troy Jackson hit a female colleague.,mainepublic.org,Journalistic source,
7,E,Maine Democratic U.S. Senate candidate Troy Jackson hit a female colleague.,cnn.com,Journalistic source,
7,E,Maine Democratic U.S. Senate candidate Troy Jackson hit a female colleague.,houstonpublicmedia.org,Journalistic source,
7,E,Maine Democratic U.S. Senate candidate Troy Jackson hit a female colleague.,wmtw.com,Intermediate media,
7,E,Maine Democratic U.S. Senate candidate Troy Jackson hit a female colleague.,atlantapd.org,Journalistic source,Relevant
7,E,Maine Democratic U.S. Senate candidate Troy Jackson hit a female colleague.,iowacourts.gov,Local organization,
7,E,Maine Democratic U.S. Senate candidate Troy Jackson hit a female colleague.,comptroller.tn.gov,Journalistic source,Relevant
7,E,Maine Democratic U.S. Senate candidate Troy Jackson hit a female colleague.,njoag.gov,Local organization,
7,E,Maine Democratic U.S. Senate candidate Troy Jackson hit a female colleague.,justice.gov,Local organization,
7,E,Maine Democratic U.S. Senate candidate Troy Jackson hit a female colleague.,history.defense.gov,Journalistic source,Relevant
7,E,Maine Democratic U.S. Senate candidate Troy Jackson hit a female colleague.,mied.uscourts.gov,Local organization,
7,E,Maine Democratic U.S. Senate candidate Troy Jackson hit a female colleague.,maine.gov,Local organization,
7,E,Maine Democratic U.S. Senate candidate Troy Jackson hit a female colleague.,supreme.justia.com,Local organization,
7,E,Maine Democratic U.S. Senate candidate Troy Jackson hit a female colleague.,tcatjackson.edu,Scientific source,
7,E,Maine Democratic U.S. Senate candidate Troy Jackson hit a female colleague.,revenue.wi.gov,Local organization,
7,E,Maine Democratic U.S. Senate candidate Troy Jackson hit a female colleague.,maine.gov,Local organization,
8,F,"Le candidat démocrate au Sénat du Maine, Troy Jackson, aurait frappé une collègue.",ici.radio-canada.ca,Local organization,
8,F,"Le candidat démocrate au Sénat du Maine, Troy Jackson, aurait frappé une collègue.",ici.radio-canada.ca,Local organization,
8,F,"Le candidat démocrate au Sénat du Maine, Troy Jackson, aurait frappé une collègue.",dumas.ccsd.cnrs.fr,Scientific source,
8,F,"Le candidat démocrate au Sénat du Maine, Troy Jackson, aurait frappé une collègue.",senat.fr,Local organization,
8,F,"Le candidat démocrate au Sénat du Maine, Troy Jackson, aurait frappé une collègue.",books.openedition.org,Journalistic source,Relevant
8,F,"Le candidat démocrate au Sénat du Maine, Troy Jackson, aurait frappé une collègue.",upload.wikimedia.org,Intermediate media,
8,F,"Le candidat démocrate au Sénat du Maine, Troy Jackson, aurait frappé une collègue.",iaff.org,Journalistic source,Relevant
8,F,"Le candidat démocrate au Sénat du Maine, Troy Jackson, aurait frappé une collègue.",archipel.uqam.ca,Unclear website,Relevant
8,F,"Le candidat démocrate au Sénat du Maine, Troy Jackson, aurait frappé une collègue.",scholar.lib.vt.edu,Unclear website,Relevant
8,F,"Le candidat démocrate au Sénat du Maine, Troy Jackson, aurait frappé une collègue.",scholar.lib.vt.edu,Unclear website,Relevant
8,F,"Le candidat démocrate au Sénat du Maine, Troy Jackson, aurait frappé une collègue.",iaff.org,Journalistic source,Out of context
8,F,"Le candidat démocrate au Sénat du Maine, Troy Jackson, aurait frappé une collègue.",journal-eolien.org,Intermediate media,
8,F,"Le candidat démocrate au Sénat du Maine, Troy Jackson, aurait frappé une collègue.",scholar.lib.vt.edu,Unclear website,Relevant
8,F,"Le candidat démocrate au Sénat du Maine, Troy Jackson, aurait frappé une collègue.",securitepublique.gc.ca,Unclear website,Out of context
8,F,"Le candidat démocrate au Sénat du Maine, Troy Jackson, aurait frappé une collègue.",classiques.uqam.ca,Unclear website,Partially relevant
8,F,"Le candidat démocrate au Sénat du Maine, Troy Jackson, aurait frappé une collègue.",svn.spraakdata.gu.se,Journalistic source,Relevant
8,F,"Le candidat démocrate au Sénat du Maine, Troy Jackson, aurait frappé une collègue.",scholarworks.iu.edu,Journalistic source,Relevant
9,E,U.S. Sen. Jon Ossoff voted against the Laken Riley Act.,reuters.com,Journalistic source,
9,E,U.S. Sen. Jon Ossoff voted against the Laken Riley Act.,rollcall.com,Journalistic source,
9,E,U.S. Sen. Jon Ossoff voted against the Laken Riley Act.,congress.gov,Local organization,
9,E,U.S. Sen. Jon Ossoff voted against the Laken Riley Act.,congress.gov,Local organization,
9,E,U.S. Sen. Jon Ossoff voted against the Laken Riley Act.,congress.gov,Local organization,
9,E,U.S. Sen. Jon Ossoff voted against the Laken Riley Act.,congress.gov,Local organization,
9,E,U.S. Sen. Jon Ossoff voted against the Laken Riley Act.,congress.gov,Local organization,
9,E,U.S. Sen. Jon Ossoff voted against the Laken Riley Act.,congress.gov,Local organization,
9,E,U.S. Sen. Jon Ossoff voted against the Laken Riley Act.,thehill.com,Journalistic source,
9,E,U.S. Sen. Jon Ossoff voted against the Laken Riley Act.,ballotpedia.org,Local organization,
9,E,U.S. Sen. Jon Ossoff voted against the Laken Riley Act.,startribune.com,Journalistic source,
9,E,U.S. Sen. Jon Ossoff voted against the Laken Riley Act.,politifact.com,Journalistic source,
9,E,U.S. Sen. Jon Ossoff voted against the Laken Riley Act.,politico.com,Journalistic source,
9,E,U.S. Sen. Jon Ossoff voted against the Laken Riley Act.,nbcnews.com,Journalistic source,
9,E,U.S. Sen. Jon Ossoff voted against the Laken Riley Act.,nbcnews.com,Journalistic source,
9,E,U.S. Sen. Jon Ossoff voted against the Laken Riley Act.,en.wikipedia.org,Intermediate media,
9,E,U.S. Sen. Jon Ossoff voted against the Laken Riley Act.,cis.org,Local organization,
9,E,U.S. Sen. Jon Ossoff voted against the Laken Riley Act.,19thnews.org,Journalistic source,
9,E,U.S. Sen. Jon Ossoff voted against the Laken Riley Act.,wsws.org,Intermediate media,
9,E,U.S. Sen. Jon Ossoff voted against the Laken Riley Act.,nrsc.org,Intermediate media,
9,E,U.S. Sen. Jon Ossoff voted against the Laken Riley Act.,senate.gov,Local organization,
9,E,U.S. Sen. Jon Ossoff voted against the Laken Riley Act.,appropriations.senate.g...,Journalistic source,Relevant
9,E,U.S. Sen. Jon Ossoff voted against the Laken Riley Act.,avemarialaw.edu,Government / public institution,Partially relevant
9,E,U.S. Sen. Jon Ossoff voted against the Laken Riley Act.,warnock.senate.gov,Local organization,
10,F,Le sénateur Jon Ossoff a voté contre le Laken Riley Act.,ctninfo.com,Unclear website,Out of context
10,F,Le sénateur Jon Ossoff a voté contre le Laken Riley Act.,polymarket.com,Scientific source,Partially relevant
11,E,A Michigan Senate primary poll seems to be funded by AIPAC.,apnews.com,Journalistic source,
11,E,A Michigan Senate primary poll seems to be funded by AIPAC.,npr.org,Journalistic source,
11,E,A Michigan Senate primary poll seems to be funded by AIPAC.,npr.org,Journalistic source,
11,E,A Michigan Senate primary poll seems to be funded by AIPAC.,opensecrets.org,Local organization,
11,E,A Michigan Senate primary poll seems to be funded by AIPAC.,pbs.org,Intermediate media,
11,E,A Michigan Senate primary poll seems to be funded by AIPAC.,politifact.com,Journalistic source,
11,E,A Michigan Senate primary poll seems to be funded by AIPAC.,politico.com,Journalistic source,
11,E,A Michigan Senate primary poll seems to be funded by AIPAC.,politico.com,Journalistic source,
11,E,A Michigan Senate primary poll seems to be funded by AIPAC.,nytimes.com,Journalistic source,
11,E,A Michigan Senate primary poll seems to be funded by AIPAC.,nytimes.com,Journalistic source,
11,E,A Michigan Senate primary poll seems to be funded by AIPAC.,nytimes.com,Journalistic source,
11,E,A Michigan Senate primary poll seems to be funded by AIPAC.,bridgemi.com,Journalistic source,
11,E,A Michigan Senate primary poll seems to be funded by AIPAC.,bridgemi.com,Journalistic source,
11,E,A Michigan Senate primary poll seems to be funded by AIPAC.,bridgemi.com,Journalistic source,
11,E,A Michigan Senate primary poll seems to be funded by AIPAC.,time.com,Journalistic source,
11,E,A Michigan Senate primary poll seems to be funded by AIPAC.,aljazeera.com,Intermediate media,
11,E,A Michigan Senate primary poll seems to be funded by AIPAC.,ap.org,Journalistic source,
11,E,A Michigan Senate primary poll seems to be funded by AIPAC.,19thnews.org,Journalistic source,
11,E,A Michigan Senate primary poll seems to be funded by AIPAC.,truthout.org,Intermediate media,
12,F,Un sondage pour la primaire sénatoriale du Michigan semble être financé par l'AIPAC.,fr.wikipedia.org,Intermediate media,
12,F,Un sondage pour la primaire sénatoriale du Michigan semble être financé par l'AIPAC.,fr.wikipedia.org,Unclear website,Out of context
12,F,Un sondage pour la primaire sénatoriale du Michigan semble être financé par l'AIPAC.,lapresse.ca,Journalistic source,
12,F,Un sondage pour la primaire sénatoriale du Michigan semble être financé par l'AIPAC.,la-croix.com,Social media,
12,F,Un sondage pour la primaire sénatoriale du Michigan semble être financé par l'AIPAC.,20minutes.fr,Journalistic source,
12,F,Un sondage pour la primaire sénatoriale du Michigan semble être financé par l'AIPAC.,ici.radio-canada.ca,Local organization,
12,F,Un sondage pour la primaire sénatoriale du Michigan semble être financé par l'AIPAC.,ici.radio-canada.ca,Local organization,
12,F,Un sondage pour la primaire sénatoriale du Michigan semble être financé par l'AIPAC.,journaldequebec.com,Journalistic source,
12,F,Un sondage pour la primaire sénatoriale du Michigan semble être financé par l'AIPAC.,bfmtv.com,Journalistic source,
12,F,Un sondage pour la primaire sénatoriale du Michigan semble être financé par l'AIPAC.,courrierinternational.c...,Intermediate media,
12,F,Un sondage pour la primaire sénatoriale du Michigan semble être financé par l'AIPAC.,legrandcontinent.eu,Local organization,
12,F,Un sondage pour la primaire sénatoriale du Michigan semble être financé par l'AIPAC.,koha.net,Journalistic source,
12,F,Un sondage pour la primaire sénatoriale du Michigan semble être financé par l'AIPAC.,richardhetu.com,Intermediate media,
12,F,Un sondage pour la primaire sénatoriale du Michigan semble être financé par l'AIPAC.,etouffoir.blogspot.com,Intermediate media,Out of context
12,F,Un sondage pour la primaire sénatoriale du Michigan semble être financé par l'AIPAC.,etouffoir.blogspot.com,Scientific source,Partially relevant
12,F,Un sondage pour la primaire sénatoriale du Michigan semble être financé par l'AIPAC.,transmutatis.fr,Unclear website,Out of context
13,E,A photo showing Mitch McConnell and his wife is from his 2023 hospitalization or is AI generated.,snopes.com,Journalistic source,
13,E,A photo showing Mitch McConnell and his wife is from his 2023 hospitalization or is AI generated.,poynter.org,Local organization,
13,E,A photo showing Mitch McConnell and his wife is from his 2023 hospitalization or is AI generated.,pmc.ncbi.nlm.nih.gov,Scientific source,Partially relevant
13,E,A photo showing Mitch McConnell and his wife is from his 2023 hospitalization or is AI generated.,kcra.com,Journalistic source,
13,E,A photo showing Mitch McConnell and his wife is from his 2023 hospitalization or is AI generated.,france24.com,Journalistic source,
13,E,A photo showing Mitch McConnell and his wife is from his 2023 hospitalization or is AI generated.,politifact.com,Local organization,
13,E,A photo showing Mitch McConnell and his wife is from his 2023 hospitalization or is AI generated.,nytimes.com,Journalistic source,
13,E,A photo showing Mitch McConnell and his wife is from his 2023 hospitalization or is AI generated.,forbes.com,Journalistic source,
13,E,A photo showing Mitch McConnell and his wife is from his 2023 hospitalization or is AI generated.,time.com,Journalistic source,
13,E,A photo showing Mitch McConnell and his wife is from his 2023 hospitalization or is AI generated.,washingtonpost.com,Journalistic source,
13,E,A photo showing Mitch McConnell and his wife is from his 2023 hospitalization or is AI generated.,theguardian.com,Journalistic source,
13,E,A photo showing Mitch McConnell and his wife is from his 2023 hospitalization or is AI generated.,whas11.com,Intermediate media,
13,E,A photo showing Mitch McConnell and his wife is from his 2023 hospitalization or is AI generated.,whas11.com,Intermediate media,
13,E,A photo showing Mitch McConnell and his wife is from his 2023 hospitalization or is AI generated.,yahoo.com,Intermediate media,
13,E,A photo showing Mitch McConnell and his wife is from his 2023 hospitalization or is AI generated.,abc10.com,Journalistic source,
13,E,A photo showing Mitch McConnell and his wife is from his 2023 hospitalization or is AI generated.,americanprogress.org,Local organization,
13,E,A photo showing Mitch McConnell and his wife is from his 2023 hospitalization or is AI generated.,justice.gov,Local organization,
13,E,A photo showing Mitch McConnell and his wife is from his 2023 hospitalization or is AI generated.,citap.unc.edu,Government / public institution,Out of context
13,E,A photo showing Mitch McConnell and his wife is from his 2023 hospitalization or is AI generated.,judiciary.senate.gov,Local organization,
14,F,"Une photo de Mitch McConnell et son épouse daterait de son hospitalisation de 2023, ou serait générée par IA.",fr.wikipedia.org,Government / public institution,Partially relevant
14,F,"Une photo de Mitch McConnell et son épouse daterait de son hospitalisation de 2023, ou serait générée par IA.",fr.wikipedia.org,Intermediate media,
14,F,"Une photo de Mitch McConnell et son épouse daterait de son hospitalisation de 2023, ou serait générée par IA.",ici.radio-canada.ca,Local organization,
14,F,"Une photo de Mitch McConnell et son épouse daterait de son hospitalisation de 2023, ou serait générée par IA.",tf1info.fr,Journalistic source,
14,F,"Une photo de Mitch McConnell et son épouse daterait de son hospitalisation de 2023, ou serait générée par IA.",watson.ch,Journalistic source,
14,F,"Une photo de Mitch McConnell et son épouse daterait de son hospitalisation de 2023, ou serait générée par IA.",unil.ch,Scientific source,
14,F,"Une photo de Mitch McConnell et son épouse daterait de son hospitalisation de 2023, ou serait générée par IA.",guadeloupe.franceantill...,Intermediate media,
14,F,"Une photo de Mitch McConnell et son épouse daterait de son hospitalisation de 2023, ou serait générée par IA.",rts.ch,Journalistic source,
14,F,"Une photo de Mitch McConnell et son épouse daterait de son hospitalisation de 2023, ou serait générée par IA.",svn.spraakdata.gu.se,Intermediate media,
14,F,"Une photo de Mitch McConnell et son épouse daterait de son hospitalisation de 2023, ou serait générée par IA.",fr.scribd.com,Scientific source,Out of context
14,F,"Une photo de Mitch McConnell et son épouse daterait de son hospitalisation de 2023, ou serait générée par IA.",archipel.uqam.ca,Scientific source,Partially relevant
14,F,"Une photo de Mitch McConnell et son épouse daterait de son hospitalisation de 2023, ou serait générée par IA.",fr.scribd.com,Unclear website,Out of context
14,F,"Une photo de Mitch McConnell et son épouse daterait de son hospitalisation de 2023, ou serait générée par IA.",docmeeting.com,Intermediate media,
14,F,"Une photo de Mitch McConnell et son épouse daterait de son hospitalisation de 2023, ou serait générée par IA.",europe-infos.fr,Government / public institution,Partially relevant
14,F,"Une photo de Mitch McConnell et son épouse daterait de son hospitalisation de 2023, ou serait générée par IA.",institutkurde.org,Government / public institution,Out of context
15,E,"U.S. Sen. Jon Ossoff cast the deciding vote for the inflation disaster, referring to the 2022 Inflation Reduction Act.",rollcall.com,Journalistic source,
15,E,"U.S. Sen. Jon Ossoff cast the deciding vote for the inflation disaster, referring to the 2022 Inflation Reduction Act.",factcheck.org,Journalistic source,
15,E,"U.S. Sen. Jon Ossoff cast the deciding vote for the inflation disaster, referring to the 2022 Inflation Reduction Act.",congress.gov,Local organization,
15,E,"U.S. Sen. Jon Ossoff cast the deciding vote for the inflation disaster, referring to the 2022 Inflation Reduction Act.",congress.gov,Local organization,
15,E,"U.S. Sen. Jon Ossoff cast the deciding vote for the inflation disaster, referring to the 2022 Inflation Reduction Act.",congress.gov,Local organization,
15,E,"U.S. Sen. Jon Ossoff cast the deciding vote for the inflation disaster, referring to the 2022 Inflation Reduction Act.",mikethompson.house.gov,Local organization,
15,E,"U.S. Sen. Jon Ossoff cast the deciding vote for the inflation disaster, referring to the 2022 Inflation Reduction Act.",ballotpedia.org,Local organization,
15,E,"U.S. Sen. Jon Ossoff cast the deciding vote for the inflation disaster, referring to the 2022 Inflation Reduction Act.",cbsnews.com,Journalistic source,
15,E,"U.S. Sen. Jon Ossoff cast the deciding vote for the inflation disaster, referring to the 2022 Inflation Reduction Act.",pbs.org,Intermediate media,
15,E,"U.S. Sen. Jon Ossoff cast the deciding vote for the inflation disaster, referring to the 2022 Inflation Reduction Act.",pbs.org,Intermediate media,
15,E,"U.S. Sen. Jon Ossoff cast the deciding vote for the inflation disaster, referring to the 2022 Inflation Reduction Act.",pbs.org,Intermediate media,
15,E,"U.S. Sen. Jon Ossoff cast the deciding vote for the inflation disaster, referring to the 2022 Inflation Reduction Act.",politifact.com,Journalistic source,
15,E,"U.S. Sen. Jon Ossoff cast the deciding vote for the inflation disaster, referring to the 2022 Inflation Reduction Act.",govtrack.us,Intermediate media,
15,E,"U.S. Sen. Jon Ossoff cast the deciding vote for the inflation disaster, referring to the 2022 Inflation Reduction Act.",bipartisanpolicy.org,Government / public institution,Out of context
15,E,"U.S. Sen. Jon Ossoff cast the deciding vote for the inflation disaster, referring to the 2022 Inflation Reduction Act.",georgiarecorder.com,Journalistic source,
15,E,"U.S. Sen. Jon Ossoff cast the deciding vote for the inflation disaster, referring to the 2022 Inflation Reduction Act.",iowacapitaldispatch.com,Journalistic source,
15,E,"U.S. Sen. Jon Ossoff cast the deciding vote for the inflation disaster, referring to the 2022 Inflation Reduction Act.",lcv.org,Intermediate media,
15,E,"U.S. Sen. Jon Ossoff cast the deciding vote for the inflation disaster, referring to the 2022 Inflation Reduction Act.",heritageaction.com,Local organization,
15,E,"U.S. Sen. Jon Ossoff cast the deciding vote for the inflation disaster, referring to the 2022 Inflation Reduction Act.",ossoff.senate.gov,Local organization,
15,E,"U.S. Sen. Jon Ossoff cast the deciding vote for the inflation disaster, referring to the 2022 Inflation Reduction Act.",eenews.net,Intermediate media,
15,E,"U.S. Sen. Jon Ossoff cast the deciding vote for the inflation disaster, referring to the 2022 Inflation Reduction Act.",senate.gov,Local organization,
15,E,"U.S. Sen. Jon Ossoff cast the deciding vote for the inflation disaster, referring to the 2022 Inflation Reduction Act.",michiganindependent.com,Journalistic source,
15,E,"U.S. Sen. Jon Ossoff cast the deciding vote for the inflation disaster, referring to the 2022 Inflation Reduction Act.",bhfs.com,Intermediate media,
15,E,"U.S. Sen. Jon Ossoff cast the deciding vote for the inflation disaster, referring to the 2022 Inflation Reduction Act.",kffhealthnews.org,Local organization,
15,E,"U.S. Sen. Jon Ossoff cast the deciding vote for the inflation disaster, referring to the 2022 Inflation Reduction Act.",epw.senate.gov,Local organization,
15,E,"U.S. Sen. Jon Ossoff cast the deciding vote for the inflation disaster, referring to the 2022 Inflation Reduction Act.",democrats.senate.gov,Local organization,
15,E,"U.S. Sen. Jon Ossoff cast the deciding vote for the inflation disaster, referring to the 2022 Inflation Reduction Act.",senate.gov,Local organization,
15,E,"U.S. Sen. Jon Ossoff cast the deciding vote for the inflation disaster, referring to the 2022 Inflation Reduction Act.",warren.senate.gov,Local organization,
15,E,"U.S. Sen. Jon Ossoff cast the deciding vote for the inflation disaster, referring to the 2022 Inflation Reduction Act.",yaleclimateconnections.org,Intermediate media,
16,F,"Le sénateur Jon Ossoff a été le vote décisif du désastre de l'inflation, en référence à la loi de 2022 sur la réduction de l'inflation.",lepoint.fr,Journalistic source,Partially relevant
16,F,"Le sénateur Jon Ossoff a été le vote décisif du désastre de l'inflation, en référence à la loi de 2022 sur la réduction de l'inflation.",calameo.com,Intermediate media,
16,F,"Le sénateur Jon Ossoff a été le vote décisif du désastre de l'inflation, en référence à la loi de 2022 sur la réduction de l'inflation.",lecoindevue.be,Intermediate media,
16,F,"Le sénateur Jon Ossoff a été le vote décisif du désastre de l'inflation, en référence à la loi de 2022 sur la réduction de l'inflation.",assemblee-nationale.fr,Unclear website,Partially relevant
16,F,"Le sénateur Jon Ossoff a été le vote décisif du désastre de l'inflation, en référence à la loi de 2022 sur la réduction de l'inflation.",senat.fr,Local organization,
16,F,"Le sénateur Jon Ossoff a été le vote décisif du désastre de l'inflation, en référence à la loi de 2022 sur la réduction de l'inflation.",senat.fr,Local organization,
16,F,"Le sénateur Jon Ossoff a été le vote décisif du désastre de l'inflation, en référence à la loi de 2022 sur la réduction de l'inflation.",strategie-plan.gouv.fr,Local organization,
16,F,"Le sénateur Jon Ossoff a été le vote décisif du désastre de l'inflation, en référence à la loi de 2022 sur la réduction de l'inflation.",ifri.org,Intermediate media,Partially relevant
16,F,"Le sénateur Jon Ossoff a été le vote décisif du désastre de l'inflation, en référence à la loi de 2022 sur la réduction de l'inflation.",canada.ca,Local organization,
16,F,"Le sénateur Jon Ossoff a été le vote décisif du désastre de l'inflation, en référence à la loi de 2022 sur la réduction de l'inflation.",senat.fr,Local organization,
16,F,"Le sénateur Jon Ossoff a été le vote décisif du désastre de l'inflation, en référence à la loi de 2022 sur la réduction de l'inflation.",senat.fr,Local organization,
16,F,"Le sénateur Jon Ossoff a été le vote décisif du désastre de l'inflation, en référence à la loi de 2022 sur la réduction de l'inflation.",rosagalvez.ca,International organization,Out of context
16,F,"Le sénateur Jon Ossoff a été le vote décisif du désastre de l'inflation, en référence à la loi de 2022 sur la réduction de l'inflation.",senat.fr,Local organization,
16,F,"Le sénateur Jon Ossoff a été le vote décisif du désastre de l'inflation, en référence à la loi de 2022 sur la réduction de l'inflation.",skyfleet.blue,International organization,Out of context
16,F,"Le sénateur Jon Ossoff a été le vote décisif du désastre de l'inflation, en référence à la loi de 2022 sur la réduction de l'inflation.",pdfcoffee.com,International organization,Out of context
17,E,Says benefits of the 21st Century ROAD to Housing Act are going to go to a lot of people that are here illegally to build houses for them.,congress.gov,Local organization,
17,E,Says benefits of the 21st Century ROAD to Housing Act are going to go to a lot of people that are here illegally to build houses for them.,congress.gov,Local organization,
17,E,Says benefits of the 21st Century ROAD to Housing Act are going to go to a lot of people that are here illegally to build houses for them.,congress.gov,Local organization,
17,E,Says benefits of the 21st Century ROAD to Housing Act are going to go to a lot of people that are here illegally to build houses for them.,congress.gov,Local organization,
17,E,Says benefits of the 21st Century ROAD to Housing Act are going to go to a lot of people that are here illegally to build houses for them.,democrats-financialservices...,Intermediate media,
17,E,Says benefits of the 21st Century ROAD to Housing Act are going to go to a lot of people that are here illegally to build houses for them.,politifact.com,Journalistic source,
17,E,Says benefits of the 21st Century ROAD to Housing Act are going to go to a lot of people that are here illegally to build houses for them.,bipartisanpolicy.org,Local organization,
17,E,Says benefits of the 21st Century ROAD to Housing Act are going to go to a lot of people that are here illegally to build houses for them.,americanimmigrationcoun...,Local organization,
17,E,Says benefits of the 21st Century ROAD to Housing Act are going to go to a lot of people that are here illegally to build houses for them.,whitehouse.gov,Local organization,
17,E,Says benefits of the 21st Century ROAD to Housing Act are going to go to a lot of people that are here illegally to build houses for them.,ricketts.senate.gov,Local organization,
17,E,Says benefits of the 21st Century ROAD to Housing Act are going to go to a lot of people that are here illegally to build houses for them.,mayerbrown.com,Intermediate media,
17,E,Says benefits of the 21st Century ROAD to Housing Act are going to go to a lot of people that are here illegally to build houses for them.,majorityleader.gov,Local organization,
18,F,"Les bénéfices du 21st Century ROAD to Housing Act vont profiter à beaucoup de gens présents illégalement, pour leur construire des maisons.",parisschoolofeconomics....,Unclear website,Partially relevant
18,F,"Les bénéfices du 21st Century ROAD to Housing Act vont profiter à beaucoup de gens présents illégalement, pour leur construire des maisons.",icom.museum,Mondial organization,
18,F,"Les bénéfices du 21st Century ROAD to Housing Act vont profiter à beaucoup de gens présents illégalement, pour leur construire des maisons.",unodc.org,Mondial organization,
18,F,"Les bénéfices du 21st Century ROAD to Housing Act vont profiter à beaucoup de gens présents illégalement, pour leur construire des maisons.",publications.iom.int,Mondial organization,
18,F,"Les bénéfices du 21st Century ROAD to Housing Act vont profiter à beaucoup de gens présents illégalement, pour leur construire des maisons.",one.oecd.org,Mondial organization,
18,F,"Les bénéfices du 21st Century ROAD to Housing Act vont profiter à beaucoup de gens présents illégalement, pour leur construire des maisons.",lacaisse.com,Unclear website,Relevant
18,F,"Les bénéfices du 21st Century ROAD to Housing Act vont profiter à beaucoup de gens présents illégalement, pour leur construire des maisons.",uu.diva-portal.org,Scientific source,
18,F,"Les bénéfices du 21st Century ROAD to Housing Act vont profiter à beaucoup de gens présents illégalement, pour leur construire des maisons.",oecd.org,Mondial organization,
18,F,"Les bénéfices du 21st Century ROAD to Housing Act vont profiter à beaucoup de gens présents illégalement, pour leur construire des maisons.",icj-cij.org,Unclear website,Out of context
18,F,"Les bénéfices du 21st Century ROAD to Housing Act vont profiter à beaucoup de gens présents illégalement, pour leur construire des maisons.",ilo.org,Unclear website,Partially relevant
18,F,"Les bénéfices du 21st Century ROAD to Housing Act vont profiter à beaucoup de gens présents illégalement, pour leur construire des maisons.",ilo.org,Unclear website,Partially relevant
18,F,"Les bénéfices du 21st Century ROAD to Housing Act vont profiter à beaucoup de gens présents illégalement, pour leur construire des maisons.",theses.hal.science,Scientific source,Partially relevant
18,F,"Les bénéfices du 21st Century ROAD to Housing Act vont profiter à beaucoup de gens présents illégalement, pour leur construire des maisons.",mfa.gov.ir,International organization,Partially relevant
18,F,"Les bénéfices du 21st Century ROAD to Housing Act vont profiter à beaucoup de gens présents illégalement, pour leur construire des maisons.",cigionline.org,Unclear website,Partially relevant
18,F,"Les bénéfices du 21st Century ROAD to Housing Act vont profiter à beaucoup de gens présents illégalement, pour leur construire des maisons.",lop.parl.ca,International organization,Out of context
19,E,"Sen. Susan Collins sided with Trump, giving billionaires and corporations a hand out, paid for by cuts to Medicaid and SNAP.",npr.org,Journalistic source,
19,E,"Sen. Susan Collins sided with Trump, giving billionaires and corporations a hand out, paid for by cuts to Medicaid and SNAP.",congress.gov,Unclear website,Out of context
19,E,"Sen. Susan Collins sided with Trump, giving billionaires and corporations a hand out, paid for by cuts to Medicaid and SNAP.",patryan.house.gov,Local organization,
19,E,"Sen. Susan Collins sided with Trump, giving billionaires and corporations a hand out, paid for by cuts to Medicaid and SNAP.",nbcnews.com,Journalistic source,
19,E,"Sen. Susan Collins sided with Trump, giving billionaires and corporations a hand out, paid for by cuts to Medicaid and SNAP.",newscentermaine.com,Journalistic source,
19,E,"Sen. Susan Collins sided with Trump, giving billionaires and corporations a hand out, paid for by cuts to Medicaid and SNAP.",aljazeera.com,Intermediate media,
19,E,"Sen. Susan Collins sided with Trump, giving billionaires and corporations a hand out, paid for by cuts to Medicaid and SNAP.",mainebeacon.com,Journalistic source,
19,E,"Sen. Susan Collins sided with Trump, giving billionaires and corporations a hand out, paid for by cuts to Medicaid and SNAP.",abcnews.com,Journalistic source,
19,E,"Sen. Susan Collins sided with Trump, giving billionaires and corporations a hand out, paid for by cuts to Medicaid and SNAP.",abcnews.com,Journalistic source,
19,E,"Sen. Susan Collins sided with Trump, giving billionaires and corporations a hand out, paid for by cuts to Medicaid and SNAP.",americanprogress.org,Local organization,
19,E,"Sen. Susan Collins sided with Trump, giving billionaires and corporations a hand out, paid for by cuts to Medicaid and SNAP.",mainedems.org,Intermediate media,
19,E,"Sen. Susan Collins sided with Trump, giving billionaires and corporations a hand out, paid for by cuts to Medicaid and SNAP.",aflcio.org,Intermediate media,
19,E,"Sen. Susan Collins sided with Trump, giving billionaires and corporations a hand out, paid for by cuts to Medicaid and SNAP.",mainemorningstar.com,Journalistic source,
19,E,"Sen. Susan Collins sided with Trump, giving billionaires and corporations a hand out, paid for by cuts to Medicaid and SNAP.",mainedems.org,Intermediate media,
19,E,"Sen. Susan Collins sided with Trump, giving billionaires and corporations a hand out, paid for by cuts to Medicaid and SNAP.",healthcaredive.com,Intermediate media,
19,E,"Sen. Susan Collins sided with Trump, giving billionaires and corporations a hand out, paid for by cuts to Medicaid and SNAP.",uaw.org,International organization,Partially relevant
20,F,"La sénatrice Susan Collins s'est rangée du côté de Trump, offrant un cadeau aux milliardaires et aux entreprises, financé par des coupes dans Medicaid et SNAP.",archipel.uqam.ca,International organization,Out of context
20,F,"La sénatrice Susan Collins s'est rangée du côté de Trump, offrant un cadeau aux milliardaires et aux entreprises, financé par des coupes dans Medicaid et SNAP.",github.com,International organization,Out of context
21,E,The Obama Presidential Center is requiring photo ID to enter.,reuters.com,Journalistic source,
21,E,The Obama Presidential Center is requiring photo ID to enter.,pbs.org,Intermediate media,
21,E,The Obama Presidential Center is requiring photo ID to enter.,politifact.com,Journalistic source,
21,E,The Obama Presidential Center is requiring photo ID to enter.,news.wttw.com,Intermediate media,
21,E,The Obama Presidential Center is requiring photo ID to enter.,obama.org,Intermediate media,
21,E,The Obama Presidential Center is requiring photo ID to enter.,obama.org,Intermediate media,
21,E,The Obama Presidential Center is requiring photo ID to enter.,obama.org,Intermediate media,
21,E,The Obama Presidential Center is requiring photo ID to enter.,obamalibrary.gov,Local organization,
21,E,The Obama Presidential Center is requiring photo ID to enter.,obama.org,Intermediate media,
21,E,The Obama Presidential Center is requiring photo ID to enter.,tickets.obama.org,Intermediate media,
22,F,Le centre présidentiel Obama exige une pièce d'identité avec photo pour entrer.,amnesty.org,Mondial organization,
22,F,Le centre présidentiel Obama exige une pièce d'identité avec photo pour entrer.,fr.wikipedia.org,Intermediate media,
22,F,Le centre présidentiel Obama exige une pièce d'identité avec photo pour entrer.,fr.wikipedia.org,Intermediate media,
22,F,Le centre présidentiel Obama exige une pièce d'identité avec photo pour entrer.,fr.wikipedia.org,Intermediate media,
22,F,Le centre présidentiel Obama exige une pièce d'identité avec photo pour entrer.,lapresse.ca,Journalistic source,
22,F,Le centre présidentiel Obama exige une pièce d'identité avec photo pour entrer.,20min.ch,Journalistic source,
22,F,Le centre présidentiel Obama exige une pièce d'identité avec photo pour entrer.,lemonde.fr,Journalistic source,
22,F,Le centre présidentiel Obama exige une pièce d'identité avec photo pour entrer.,lemonde.fr,Journalistic source,
22,F,Le centre présidentiel Obama exige une pièce d'identité avec photo pour entrer.,getyourguide.com,International organization,Out of context
22,F,Le centre présidentiel Obama exige une pièce d'identité avec photo pour entrer.,getyourguide.com,International organization,Out of context
22,F,Le centre présidentiel Obama exige une pièce d'identité avec photo pour entrer.,common.usembassy.gov,Local organization,
22,F,Le centre présidentiel Obama exige une pièce d'identité avec photo pour entrer.,theses.hal.science,International organization,Out of context
22,F,Le centre présidentiel Obama exige une pièce d'identité avec photo pour entrer.,diplomacy.edu,Scientific source,
22,F,Le centre présidentiel Obama exige une pièce d'identité avec photo pour entrer.,idea.int,International organization,Out of context
22,F,Le centre présidentiel Obama exige une pièce d'identité avec photo pour entrer.,common.usembassy.gov,Local organization,
22,F,Le centre présidentiel Obama exige une pièce d'identité avec photo pour entrer.,preparecenter.org,Mondial organization,
22,F,Le centre présidentiel Obama exige une pièce d'identité avec photo pour entrer.,theses.hal.science,Scientific source,
22,F,Le centre présidentiel Obama exige une pièce d'identité avec photo pour entrer.,lessentiel.lu,Journalistic source,
22,F,Le centre présidentiel Obama exige une pièce d'identité avec photo pour entrer.,archipel.uqam.ca,International organization,Out of context
22,F,Le centre présidentiel Obama exige une pièce d'identité avec photo pour entrer.,nato.int,International organization,Out of context
22,F,Le centre présidentiel Obama exige une pièce d'identité avec photo pour entrer.,getyourguide.com,International organization,Out of context
22,F,Le centre présidentiel Obama exige une pièce d'identité avec photo pour entrer.,getyourguide.com,International organization,Out of context
23,E,A 20/30 vision score means people have to be at 20 feet to see things that I can see at 30 feet.,nature.com,Scientific source,
23,E,A 20/30 vision score means people have to be at 20 feet to see things that I can see at 30 feet.,bmjophth.bmj.com,Scientific source,
23,E,A 20/30 vision score means people have to be at 20 feet to see things that I can see at 30 feet.,sciencedirect.com,Scientific source,
23,E,A 20/30 vision score means people have to be at 20 feet to see things that I can see at 30 feet.,sciencedirect.com,Scientific source,
23,E,A 20/30 vision score means people have to be at 20 feet to see things that I can see at 30 feet.,pmc.ncbi.nlm.nih.gov,Scientific source,
23,E,A 20/30 vision score means people have to be at 20 feet to see things that I can see at 30 feet.,pubmed.ncbi.nlm.nih.gov,Scientific source,
23,E,A 20/30 vision score means people have to be at 20 feet to see things that I can see at 30 feet.,pubmed.ncbi.nlm.nih.gov,Scientific source,
23,E,A 20/30 vision score means people have to be at 20 feet to see things that I can see at 30 feet.,ncbi.nlm.nih.gov,Government / public institution,Partially relevant
23,E,A 20/30 vision score means people have to be at 20 feet to see things that I can see at 30 feet.,pmc.ncbi.nlm.nih.gov,Scientific source,
23,E,A 20/30 vision score means people have to be at 20 feet to see things that I can see at 30 feet.,politifact.com,Journalistic source,
23,E,A 20/30 vision score means people have to be at 20 feet to see things that I can see at 30 feet.,iovs.arvojournals.org,Scientific source,
23,E,A 20/30 vision score means people have to be at 20 feet to see things that I can see at 30 feet.,iovs.arvojournals.org,Scientific source,
23,E,A 20/30 vision score means people have to be at 20 feet to see things that I can see at 30 feet.,aao.org,Intermediate media,
23,E,A 20/30 vision score means people have to be at 20 feet to see things that I can see at 30 feet.,commonwealtheyes.com,Intermediate media,
23,E,A 20/30 vision score means people have to be at 20 feet to see things that I can see at 30 feet.,optometriceducation.org,Local organization,
23,E,A 20/30 vision score means people have to be at 20 feet to see things that I can see at 30 feet.,lensmartonline.com,Local organization,
23,E,A 20/30 vision score means people have to be at 20 feet to see things that I can see at 30 feet.,nvisioncenters.com,Local organization,
23,E,A 20/30 vision score means people have to be at 20 feet to see things that I can see at 30 feet.,warbyparker.com,Local organization,
23,E,A 20/30 vision score means people have to be at 20 feet to see things that I can see at 30 feet.,openai.com,App,
23,E,A 20/30 vision score means people have to be at 20 feet to see things that I can see at 30 feet.,openai.com,App,
23,E,A 20/30 vision score means people have to be at 20 feet to see things that I can see at 30 feet.,faa.gov,Unclear website,Out of context
23,E,A 20/30 vision score means people have to be at 20 feet to see things that I can see at 30 feet.,jacc.org,Intermediate media,
23,E,A 20/30 vision score means people have to be at 20 feet to see things that I can see at 30 feet.,ghgprotocol.org,Unclear website,Partially relevant
23,E,A 20/30 vision score means people have to be at 20 feet to see things that I can see at 30 feet.,dl.acm.org,Unclear website,Out of context
23,E,A 20/30 vision score means people have to be at 20 feet to see things that I can see at 30 feet.,arxiv.org,Scientific source,
24,F,Une vision de 20/30 signifie que les gens doivent être à 20 pieds pour voir ce que je peux voir à 30 pieds.,researchgate.net,Scientific source,
24,F,Une vision de 20/30 signifie que les gens doivent être à 20 pieds pour voir ce que je peux voir à 30 pieds.,researchgate.net,Scientific source,
24,F,Une vision de 20/30 signifie que les gens doivent être à 20 pieds pour voir ce que je peux voir à 30 pieds.,tarmacview.com,Intermediate media,
24,F,Une vision de 20/30 signifie que les gens doivent être à 20 pieds pour voir ce que je peux voir à 30 pieds.,gatinel.com,Intermediate media,
24,F,Une vision de 20/30 signifie que les gens doivent être à 20 pieds pour voir ce que je peux voir à 30 pieds.,forms.mgcs.gov.on.ca,Local organization,
24,F,Une vision de 20/30 signifie que les gens doivent être à 20 pieds pour voir ce que je peux voir à 30 pieds.,gatinel.com,Intermediate media,
24,F,Une vision de 20/30 signifie que les gens doivent être à 20 pieds pour voir ce que je peux voir à 30 pieds.,legifrance.gouv.fr,Unclear website,Relevant
24,F,Une vision de 20/30 signifie que les gens doivent être à 20 pieds pour voir ce que je peux voir à 30 pieds.,cliniquedelavision.com,Local organization,
24,F,Une vision de 20/30 signifie que les gens doivent être à 20 pieds pour voir ce que je peux voir à 30 pieds.,canadianjournalofophtha...,Scientific source,
24,F,Une vision de 20/30 signifie que les gens doivent être à 20 pieds pour voir ce que je peux voir à 30 pieds.,raab.world,Unclear website,Out of context
24,F,Une vision de 20/30 signifie que les gens doivent être à 20 pieds pour voir ce que je peux voir à 30 pieds.,ensemblecontrelamyopie.fr,Local organization,
24,F,Une vision de 20/30 signifie que les gens doivent être à 20 pieds pour voir ce que je peux voir à 30 pieds.,allaboutvision.com,Local organization,
24,F,Une vision de 20/30 signifie que les gens doivent être à 20 pieds pour voir ce que je peux voir à 30 pieds.,tc.canada.ca,Unclear website,Out of context
24,F,Une vision de 20/30 signifie que les gens doivent être à 20 pieds pour voir ce que je peux voir à 30 pieds.,msdmanuals.com,Intermediate media,
24,F,Une vision de 20/30 signifie que les gens doivent être à 20 pieds pour voir ce que je peux voir à 30 pieds.,em-consulte.com,Scientific source,
24,F,Une vision de 20/30 signifie que les gens doivent être à 20 pieds pour voir ce que je peux voir à 30 pieds.,inrs.fr,Intermediate media,
24,F,Une vision de 20/30 signifie que les gens doivent être à 20 pieds pour voir ce que je peux voir à 30 pieds.,tc.canada.ca,Unclear website,Out of context
24,F,Une vision de 20/30 signifie que les gens doivent être à 20 pieds pour voir ce que je peux voir à 30 pieds.,documents1.worldbank.org,International organization,Out of context
24,F,Une vision de 20/30 signifie que les gens doivent être à 20 pieds pour voir ce que je peux voir à 30 pieds.,itf-oecd.org,International organization,Out of context
24,F,Une vision de 20/30 signifie que les gens doivent être à 20 pieds pour voir ce que je peux voir à 30 pieds.,hal-lara.archives-ouvertes....,Scientific source,
24,F,Une vision de 20/30 signifie que les gens doivent être à 20 pieds pour voir ce que je peux voir à 30 pieds.,sraesensoriel.fr,Unclear website,Out of context
24,F,Une vision de 20/30 signifie que les gens doivent être à 20 pieds pour voir ce que je peux voir à 30 pieds.,gouvernement.lu,Local organization,
24,F,Une vision de 20/30 signifie que les gens doivent être à 20 pieds pour voir ce que je peux voir à 30 pieds.,static1.1.sqspcdn.com,Intermediate media,
24,F,Une vision de 20/30 signifie que les gens doivent être à 20 pieds pour voir ce que je peux voir à 30 pieds.,academia.edu,Scientific source,
24,F,Une vision de 20/30 signifie que les gens doivent être à 20 pieds pour voir ce que je peux voir à 30 pieds.,arauacustica.com,International organization,Partially relevant
24,F,Une vision de 20/30 signifie que les gens doivent être à 20 pieds pour voir ce que je peux voir à 30 pieds.,em-consulte.com,Unclear website,Out of context
24,F,Une vision de 20/30 signifie que les gens doivent être à 20 pieds pour voir ce que je peux voir à 30 pieds.,unesdoc.unesco.org,Mondial organization,
24,F,Une vision de 20/30 signifie que les gens doivent être à 20 pieds pour voir ce que je peux voir à 30 pieds.,theses.hal.science,Scientific source,
24,F,Une vision de 20/30 signifie que les gens doivent être à 20 pieds pour voir ce que je peux voir à 30 pieds.,theses.hal.science,Scientific source,
24,F,Une vision de 20/30 signifie que les gens doivent être à 20 pieds pour voir ce que je peux voir à 30 pieds.,fr.scribd.com,Scientific source,
24,F,Une vision de 20/30 signifie que les gens doivent être à 20 pieds pour voir ce que je peux voir à 30 pieds.,fr.scribd.com,Scientific source,
25,E,Democratic candidate for U.S. Senate Graham Platner's oyster business is totally fake.,npr.org,Journalistic source,
25,E,Democratic candidate for U.S. Senate Graham Platner's oyster business is totally fake.,npr.org,Journalistic source,
25,E,Democratic candidate for U.S. Senate Graham Platner's oyster business is totally fake.,thehill.com,Journalistic source,
25,E,Democratic candidate for U.S. Senate Graham Platner's oyster business is totally fake.,bbc.com,Journalistic source,
25,E,Democratic candidate for U.S. Senate Graham Platner's oyster business is totally fake.,bbc.com,Journalistic source,
25,E,Democratic candidate for U.S. Senate Graham Platner's oyster business is totally fake.,pbs.org,Intermediate media,
25,E,Democratic candidate for U.S. Senate Graham Platner's oyster business is totally fake.,courthousenews.com,Intermediate media,
25,E,Democratic candidate for U.S. Senate Graham Platner's oyster business is totally fake.,politifact.com,Journalistic source,
25,E,Democratic candidate for U.S. Senate Graham Platner's oyster business is totally fake.,politico.com,Journalistic source,
25,E,Democratic candidate for U.S. Senate Graham Platner's oyster business is totally fake.,abc7ny.com,Journalistic source,
25,E,Democratic candidate for U.S. Senate Graham Platner's oyster business is totally fake.,time.com,Journalistic source,
25,E,Democratic candidate for U.S. Senate Graham Platner's oyster business is totally fake.,washingtonpost.com,Journalistic source,
25,E,Democratic candidate for U.S. Senate Graham Platner's oyster business is totally fake.,theguardian.com,Journalistic source,
25,E,Democratic candidate for U.S. Senate Graham Platner's oyster business is totally fake.,wbur.org,Intermediate media,
25,E,Democratic candidate for U.S. Senate Graham Platner's oyster business is totally fake.,wmtw.com,Intermediate media,
25,E,Democratic candidate for U.S. Senate Graham Platner's oyster business is totally fake.,themainemonitor.org,Journalistic source,
25,E,Democratic candidate for U.S. Senate Graham Platner's oyster business is totally fake.,notus.org,Journalistic source,
26,F,L'entreprise d'huîtres du candidat démocrate au Sénat Graham Platner est totalement fausse.,fr.wikipedia.org,Intermediate media,
26,F,L'entreprise d'huîtres du candidat démocrate au Sénat Graham Platner est totalement fausse.,ici.radio-canada.ca,Local organization,
26,F,L'entreprise d'huîtres du candidat démocrate au Sénat Graham Platner est totalement fausse.,rtbf.be,Journalistic source,
26,F,L'entreprise d'huîtres du candidat démocrate au Sénat Graham Platner est totalement fausse.,rtbf.be,Journalistic source,
26,F,L'entreprise d'huîtres du candidat démocrate au Sénat Graham Platner est totalement fausse.,journaldequebec.com,Journalistic source,
26,F,L'entreprise d'huîtres du candidat démocrate au Sénat Graham Platner est totalement fausse.,ressources-naturelles.canad...,Government / public institution,Partially relevant
26,F,L'entreprise d'huîtres du candidat démocrate au Sénat Graham Platner est totalement fausse.,rollingstone.fr,Journalistic source,
26,F,L'entreprise d'huîtres du candidat démocrate au Sénat Graham Platner est totalement fausse.,ewsdata.rightsindevelopment...,Intermediate media,
26,F,L'entreprise d'huîtres du candidat démocrate au Sénat Graham Platner est totalement fausse.,sarahlaurent.substack.com,Intermediate media,
26,F,L'entreprise d'huîtres du candidat démocrate au Sénat Graham Platner est totalement fausse.,theses.hal.science,Scientific source,
26,F,L'entreprise d'huîtres du candidat démocrate au Sénat Graham Platner est totalement fausse.,assobat.be,Intermediate media,
26,F,L'entreprise d'huîtres du candidat démocrate au Sénat Graham Platner est totalement fausse.,theses.hal.science,Scientific source,
26,F,L'entreprise d'huîtres du candidat démocrate au Sénat Graham Platner est totalement fausse.,theses.hal.science,Scientific source,
26,F,L'entreprise d'huîtres du candidat démocrate au Sénat Graham Platner est totalement fausse.,ocean-climate.org,Government / public institution,Out of context
26,F,L'entreprise d'huîtres du candidat démocrate au Sénat Graham Platner est totalement fausse.,orbi.uliege.be,Scientific source,
26,F,L'entreprise d'huîtres du candidat démocrate au Sénat Graham Platner est totalement fausse.,pastel.hal.science,Government / public institution,Partially relevant
26,F,L'entreprise d'huîtres du candidat démocrate au Sénat Graham Platner est totalement fausse.,ocean-climate.org,Intermediate media,
26,F,L'entreprise d'huîtres du candidat démocrate au Sénat Graham Platner est totalement fausse.,horizon.documentation.ird.f...,Government / public institution,Out of context
26,F,L'entreprise d'huîtres du candidat démocrate au Sénat Graham Platner est totalement fausse.,archimer.ifremer.fr,Journalistic source,Partially relevant
26,F,L'entreprise d'huîtres du candidat démocrate au Sénat Graham Platner est totalement fausse.,pressreader.com,Journalistic source,Partially relevant
26,F,L'entreprise d'huîtres du candidat démocrate au Sénat Graham Platner est totalement fausse.,richardhetu.com,Government / public institution,Partially relevant
26,F,L'entreprise d'huîtres du candidat démocrate au Sénat Graham Platner est totalement fausse.,lesjours.fr,Government / public institution,Out of context
27,E,"Los Angeles mayoral candidate Spencer Pratt got 0 out of 24,000 votes in a late night ballot drop.",factcheck.afp.com,Journalistic source,
27,E,"Los Angeles mayoral candidate Spencer Pratt got 0 out of 24,000 votes in a late night ballot drop.",bbc.com,Journalistic source,
27,E,"Los Angeles mayoral candidate Spencer Pratt got 0 out of 24,000 votes in a late night ballot drop.",politifact.com,Journalistic source,
27,E,"Los Angeles mayoral candidate Spencer Pratt got 0 out of 24,000 votes in a late night ballot drop.",ktla.com,Journalistic source,
27,E,"Los Angeles mayoral candidate Spencer Pratt got 0 out of 24,000 votes in a late night ballot drop.",latimes.com,Journalistic source,
27,E,"Los Angeles mayoral candidate Spencer Pratt got 0 out of 24,000 votes in a late night ballot drop.",dailynews.com,Intermediate media,
27,E,"Los Angeles mayoral candidate Spencer Pratt got 0 out of 24,000 votes in a late night ballot drop.",dailynews.com,Intermediate media,
27,E,"Los Angeles mayoral candidate Spencer Pratt got 0 out of 24,000 votes in a late night ballot drop.",forbes.com,Journalistic source,
27,E,"Los Angeles mayoral candidate Spencer Pratt got 0 out of 24,000 votes in a late night ballot drop.",forbes.com,Journalistic source,
27,E,"Los Angeles mayoral candidate Spencer Pratt got 0 out of 24,000 votes in a late night ballot drop.",nbclosangeles.com,Journalistic source,
27,E,"Los Angeles mayoral candidate Spencer Pratt got 0 out of 24,000 votes in a late night ballot drop.",abc30.com,Journalistic source,
27,E,"Los Angeles mayoral candidate Spencer Pratt got 0 out of 24,000 votes in a late night ballot drop.",ap.org,Journalistic source,
27,E,"Los Angeles mayoral candidate Spencer Pratt got 0 out of 24,000 votes in a late night ballot drop.",yahoo.com,Intermediate media,
27,E,"Los Angeles mayoral candidate Spencer Pratt got 0 out of 24,000 votes in a late night ballot drop.",calmatters.org,Journalistic source,
27,E,"Los Angeles mayoral candidate Spencer Pratt got 0 out of 24,000 votes in a late night ballot drop.",laist.com,Journalistic source,
27,E,"Los Angeles mayoral candidate Spencer Pratt got 0 out of 24,000 votes in a late night ballot drop.",abc7.com,Journalistic source,
27,E,"Los Angeles mayoral candidate Spencer Pratt got 0 out of 24,000 votes in a late night ballot drop.",abc7.com,Journalistic source,
27,E,"Los Angeles mayoral candidate Spencer Pratt got 0 out of 24,000 votes in a late night ballot drop.",abc7.com,Journalistic source,
27,E,"Los Angeles mayoral candidate Spencer Pratt got 0 out of 24,000 votes in a late night ballot drop.",abc7news.com,Journalistic source,
27,E,"Los Angeles mayoral candidate Spencer Pratt got 0 out of 24,000 votes in a late night ballot drop.",foxnews.com,Journalistic source,
27,E,"Los Angeles mayoral candidate Spencer Pratt got 0 out of 24,000 votes in a late night ballot drop.",results.lavote.gov,Local organization,
27,E,"Los Angeles mayoral candidate Spencer Pratt got 0 out of 24,000 votes in a late night ballot drop.",results.lavote.gov,Local organization,
28,F,Le candidat à la mairie de Los Angeles Spencer Pratt a obtenu 0 voix sur 24 000 lors d'un dépôt tardif de bulletins.,fr.wikipedia.org,Intermediate media,
28,F,Le candidat à la mairie de Los Angeles Spencer Pratt a obtenu 0 voix sur 24 000 lors d'un dépôt tardif de bulletins.,fr.news.yahoo.com,Intermediate media,
28,F,Le candidat à la mairie de Los Angeles Spencer Pratt a obtenu 0 voix sur 24 000 lors d'un dépôt tardif de bulletins.,20minutes.fr,Journalistic source,
28,F,Le candidat à la mairie de Los Angeles Spencer Pratt a obtenu 0 voix sur 24 000 lors d'un dépôt tardif de bulletins.,noovo.info,Journalistic source,
28,F,Le candidat à la mairie de Los Angeles Spencer Pratt a obtenu 0 voix sur 24 000 lors d'un dépôt tardif de bulletins.,dumas.ccsd.cnrs.fr,Scientific source,
28,F,Le candidat à la mairie de Los Angeles Spencer Pratt a obtenu 0 voix sur 24 000 lors d'un dépôt tardif de bulletins.,rollingstone.fr,Journalistic source,
28,F,Le candidat à la mairie de Los Angeles Spencer Pratt a obtenu 0 voix sur 24 000 lors d'un dépôt tardif de bulletins.,extranet.puq.ca,Intermediate media,
28,F,Le candidat à la mairie de Los Angeles Spencer Pratt a obtenu 0 voix sur 24 000 lors d'un dépôt tardif de bulletins.,theses.hal.science,Unclear website,Relevant
28,F,Le candidat à la mairie de Los Angeles Spencer Pratt a obtenu 0 voix sur 24 000 lors d'un dépôt tardif de bulletins.,iro.umontreal.ca,Unclear website,Partially relevant
28,F,Le candidat à la mairie de Los Angeles Spencer Pratt a obtenu 0 voix sur 24 000 lors d'un dépôt tardif de bulletins.,scholar.lib.vt.edu,Unclear website,Partially relevant
28,F,Le candidat à la mairie de Los Angeles Spencer Pratt a obtenu 0 voix sur 24 000 lors d'un dépôt tardif de bulletins.,theses.hal.science,Unclear website,Partially relevant
28,F,Le candidat à la mairie de Los Angeles Spencer Pratt a obtenu 0 voix sur 24 000 lors d'un dépôt tardif de bulletins.,svn.spraakdata.gu.se,Government / public institution,Out of context
28,F,Le candidat à la mairie de Los Angeles Spencer Pratt a obtenu 0 voix sur 24 000 lors d'un dépôt tardif de bulletins.,scholar.lib.vt.edu,Unclear website,Partially relevant
28,F,Le candidat à la mairie de Los Angeles Spencer Pratt a obtenu 0 voix sur 24 000 lors d'un dépôt tardif de bulletins.,iaff.org,Intermediate media,
28,F,Le candidat à la mairie de Los Angeles Spencer Pratt a obtenu 0 voix sur 24 000 lors d'un dépôt tardif de bulletins.,iaff.org,Intermediate media,
28,F,Le candidat à la mairie de Los Angeles Spencer Pratt a obtenu 0 voix sur 24 000 lors d'un dépôt tardif de bulletins.,vietnam.vn,Journalistic source,
28,F,Le candidat à la mairie de Los Angeles Spencer Pratt a obtenu 0 voix sur 24 000 lors d'un dépôt tardif de bulletins.,rollingstone.fr,Journalistic source,
28,F,Le candidat à la mairie de Los Angeles Spencer Pratt a obtenu 0 voix sur 24 000 lors d'un dépôt tardif de bulletins.,academie-medecine.fr,Intermediate media,
28,F,Le candidat à la mairie de Los Angeles Spencer Pratt a obtenu 0 voix sur 24 000 lors d'un dépôt tardif de bulletins.,fr.scribd.com,Unclear website,Partially relevant
28,F,Le candidat à la mairie de Los Angeles Spencer Pratt a obtenu 0 voix sur 24 000 lors d'un dépôt tardif de bulletins.,numerique.banq.qc.ca,Intermediate media,
28,F,Le candidat à la mairie de Los Angeles Spencer Pratt a obtenu 0 voix sur 24 000 lors d'un dépôt tardif de bulletins.,fs.hubspotusercontent00.net...,Intermediate media,
28,F,Le candidat à la mairie de Los Angeles Spencer Pratt a obtenu 0 voix sur 24 000 lors d'un dépôt tardif de bulletins.,academieroyale.be,Unclear website,Partially relevant
28,F,Le candidat à la mairie de Los Angeles Spencer Pratt a obtenu 0 voix sur 24 000 lors d'un dépôt tardif de bulletins.,extranet.puq.ca,Intermediate media,
28,F,Le candidat à la mairie de Los Angeles Spencer Pratt a obtenu 0 voix sur 24 000 lors d'un dépôt tardif de bulletins.,hal.science,Scientific source,
28,F,Le candidat à la mairie de Los Angeles Spencer Pratt a obtenu 0 voix sur 24 000 lors d'un dépôt tardif de bulletins.,extranet.puq.ca,Intermediate media,
29,E,This video shows a June 2026 earthquake in the Philippines.,factcheck.afp.com,Journalistic source,
29,E,This video shows a June 2026 earthquake in the Philippines.,factcheck.afp.com,Journalistic source,
29,E,This video shows a June 2026 earthquake in the Philippines.,abc.net.au,Journalistic source,
29,E,This video shows a June 2026 earthquake in the Philippines.,bbc.com,Journalistic source,
29,E,This video shows a June 2026 earthquake in the Philippines.,bbc.com,Journalistic source,
29,E,This video shows a June 2026 earthquake in the Philippines.,en.wikipedia.org,Intermediate media,
29,E,This video shows a June 2026 earthquake in the Philippines.,bostonherald.com,Journalistic source,
29,E,This video shows a June 2026 earthquake in the Philippines.,aljazeera.com,Journalistic source,
29,E,This video shows a June 2026 earthquake in the Philippines.,cnn.com,Journalistic source,
29,E,This video shows a June 2026 earthquake in the Philippines.,fox5sandiego.com,Journalistic source,
29,E,This video shows a June 2026 earthquake in the Philippines.,earthquake.usgs.gov,Local organization,
29,E,This video shows a June 2026 earthquake in the Philippines.,unfpa.org,Mondial organization,
29,E,This video shows a June 2026 earthquake in the Philippines.,unhcr.org,Mondial organization,
29,E,This video shows a June 2026 earthquake in the Philippines.,news.un.org,Mondial organization,
29,E,This video shows a June 2026 earthquake in the Philippines.,americares.org,Intermediate media,
29,E,This video shows a June 2026 earthquake in the Philippines.,reliefweb.int,Mondial organization,
29,E,This video shows a June 2026 earthquake in the Philippines.,eeri.org,Intermediate media,
29,E,This video shows a June 2026 earthquake in the Philippines.,ioc.unesco.org,Mondial organization,
30,F,Cette vidéo montrerait un séisme survenu aux Philippines en juin 2026.,fr.euronews.com,Journalistic source,
30,F,Cette vidéo montrerait un séisme survenu aux Philippines en juin 2026.,la-croix.com,Mondial organization,
30,F,Cette vidéo montrerait un séisme survenu aux Philippines en juin 2026.,noovo.info,Journalistic source,
30,F,Cette vidéo montrerait un séisme survenu aux Philippines en juin 2026.,lemonde.fr,Journalistic source,
30,F,Cette vidéo montrerait un séisme survenu aux Philippines en juin 2026.,lemonde.fr,Journalistic source,
30,F,Cette vidéo montrerait un séisme survenu aux Philippines en juin 2026.,lemonde.fr,Journalistic source,
30,F,Cette vidéo montrerait un séisme survenu aux Philippines en juin 2026.,information.tv5monde.com,Intermediate media,
30,F,Cette vidéo montrerait un séisme survenu aux Philippines en juin 2026.,dumas.ccsd.cnrs.fr,Unclear website,Out of context
30,F,Cette vidéo montrerait un séisme survenu aux Philippines en juin 2026.,ledauphine.com,Journalistic source,
30,F,Cette vidéo montrerait un séisme survenu aux Philippines en juin 2026.,vivendi.com,Intermediate media,
30,F,Cette vidéo montrerait un séisme survenu aux Philippines en juin 2026.,unesdoc.unesco.org,Unclear website,Out of context
30,F,Cette vidéo montrerait un séisme survenu aux Philippines en juin 2026.,oecd-nea.org,Government / public institution,Partially relevant
30,F,Cette vidéo montrerait un séisme survenu aux Philippines en juin 2026.,meti.go.jp,Government / public institution,Out of context
30,F,Cette vidéo montrerait un séisme survenu aux Philippines en juin 2026.,ifrc.org,Mondial organization,
30,F,Cette vidéo montrerait un séisme survenu aux Philippines en juin 2026.,lemouvementassociatif.org,Intermediate media,
30,F,Cette vidéo montrerait un séisme survenu aux Philippines en juin 2026.,hal.science,Government / public institution,Out of context
30,F,Cette vidéo montrerait un séisme survenu aux Philippines en juin 2026.,alliancecpha.org,Unclear website,Out of context
30,F,Cette vidéo montrerait un séisme survenu aux Philippines en juin 2026.,adextra-mission.com,Intermediate media,
30,F,Cette vidéo montrerait un séisme survenu aux Philippines en juin 2026.,lespetitscitoyens.com,Intermediate media,
30,F,Cette vidéo montrerait un séisme survenu aux Philippines en juin 2026.,lactualite.com,Journalistic source,
30,F,Cette vidéo montrerait un séisme survenu aux Philippines en juin 2026.,rts.ch,Journalistic source,
30,F,Cette vidéo montrerait un séisme survenu aux Philippines en juin 2026.,atlas-mag.net,Intermediate media,
30,F,Cette vidéo montrerait un séisme survenu aux Philippines en juin 2026.,news.un.org,Mondial organization,
31,E,Los Angeles mayoral candidate Nithya Raman had conceded the race as of June 7.,poynter.org,Local organization,
31,E,Los Angeles mayoral candidate Nithya Raman had conceded the race as of June 7.,kcra.com,Journalistic source,
31,E,Los Angeles mayoral candidate Nithya Raman had conceded the race as of June 7.,politifact.com,Journalistic source,
31,E,Los Angeles mayoral candidate Nithya Raman had conceded the race as of June 7.,nbcnews.com,Journalistic source,
31,E,Los Angeles mayoral candidate Nithya Raman had conceded the race as of June 7.,en.wikipedia.org,Intermediate media,
31,E,Los Angeles mayoral candidate Nithya Raman had conceded the race as of June 7.,variety.com,Journalistic source,
31,E,Los Angeles mayoral candidate Nithya Raman had conceded the race as of June 7.,forbes.com,Journalistic source,
31,E,Los Angeles mayoral candidate Nithya Raman had conceded the race as of June 7.,theguardian.com,Journalistic source,
31,E,Los Angeles mayoral candidate Nithya Raman had conceded the race as of June 7.,cnn.com,Journalistic source,
31,E,Los Angeles mayoral candidate Nithya Raman had conceded the race as of June 7.,abc7.com,Journalistic source,
31,E,Los Angeles mayoral candidate Nithya Raman had conceded the race as of June 7.,abc7.com,Journalistic source,
31,E,Los Angeles mayoral candidate Nithya Raman had conceded the race as of June 7.,abc7news.com,Journalistic source,
31,E,Los Angeles mayoral candidate Nithya Raman had conceded the race as of June 7.,foxnews.com,Journalistic source,
32,F,La candidate à la mairie de Los Angeles Nithya Raman aurait concédé la course dès le 7 juin.,la-croix.com,Social media,
32,F,La candidate à la mairie de Los Angeles Nithya Raman aurait concédé la course dès le 7 juin.,polymarket.com,Journalistic source,Out of context
33,E,Iowa Democratic U.S. Senate candidate Josh Turek supports sex changes for kids.,desmoinesregister.com,Journalistic source,
33,E,Iowa Democratic U.S. Senate candidate Josh Turek supports sex changes for kids.,pbs.org,Intermediate media,
33,E,Iowa Democratic U.S. Senate candidate Josh Turek supports sex changes for kids.,politifact.com,Journalistic source,
33,E,Iowa Democratic U.S. Senate candidate Josh Turek supports sex changes for kids.,punchbowl.news,Journalistic source,
33,E,Iowa Democratic U.S. Senate candidate Josh Turek supports sex changes for kids.,politico.com,Journalistic source,
33,E,Iowa Democratic U.S. Senate candidate Josh Turek supports sex changes for kids.,thegazette.com,Intermediate media,
33,E,Iowa Democratic U.S. Senate candidate Josh Turek supports sex changes for kids.,iowapublicradio.org,Journalistic source,
33,E,Iowa Democratic U.S. Senate candidate Josh Turek supports sex changes for kids.,iowacapitaldispatch.com,Journalistic source,
33,E,Iowa Democratic U.S. Senate candidate Josh Turek supports sex changes for kids.,iowacapitaldispatch.com,Journalistic source,
33,E,Iowa Democratic U.S. Senate candidate Josh Turek supports sex changes for kids.,littlevillagemag.com,Journalistic source,
33,E,Iowa Democratic U.S. Senate candidate Josh Turek supports sex changes for kids.,endocrinenews.endocrine.org...,Journalistic source,Out of context
33,E,Iowa Democratic U.S. Senate candidate Josh Turek supports sex changes for kids.,stanfordlawreview.org,Intermediate media,
33,E,Iowa Democratic U.S. Senate candidate Josh Turek supports sex changes for kids.,archives.albany.edu,Journalistic source,Out of context
33,E,Iowa Democratic U.S. Senate candidate Josh Turek supports sex changes for kids.,supremecourt.gov,Local organization,
33,E,Iowa Democratic U.S. Senate candidate Josh Turek supports sex changes for kids.,turek4iowa.com,Intermediate media,
33,E,Iowa Democratic U.S. Senate candidate Josh Turek supports sex changes for kids.,americanjournalnews.com,Intermediate media,
33,E,Iowa Democratic U.S. Senate candidate Josh Turek supports sex changes for kids.,newsfromthestates.com,Journalistic source,
34,F,Le candidat démocrate au Sénat de l'Iowa Josh Turek soutiendrait les changements de sexe pour les enfants.,fr.wikipedia.org,Intermediate media,
34,F,Le candidat démocrate au Sénat de l'Iowa Josh Turek soutiendrait les changements de sexe pour les enfants.,fantasiafestival.com,Unclear website,Out of context
34,F,Le candidat démocrate au Sénat de l'Iowa Josh Turek soutiendrait les changements de sexe pour les enfants.,rendez-vous.quebeccinema.ca...,Intermediate media,
34,F,Le candidat démocrate au Sénat de l'Iowa Josh Turek soutiendrait les changements de sexe pour les enfants.,fr.scribd.com,Intermediate media,
34,F,Le candidat démocrate au Sénat de l'Iowa Josh Turek soutiendrait les changements de sexe pour les enfants.,svn.apache.org,Intermediate media,
34,F,Le candidat démocrate au Sénat de l'Iowa Josh Turek soutiendrait les changements de sexe pour les enfants.,theses.hal.science,Scientific source,
34,F,Le candidat démocrate au Sénat de l'Iowa Josh Turek soutiendrait les changements de sexe pour les enfants.,numerique.banq.qc.ca,Intermediate media,
34,F,Le candidat démocrate au Sénat de l'Iowa Josh Turek soutiendrait les changements de sexe pour les enfants.,numerique.banq.qc.ca,Intermediate media,
34,F,Le candidat démocrate au Sénat de l'Iowa Josh Turek soutiendrait les changements de sexe pour les enfants.,academia.edu,Scientific source,
34,F,Le candidat démocrate au Sénat de l'Iowa Josh Turek soutiendrait les changements de sexe pour les enfants.,zenodo.org,Scientific source,
35,E,Says his cognitive test results showed he has extreme intelligence.,nature.com,Scientific source,
35,E,Says his cognitive test results showed he has extreme intelligence.,sciencedirect.com,Unclear website,Out of context
35,E,Says his cognitive test results showed he has extreme intelligence.,sciencedirect.com,Scientific source,
35,E,Says his cognitive test results showed he has extreme intelligence.,sciencedirect.com,Scientific source,
35,E,Says his cognitive test results showed he has extreme intelligence.,sciencedirect.com,Unclear website,Partially relevant
35,E,Says his cognitive test results showed he has extreme intelligence.,ntp.niehs.nih.gov,Unclear website,Out of context
35,E,Says his cognitive test results showed he has extreme intelligence.,nih.gov,Local organization,
35,E,Says his cognitive test results showed he has extreme intelligence.,pmc.ncbi.nlm.nih.gov,Scientific source,
35,E,Says his cognitive test results showed he has extreme intelligence.,pmc.ncbi.nlm.nih.gov,Scientific source,
35,E,Says his cognitive test results showed he has extreme intelligence.,pmc.ncbi.nlm.nih.gov,Scientific source,
35,E,Says his cognitive test results showed he has extreme intelligence.,pmc.ncbi.nlm.nih.gov,Unclear website,Out of context
35,E,Says his cognitive test results showed he has extreme intelligence.,pmc.ncbi.nlm.nih.gov,Unclear website,Out of context
35,E,Says his cognitive test results showed he has extreme intelligence.,pmc.ncbi.nlm.nih.gov,Scientific source,
35,E,Says his cognitive test results showed he has extreme intelligence.,pmc.ncbi.nlm.nih.gov,Scientific source,
35,E,Says his cognitive test results showed he has extreme intelligence.,brookings.edu,Scientific source,
35,E,Says his cognitive test results showed he has extreme intelligence.,carnegieendowment.org,Unclear website,Out of context
35,E,Says his cognitive test results showed he has extreme intelligence.,cato.org,Unclear website,Out of context
35,E,Says his cognitive test results showed he has extreme intelligence.,som.yale.edu,Scientific source,
35,E,Says his cognitive test results showed he has extreme intelligence.,jamanetwork.com,Scientific source,
35,E,Says his cognitive test results showed he has extreme intelligence.,nea.org,Intermediate media,
35,E,Says his cognitive test results showed he has extreme intelligence.,fra.europa.eu,Mondial organization,
35,E,Says his cognitive test results showed he has extreme intelligence.,ada.gov,Unclear website,Out of context
35,E,Says his cognitive test results showed he has extreme intelligence.,knightcolumbia.org,Intermediate media,
35,E,Says his cognitive test results showed he has extreme intelligence.,ssa.gov,Government / public institution,Out of context
36,F,Ses résultats à un test cognitif montreraient une intelligence extrême.,sciencedirect.com,Scientific source,
36,F,Ses résultats à un test cognitif montreraient une intelligence extrême.,pmc.ncbi.nlm.nih.gov,Scientific source,
36,F,Ses résultats à un test cognitif montreraient une intelligence extrême.,fr.wikipedia.org,Intermediate media,
36,F,Ses résultats à un test cognitif montreraient une intelligence extrême.,ramus-meninges.fr,Intermediate media,
36,F,Ses résultats à un test cognitif montreraient une intelligence extrême.,oadd.org,Intermediate media,
36,F,Ses résultats à un test cognitif montreraient une intelligence extrême.,ordrepsy.qc.ca,Intermediate media,
36,F,Ses résultats à un test cognitif montreraient une intelligence extrême.,cairn.info,Scientific source,
36,F,Ses résultats à un test cognitif montreraient une intelligence extrême.,iqgenio.com,Intermediate media,
36,F,Ses résultats à un test cognitif montreraient une intelligence extrême.,comprendrelautisme.com,Intermediate media,
36,F,Ses résultats à un test cognitif montreraient une intelligence extrême.,theses.hal.science,Scientific source,
36,F,Ses résultats à un test cognitif montreraient une intelligence extrême.,cnil.fr,Local organization,
36,F,Ses résultats à un test cognitif montreraient une intelligence extrême.,psychologieetserenite.com,Intermediate media,
36,F,Ses résultats à un test cognitif montreraient une intelligence extrême.,ordrepsy.qc.ca,Intermediate media,
36,F,Ses résultats à un test cognitif montreraient une intelligence extrême.,rayuresetratures.fr,Intermediate media,
36,F,Ses résultats à un test cognitif montreraient une intelligence extrême.,cognifit.com,Intermediate media,
36,F,Ses résultats à un test cognitif montreraient une intelligence extrême.,hal.science,Scientific source,
36,F,Ses résultats à un test cognitif montreraient une intelligence extrême.,aqnp.ca,Intermediate media,
36,F,Ses résultats à un test cognitif montreraient une intelligence extrême.,epublications.marquette.edu...,Unclear website,Out of context
36,F,Ses résultats à un test cognitif montreraient une intelligence extrême.,aqnp.ca,Intermediate media,
36,F,Ses résultats à un test cognitif montreraient une intelligence extrême.,unesdoc.unesco.org,International organization,Out of context
37,E,A video shows workers removing President Donald Trump's name from the Kennedy Center.,factcheck.afp.com,Journalistic source,
37,E,A video shows workers removing President Donald Trump's name from the Kennedy Center.,npr.org,Journalistic source,
37,E,A video shows workers removing President Donald Trump's name from the Kennedy Center.,pingree.house.gov,Local organization,
37,E,A video shows workers removing President Donald Trump's name from the Kennedy Center.,bbc.com,Journalistic source,
37,E,A video shows workers removing President Donald Trump's name from the Kennedy Center.,bbc.com,Journalistic source,
37,E,A video shows workers removing President Donald Trump's name from the Kennedy Center.,cbsnews.com,Journalistic source,
37,E,A video shows workers removing President Donald Trump's name from the Kennedy Center.,kcra.com,Journalistic source,
37,E,A video shows workers removing President Donald Trump's name from the Kennedy Center.,pbs.org,Intermediate media,
37,E,A video shows workers removing President Donald Trump's name from the Kennedy Center.,pbs.org,Intermediate media,
37,E,A video shows workers removing President Donald Trump's name from the Kennedy Center.,courthousenews.com,Intermediate media,
37,E,A video shows workers removing President Donald Trump's name from the Kennedy Center.,nbcwashington.com,Journalistic source,
37,E,A video shows workers removing President Donald Trump's name from the Kennedy Center.,nbcwashington.com,Journalistic source,
37,E,A video shows workers removing President Donald Trump's name from the Kennedy Center.,nbcwashington.com,Journalistic source,
37,E,A video shows workers removing President Donald Trump's name from the Kennedy Center.,abcnews.com,Journalistic source,
37,E,A video shows workers removing President Donald Trump's name from the Kennedy Center.,wbaltv.com,Journalistic source,
37,E,A video shows workers removing President Donald Trump's name from the Kennedy Center.,ms.now,Intermediate media,
37,E,A video shows workers removing President Donald Trump's name from the Kennedy Center.,walottery.com,Intermediate media,
37,E,A video shows workers removing President Donald Trump's name from the Kennedy Center.,walottery.com,Intermediate media,
37,E,A video shows workers removing President Donald Trump's name from the Kennedy Center.,kent-teach.com,Intermediate media,
37,E,A video shows workers removing President Donald Trump's name from the Kennedy Center.,bvwd.ca.gov,Local organization,
37,E,A video shows workers removing President Donald Trump's name from the Kennedy Center.,enablx.com,Social media,
37,E,A video shows workers removing President Donald Trump's name from the Kennedy Center.,support.trustwave.com,Unclear website,Out of context
37,E,A video shows workers removing President Donald Trump's name from the Kennedy Center.,walottery.com,Intermediate media,
38,F,Une vidéo montrerait des ouvriers retirant le nom du président Trump du Kennedy Center.,ledevoir.com,Journalistic source,
38,F,Une vidéo montrerait des ouvriers retirant le nom du président Trump du Kennedy Center.,fr.timesofisrael.com,Journalistic source,
38,F,Une vidéo montrerait des ouvriers retirant le nom du président Trump du Kennedy Center.,fr.news.yahoo.com,Intermediate media,
38,F,Une vidéo montrerait des ouvriers retirant le nom du président Trump du Kennedy Center.,leparisien.fr,Journalistic source,
38,F,Une vidéo montrerait des ouvriers retirant le nom du président Trump du Kennedy Center.,noovo.info,Journalistic source,
38,F,Une vidéo montrerait des ouvriers retirant le nom du président Trump du Kennedy Center.,tf1info.fr,Journalistic source,
38,F,Une vidéo montrerait des ouvriers retirant le nom du président Trump du Kennedy Center.,lemonde.fr,Journalistic source,
38,F,Une vidéo montrerait des ouvriers retirant le nom du président Trump du Kennedy Center.,lemonde.fr,Journalistic source,
38,F,Une vidéo montrerait des ouvriers retirant le nom du président Trump du Kennedy Center.,rtbf.be,Journalistic source,
38,F,Une vidéo montrerait des ouvriers retirant le nom du président Trump du Kennedy Center.,theses.hal.science,International organization,Out of context
38,F,Une vidéo montrerait des ouvriers retirant le nom du président Trump du Kennedy Center.,hec.edu,International organization,Out of context
38,F,Une vidéo montrerait des ouvriers retirant le nom du président Trump du Kennedy Center.,ipinst.org,International organization,Out of context
38,F,Une vidéo montrerait des ouvriers retirant le nom du président Trump du Kennedy Center.,strategie-plan.gouv.fr,Unclear website,Out of context
38,F,Une vidéo montrerait des ouvriers retirant le nom du président Trump du Kennedy Center.,journals.openedition.org,Government / public institution,Out of context
38,F,Une vidéo montrerait des ouvriers retirant le nom du président Trump du Kennedy Center.,mediasmeteo.com,Intermediate media,
38,F,Une vidéo montrerait des ouvriers retirant le nom du président Trump du Kennedy Center.,theses.hal.science,Scientific source,
38,F,Une vidéo montrerait des ouvriers retirant le nom du président Trump du Kennedy Center.,senat.fr,Unclear website,Out of context
38,F,Une vidéo montrerait des ouvriers retirant le nom du président Trump du Kennedy Center.,acerwc.africa,Unclear website,Out of context
38,F,Une vidéo montrerait des ouvriers retirant le nom du président Trump du Kennedy Center.,cmj.univ-amu.fr,Intermediate media,
38,F,Une vidéo montrerait des ouvriers retirant le nom du président Trump du Kennedy Center.,lejournaldesarts.fr,Intermediate media,
38,F,Une vidéo montrerait des ouvriers retirant le nom du président Trump du Kennedy Center.,assemblee-nationale.fr,Local organization,
38,F,Une vidéo montrerait des ouvriers retirant le nom du président Trump du Kennedy Center.,lessentiel.lu,Journalistic source,
39,E,El presidente Donald Trump firmó una ley para aumentar el salario mínimo a $25 la hora y entra en vigor el 1 de junio.,cbo.gov,Unclear website,Out of context
39,E,El presidente Donald Trump firmó una ley para aumentar el salario mínimo a $25 la hora y entra en vigor el 1 de junio.,ncsl.org,Unclear website,Out of context
39,E,El presidente Donald Trump firmó una ley para aumentar el salario mínimo a $25 la hora y entra en vigor el 1 de junio.,cbpp.org,Unclear website,Partially relevant
39,E,El presidente Donald Trump firmó una ley para aumentar el salario mínimo a $25 la hora y entra en vigor el 1 de junio.,en.wikipedia.org,Scientific source,Out of context
39,E,El presidente Donald Trump firmó una ley para aumentar el salario mínimo a $25 la hora y entra en vigor el 1 de junio.,clarionledger.com,Journalistic source,
39,E,El presidente Donald Trump firmó una ley para aumentar el salario mínimo a $25 la hora y entra en vigor el 1 de junio.,epi.org,Unclear website,Out of context
39,E,El presidente Donald Trump firmó una ley para aumentar el salario mínimo a $25 la hora y entra en vigor el 1 de junio.,epi.org,Scientific source,Out of context
39,E,El presidente Donald Trump firmó una ley para aumentar el salario mínimo a $25 la hora y entra en vigor el 1 de junio.,epi.org,Local organization,
39,E,El presidente Donald Trump firmó una ley para aumentar el salario mínimo a $25 la hora y entra en vigor el 1 de junio.,whitehouse.gov,Local organization,
39,E,El presidente Donald Trump firmó una ley para aumentar el salario mínimo a $25 la hora y entra en vigor el 1 de junio.,americanprogress.org,Local organization,
39,E,El presidente Donald Trump firmó una ley para aumentar el salario mínimo a $25 la hora y entra en vigor el 1 de junio.,progressive.org,Journalistic source,
39,E,El presidente Donald Trump firmó una ley para aumentar el salario mínimo a $25 la hora y entra en vigor el 1 de junio.,usa.gov,Unclear website,Out of context
39,E,El presidente Donald Trump firmó una ley para aumentar el salario mínimo a $25 la hora y entra en vigor el 1 de junio.,does.dc.gov,Unclear website,Out of context
39,E,El presidente Donald Trump firmó una ley para aumentar el salario mínimo a $25 la hora y entra en vigor el 1 de junio.,dol.gov,Unclear website,Out of context
39,E,El presidente Donald Trump firmó una ley para aumentar el salario mínimo a $25 la hora y entra en vigor el 1 de junio.,dol.gov,Unclear website,Out of context
39,E,El presidente Donald Trump firmó una ley para aumentar el salario mínimo a $25 la hora y entra en vigor el 1 de junio.,dol.gov,Local organization,
39,E,El presidente Donald Trump firmó una ley para aumentar el salario mínimo a $25 la hora y entra en vigor el 1 de junio.,jacksonlewis.com,Intermediate media,
39,E,El presidente Donald Trump firmó una ley para aumentar el salario mínimo a $25 la hora y entra en vigor el 1 de junio.,littler.com,Intermediate media,
39,E,El presidente Donald Trump firmó una ley para aumentar el salario mínimo a $25 la hora y entra en vigor el 1 de junio.,govcon.mofo.com,Intermediate media,
39,E,El presidente Donald Trump firmó una ley para aumentar el salario mínimo a $25 la hora y entra en vigor el 1 de junio.,jacksonlewis.com,Intermediate media,
39,E,El presidente Donald Trump firmó una ley para aumentar el salario mínimo a $25 la hora y entra en vigor el 1 de junio.,dol.gov,Local organization,
39,E,El presidente Donald Trump firmó una ley para aumentar el salario mínimo a $25 la hora y entra en vigor el 1 de junio.,cmadocs.org,Journalistic source,Partially relevant
39,E,El presidente Donald Trump firmó una ley para aumentar el salario mínimo a $25 la hora y entra en vigor el 1 de junio.,gov.ca.gov,Government / public institution,Out of context
39,E,El presidente Donald Trump firmó una ley para aumentar el salario mínimo a $25 la hora y entra en vigor el 1 de junio.,wagehourblog.com,Government / public institution,Out of context
39,E,El presidente Donald Trump firmó una ley para aumentar el salario mínimo a $25 la hora y entra en vigor el 1 de junio.,hklaw.com,Intermediate media,
39,E,El presidente Donald Trump firmó una ley para aumentar el salario mínimo a $25 la hora y entra en vigor el 1 de junio.,ccf.georgetown.edu,Scientific source,
40,F,"Le président Trump aurait signé une loi portant le salaire minimum à 25 $ de l'heure, entrant en vigueur le 1er juin.",bbc.com,Journalistic source,
40,F,"Le président Trump aurait signé une loi portant le salaire minimum à 25 $ de l'heure, entrant en vigueur le 1er juin.",amnesty.org,Mondial organization,
40,F,"Le président Trump aurait signé une loi portant le salaire minimum à 25 $ de l'heure, entrant en vigueur le 1er juin.",hrw.org,Mondial organization,
40,F,"Le président Trump aurait signé une loi portant le salaire minimum à 25 $ de l'heure, entrant en vigueur le 1er juin.",humanite.fr,Journalistic source,
40,F,"Le président Trump aurait signé une loi portant le salaire minimum à 25 $ de l'heure, entrant en vigueur le 1er juin.",legrandcontinent.eu,Local organization,
40,F,"Le président Trump aurait signé une loi portant le salaire minimum à 25 $ de l'heure, entrant en vigueur le 1er juin.",ires.fr,Intermediate media,
40,F,"Le président Trump aurait signé une loi portant le salaire minimum à 25 $ de l'heure, entrant en vigueur le 1er juin.",tresor.economie.gouv.fr...,Local organization,
40,F,"Le président Trump aurait signé une loi portant le salaire minimum à 25 $ de l'heure, entrant en vigueur le 1er juin.",jean-jaures.org,Local organization,
40,F,"Le président Trump aurait signé une loi portant le salaire minimum à 25 $ de l'heure, entrant en vigueur le 1er juin.",economics.td.com,Government / public institution,Out of context
40,F,"Le président Trump aurait signé une loi portant le salaire minimum à 25 $ de l'heure, entrant en vigueur le 1er juin.",international.canada.ca,Government / public institution,Out of context
40,F,"Le président Trump aurait signé une loi portant le salaire minimum à 25 $ de l'heure, entrant en vigueur le 1er juin.",budget.canada.ca,Journalistic source,Partially relevant
40,F,"Le président Trump aurait signé une loi portant le salaire minimum à 25 $ de l'heure, entrant en vigueur le 1er juin.",assemblee-nationale.fr,Local organization,
40,F,"Le président Trump aurait signé une loi portant le salaire minimum à 25 $ de l'heure, entrant en vigueur le 1er juin.",enseignants.lumni.fr,Intermediate media,
40,F,"Le président Trump aurait signé une loi portant le salaire minimum à 25 $ de l'heure, entrant en vigueur le 1er juin.",budget.canada.ca,Local organization,
40,F,"Le président Trump aurait signé une loi portant le salaire minimum à 25 $ de l'heure, entrant en vigueur le 1er juin.",international.canada.ca,Local organization,
40,F,"Le président Trump aurait signé une loi portant le salaire minimum à 25 $ de l'heure, entrant en vigueur le 1er juin.",finances.gouv.qc.ca,Local organization,
40,F,"Le président Trump aurait signé une loi portant le salaire minimum à 25 $ de l'heure, entrant en vigueur le 1er juin.",lerevenu.com,Intermediate media,
40,F,"Le président Trump aurait signé une loi portant le salaire minimum à 25 $ de l'heure, entrant en vigueur le 1er juin.",frenchmorning.com,Journalistic source,
40,F,"Le président Trump aurait signé une loi portant le salaire minimum à 25 $ de l'heure, entrant en vigueur le 1er juin.",usw.org,Intermediate media,
40,F,"Le président Trump aurait signé une loi portant le salaire minimum à 25 $ de l'heure, entrant en vigueur le 1er juin.",2017-2021.state.gov,Local organization,
40,F,"Le président Trump aurait signé une loi portant le salaire minimum à 25 $ de l'heure, entrant en vigueur le 1er juin.",alencontre.org,Intermediate media,
40,F,"Le président Trump aurait signé une loi portant le salaire minimum à 25 $ de l'heure, entrant en vigueur le 1er juin.",strategie-plan.gouv.fr,Local organization,
41,E,Democratic Texas U.S. Senate candidate James Talarico is a vegan.,factcheck.afp.com,Journalistic source,
41,E,Democratic Texas U.S. Senate candidate James Talarico is a vegan.,theconversation.com,Intermediate media,
41,E,Democratic Texas U.S. Senate candidate James Talarico is a vegan.,pbs.org,Intermediate media,
41,E,Democratic Texas U.S. Senate candidate James Talarico is a vegan.,politifact.com,Journalistic source,
41,E,Democratic Texas U.S. Senate candidate James Talarico is a vegan.,time.com,Journalistic source,
41,E,Democratic Texas U.S. Senate candidate James Talarico is a vegan.,time.com,Journalistic source,
41,E,Democratic Texas U.S. Senate candidate James Talarico is a vegan.,cbc.ca,Journalistic source,
41,E,Democratic Texas U.S. Senate candidate James Talarico is a vegan.,statesman.com,Journalistic source,
41,E,Democratic Texas U.S. Senate candidate James Talarico is a vegan.,cnn.com,Journalistic source,
41,E,Democratic Texas U.S. Senate candidate James Talarico is a vegan.,nypost.com,Journalistic source,
41,E,Democratic Texas U.S. Senate candidate James Talarico is a vegan.,wfaa.com,Journalistic source,
41,E,Democratic Texas U.S. Senate candidate James Talarico is a vegan.,spectrumlocalnews.com,Journalistic source,
41,E,Democratic Texas U.S. Senate candidate James Talarico is a vegan.,newrepublic.com,Journalistic source,
41,E,Democratic Texas U.S. Senate candidate James Talarico is a vegan.,houstonpublicmedia.org,Journalistic source,
41,E,Democratic Texas U.S. Senate candidate James Talarico is a vegan.,ms.now,Intermediate media,
41,E,Democratic Texas U.S. Senate candidate James Talarico is a vegan.,ncronline.org,Journalistic source,
41,E,Democratic Texas U.S. Senate candidate James Talarico is a vegan.,unidosus.org,Intermediate media,
42,F,Le candidat démocrate au Sénat du Texas James Talarico est végane.,blogs.mediapart.fr,Journalistic source,
42,F,Le candidat démocrate au Sénat du Texas James Talarico est végane.,huffingtonpost.fr,Journalistic source,
42,F,Le candidat démocrate au Sénat du Texas James Talarico est végane.,ici.radio-canada.ca,Local organization,
42,F,Le candidat démocrate au Sénat du Texas James Talarico est végane.,radiofrance.fr,Intermediate media,
42,F,Le candidat démocrate au Sénat du Texas James Talarico est végane.,dumas.ccsd.cnrs.fr,Government / public institution,Out of context
42,F,Le candidat démocrate au Sénat du Texas James Talarico est végane.,legrandcontinent.eu,Local organization,
42,F,Le candidat démocrate au Sénat du Texas James Talarico est végane.,fugues.com,Intermediate media,
42,F,Le candidat démocrate au Sénat du Texas James Talarico est végane.,salledepresse.uqam.ca,Government / public institution,Out of context
42,F,Le candidat démocrate au Sénat du Texas James Talarico est végane.,numerique.banq.qc.ca,Journalistic source,Relevant
42,F,Le candidat démocrate au Sénat du Texas James Talarico est végane.,festival-larochelle.org,Journalistic source,Relevant
42,F,Le candidat démocrate au Sénat du Texas James Talarico est végane.,roadef2025.org,Intermediate media,
42,F,Le candidat démocrate au Sénat du Texas James Talarico est végane.,theses.hal.science,Journalistic source,Partially relevant
42,F,Le candidat démocrate au Sénat du Texas James Talarico est végane.,observatoire-amarok.net,Journalistic source,Out of context
42,F,Le candidat démocrate au Sénat du Texas James Talarico est végane.,theses.hal.science,Journalistic source,Partially relevant
42,F,Le candidat démocrate au Sénat du Texas James Talarico est végane.,grasset.qc.ca,Unclear website,Partially relevant
42,F,Le candidat démocrate au Sénat du Texas James Talarico est végane.,canada.ca,Journalistic source,Relevant
42,F,Le candidat démocrate au Sénat du Texas James Talarico est végane.,muhc-new.files.svdcdn.com,Intermediate media,
43,E,There's been numerous other occasions over the years when the federal government created a reserve similar to a new $1.776 billion anti-weaponization settlement fund.,csmonitor.com,Journalistic source,
43,E,There's been numerous other occasions over the years when the federal government created a reserve similar to a new $1.776 billion anti-weaponization settlement fund.,congress.gov,Local organization,
43,E,There's been numerous other occasions over the years when the federal government created a reserve similar to a new $1.776 billion anti-weaponization settlement fund.,levin.house.gov,Local organization,
43,E,There's been numerous other occasions over the years when the federal government created a reserve similar to a new $1.776 billion anti-weaponization settlement fund.,justice,Intermediate media,
43,E,There's been numerous other occasions over the years when the federal government created a reserve similar to a new $1.776 billion anti-weaponization settlement fund.,democrats-waysandmeans.hous...,Intermediate media,
43,E,There's been numerous other occasions over the years when the federal government created a reserve similar to a new $1.776 billion anti-weaponization settlement fund.,kcra.com,Journalistic source,
43,E,There's been numerous other occasions over the years when the federal government created a reserve similar to a new $1.776 billion anti-weaponization settlement fund.,pbs.org,Intermediate media,
43,E,There's been numerous other occasions over the years when the federal government created a reserve similar to a new $1.776 billion anti-weaponization settlement fund.,courthousenews.com,Intermediate media,
43,E,There's been numerous other occasions over the years when the federal government created a reserve similar to a new $1.776 billion anti-weaponization settlement fund.,courthousenews.com,Intermediate media,
43,E,There's been numerous other occasions over the years when the federal government created a reserve similar to a new $1.776 billion anti-weaponization settlement fund.,politifact.com,Journalistic source,
43,E,There's been numerous other occasions over the years when the federal government created a reserve similar to a new $1.776 billion anti-weaponization settlement fund.,politico.com,Journalistic source,
43,E,There's been numerous other occasions over the years when the federal government created a reserve similar to a new $1.776 billion anti-weaponization settlement fund.,nbcnews.com,Journalistic source,
43,E,There's been numerous other occasions over the years when the federal government created a reserve similar to a new $1.776 billion anti-weaponization settlement fund.,rstreet.org,Local organization,
43,E,There's been numerous other occasions over the years when the federal government created a reserve similar to a new $1.776 billion anti-weaponization settlement fund.,federalreserve.gov,Local organization,
43,E,There's been numerous other occasions over the years when the federal government created a reserve similar to a new $1.776 billion anti-weaponization settlement fund.,federalreserve.gov,Local organization,
43,E,There's been numerous other occasions over the years when the federal government created a reserve similar to a new $1.776 billion anti-weaponization settlement fund.,spectrumlocalnews.com,Journalistic source,
43,E,There's been numerous other occasions over the years when the federal government created a reserve similar to a new $1.776 billion anti-weaponization settlement fund.,justice.gov,Local organization,
43,E,There's been numerous other occasions over the years when the federal government created a reserve similar to a new $1.776 billion anti-weaponization settlement fund.,yalejreg.com,Intermediate media,
43,E,There's been numerous other occasions over the years when the federal government created a reserve similar to a new $1.776 billion anti-weaponization settlement fund.,fiscal.treasury.gov,Local organization,
43,E,There's been numerous other occasions over the years when the federal government created a reserve similar to a new $1.776 billion anti-weaponization settlement fund.,appropriations.senate.g...,Intermediate media,
43,E,There's been numerous other occasions over the years when the federal government created a reserve similar to a new $1.776 billion anti-weaponization settlement fund.,lawfaremedia.org,Intermediate media,
43,E,There's been numerous other occasions over the years when the federal government created a reserve similar to a new $1.776 billion anti-weaponization settlement fund.,federalreservehistory.o...,Intermediate media,
43,E,There's been numerous other occasions over the years when the federal government created a reserve similar to a new $1.776 billion anti-weaponization settlement fund.,archives.gov,Local organization,
43,E,There's been numerous other occasions over the years when the federal government created a reserve similar to a new $1.776 billion anti-weaponization settlement fund.,federalregister.gov,Local organization,
43,E,There's been numerous other occasions over the years when the federal government created a reserve similar to a new $1.776 billion anti-weaponization settlement fund.,fiscal.treasury.gov,Local organization,
43,E,There's been numerous other occasions over the years when the federal government created a reserve similar to a new $1.776 billion anti-weaponization settlement fund.,bis.org,Intermediate media,
43,E,There's been numerous other occasions over the years when the federal government created a reserve similar to a new $1.776 billion anti-weaponization settlement fund.,federalregister.gov,Local organization,
43,E,There's been numerous other occasions over the years when the federal government created a reserve similar to a new $1.776 billion anti-weaponization settlement fund.,ancsaregional.com,Unclear website,Partially relevant
44,F,"Il y a eu de nombreuses autres occasions, au fil des ans, où le gouvernement fédéral a créé une réserve semblable au nouveau fonds anti-armement de 1,776 milliard de dollars.",energy.gov,Local organization,
44,F,"Il y a eu de nombreuses autres occasions, au fil des ans, où le gouvernement fédéral a créé une réserve semblable au nouveau fonds anti-armement de 1,776 milliard de dollars.",ndi.org,Unclear website,Relevant
44,F,"Il y a eu de nombreuses autres occasions, au fil des ans, où le gouvernement fédéral a créé une réserve semblable au nouveau fonds anti-armement de 1,776 milliard de dollars.",uncdf.org,Mondial organization,
44,F,"Il y a eu de nombreuses autres occasions, au fil des ans, où le gouvernement fédéral a créé une réserve semblable au nouveau fonds anti-armement de 1,776 milliard de dollars.",hudoc.echr.coe.int,Mondial organization,
44,F,"Il y a eu de nombreuses autres occasions, au fil des ans, où le gouvernement fédéral a créé une réserve semblable au nouveau fonds anti-armement de 1,776 milliard de dollars.",unodc.org,Unclear website,Out of context
44,F,"Il y a eu de nombreuses autres occasions, au fil des ans, où le gouvernement fédéral a créé une réserve semblable au nouveau fonds anti-armement de 1,776 milliard de dollars.",elibrary.imf.org,Mondial organization,
44,F,"Il y a eu de nombreuses autres occasions, au fil des ans, où le gouvernement fédéral a créé une réserve semblable au nouveau fonds anti-armement de 1,776 milliard de dollars.",publications.iom.int,Government / public institution,Out of context
44,F,"Il y a eu de nombreuses autres occasions, au fil des ans, où le gouvernement fédéral a créé une réserve semblable au nouveau fonds anti-armement de 1,776 milliard de dollars.",peaceau.org,Intermediate media,
44,F,"Il y a eu de nombreuses autres occasions, au fil des ans, où le gouvernement fédéral a créé une réserve semblable au nouveau fonds anti-armement de 1,776 milliard de dollars.",undp.org,Government / public institution,Out of context
44,F,"Il y a eu de nombreuses autres occasions, au fil des ans, où le gouvernement fédéral a créé une réserve semblable au nouveau fonds anti-armement de 1,776 milliard de dollars.",ks.echr.coe.int.,Government / public institution,Out of context
44,F,"Il y a eu de nombreuses autres occasions, au fil des ans, où le gouvernement fédéral a créé une réserve semblable au nouveau fonds anti-armement de 1,776 milliard de dollars.",rm.coe.int,Mondial organization,
44,F,"Il y a eu de nombreuses autres occasions, au fil des ans, où le gouvernement fédéral a créé une réserve semblable au nouveau fonds anti-armement de 1,776 milliard de dollars.",info.gouv.fr,Local organization,
44,F,"Il y a eu de nombreuses autres occasions, au fil des ans, où le gouvernement fédéral a créé une réserve semblable au nouveau fonds anti-armement de 1,776 milliard de dollars.",documents1.worldbank.org,Government / public institution,Out of context
44,F,"Il y a eu de nombreuses autres occasions, au fil des ans, où le gouvernement fédéral a créé une réserve semblable au nouveau fonds anti-armement de 1,776 milliard de dollars.",wto.org,Mondial organization,
44,F,"Il y a eu de nombreuses autres occasions, au fil des ans, où le gouvernement fédéral a créé une réserve semblable au nouveau fonds anti-armement de 1,776 milliard de dollars.",belgium.be,Local organization,
44,F,"Il y a eu de nombreuses autres occasions, au fil des ans, où le gouvernement fédéral a créé une réserve semblable au nouveau fonds anti-armement de 1,776 milliard de dollars.",globalinitiative.net,Mondial organization,
44,F,"Il y a eu de nombreuses autres occasions, au fil des ans, où le gouvernement fédéral a créé une réserve semblable au nouveau fonds anti-armement de 1,776 milliard de dollars.",strategie-plan.gouv.fr,Local organization,
44,F,"Il y a eu de nombreuses autres occasions, au fil des ans, où le gouvernement fédéral a créé une réserve semblable au nouveau fonds anti-armement de 1,776 milliard de dollars.",unece.org,Intermediate media,
44,F,"Il y a eu de nombreuses autres occasions, au fil des ans, où le gouvernement fédéral a créé une réserve semblable au nouveau fonds anti-armement de 1,776 milliard de dollars.",canada.ca,Local organization,
44,F,"Il y a eu de nombreuses autres occasions, au fil des ans, où le gouvernement fédéral a créé une réserve semblable au nouveau fonds anti-armement de 1,776 milliard de dollars.",canada.ca,Local organization,
44,F,"Il y a eu de nombreuses autres occasions, au fil des ans, où le gouvernement fédéral a créé une réserve semblable au nouveau fonds anti-armement de 1,776 milliard de dollars.",ihednpoitoucharentes.fr,Government / public institution,Out of context
44,F,"Il y a eu de nombreuses autres occasions, au fil des ans, où le gouvernement fédéral a créé une réserve semblable au nouveau fonds anti-armement de 1,776 milliard de dollars.",assemblee-nationale.fr,Local organization,
44,F,"Il y a eu de nombreuses autres occasions, au fil des ans, où le gouvernement fédéral a créé une réserve semblable au nouveau fonds anti-armement de 1,776 milliard de dollars.",sysinfo.mef.gov.mg:9101,Local organization,
44,F,"Il y a eu de nombreuses autres occasions, au fil des ans, où le gouvernement fédéral a créé une réserve semblable au nouveau fonds anti-armement de 1,776 milliard de dollars.",www2.assemblee-nationale.fr...,Local organization,
44,F,"Il y a eu de nombreuses autres occasions, au fil des ans, où le gouvernement fédéral a créé une réserve semblable au nouveau fonds anti-armement de 1,776 milliard de dollars.",senat.fr,Local organization,
44,F,"Il y a eu de nombreuses autres occasions, au fil des ans, où le gouvernement fédéral a créé une réserve semblable au nouveau fonds anti-armement de 1,776 milliard de dollars.",faolex.fao.org,Mondial organization,
44,F,"Il y a eu de nombreuses autres occasions, au fil des ans, où le gouvernement fédéral a créé une réserve semblable au nouveau fonds anti-armement de 1,776 milliard de dollars.",aehnetwork.org,Intermediate media,
44,F,"Il y a eu de nombreuses autres occasions, au fil des ans, où le gouvernement fédéral a créé une réserve semblable au nouveau fonds anti-armement de 1,776 milliard de dollars.",afdb.org,Government / public institution,Out of context
44,F,"Il y a eu de nombreuses autres occasions, au fil des ans, où le gouvernement fédéral a créé une réserve semblable au nouveau fonds anti-armement de 1,776 milliard de dollars.",theses.hal.science,Scientific source,
44,F,"Il y a eu de nombreuses autres occasions, au fil des ans, où le gouvernement fédéral a créé une réserve semblable au nouveau fonds anti-armement de 1,776 milliard de dollars.",archive.uneca.org,Mondial organization,
44,F,"Il y a eu de nombreuses autres occasions, au fil des ans, où le gouvernement fédéral a créé une réserve semblable au nouveau fonds anti-armement de 1,776 milliard de dollars.",archipel.uqam.ca,Scientific source,
44,F,"Il y a eu de nombreuses autres occasions, au fil des ans, où le gouvernement fédéral a créé une réserve semblable au nouveau fonds anti-armement de 1,776 milliard de dollars.",senat.fr,Government / public institution,Partially relevant
45,E,San Diego mosque shooters identified as trans couple.,apnews.com,Journalistic source,
45,E,San Diego mosque shooters identified as trans couple.,snopes.com,Journalistic source,
45,E,San Diego mosque shooters identified as trans couple.,bbc.com,Journalistic source,
45,E,San Diego mosque shooters identified as trans couple.,pbs.org,Intermediate media,
45,E,San Diego mosque shooters identified as trans couple.,nbcnews.com,Journalistic source,
45,E,San Diego mosque shooters identified as trans couple.,adl.org,Local organization,
45,E,San Diego mosque shooters identified as trans couple.,time.com,Journalistic source,
45,E,San Diego mosque shooters identified as trans couple.,cbs8.com,Journalistic source,
45,E,San Diego mosque shooters identified as trans couple.,abcnews.com,Journalistic source,
45,E,San Diego mosque shooters identified as trans couple.,bakersfieldnow.com,Journalistic source,
45,E,San Diego mosque shooters identified as trans couple.,abc7.com,Journalistic source,
45,E,San Diego mosque shooters identified as trans couple.,wbaltv.com,Journalistic source,
45,E,San Diego mosque shooters identified as trans couple.,foxla.com,Journalistic source,
45,E,San Diego mosque shooters identified as trans couple.,nbcsandiego.com,Journalistic source,
45,E,San Diego mosque shooters identified as trans couple.,fox5sandiego.com,Journalistic source,
45,E,San Diego mosque shooters identified as trans couple.,sandiego.gov,Local organization,
46,F,Les tireurs de la mosquée de San Diego auraient été identifiés comme un couple trans.,ledevoir.com,Journalistic source,
46,F,Les tireurs de la mosquée de San Diego auraient été identifiés comme un couple trans.,amnesty.org,Unclear website,Out of context
46,F,Les tireurs de la mosquée de San Diego auraient été identifiés comme un couple trans.,la-croix.com,Social media,
46,F,Les tireurs de la mosquée de San Diego auraient été identifiés comme un couple trans.,svn.spraakdata.gu.se,Scientific source,Out of context
46,F,Les tireurs de la mosquée de San Diego auraient été identifiés comme un couple trans.,brill.com,Scientific source,
46,F,Les tireurs de la mosquée de San Diego auraient été identifiés comme un couple trans.,unesdoc.unesco.org,Mondial organization,
46,F,Les tireurs de la mosquée de San Diego auraient été identifiés comme un couple trans.,publications.gc.ca,Government / public institution,Out of context
46,F,Les tireurs de la mosquée de San Diego auraient été identifiés comme un couple trans.,brill.com,Scientific source,
46,F,Les tireurs de la mosquée de San Diego auraient été identifiés comme un couple trans.,horizon.documentation.ird.f...,Government / public institution,Partially relevant
46,F,Les tireurs de la mosquée de San Diego auraient été identifiés comme un couple trans.,theses.hal.science,Government / public institution,Partially relevant
46,F,Les tireurs de la mosquée de San Diego auraient été identifiés comme un couple trans.,pulaval.com,Government / public institution,Partially relevant
46,F,Les tireurs de la mosquée de San Diego auraient été identifiés comme un couple trans.,africamuseum.be,Mondial organization,
46,F,Les tireurs de la mosquée de San Diego auraient été identifiés comme un couple trans.,huggingface.co,Unclear website,Out of context
46,F,Les tireurs de la mosquée de San Diego auraient été identifiés comme un couple trans.,jesuits.global,Intermediate media,
46,F,Les tireurs de la mosquée de San Diego auraient été identifiés comme un couple trans.,journals.openedition.org,Scientific source,
47,E,An American passenger on the cruise ship involved in the hantavirus outbreak is a crisis actor.,apnews.com,Journalistic source,
47,E,An American passenger on the cruise ship involved in the hantavirus outbreak is a crisis actor.,cdc.gov,Local organization,
47,E,An American passenger on the cruise ship involved in the hantavirus outbreak is a crisis actor.,poynter.org,Local organization,
47,E,An American passenger on the cruise ship involved in the hantavirus outbreak is a crisis actor.,cbsnews.com,Journalistic source,
47,E,An American passenger on the cruise ship involved in the hantavirus outbreak is a crisis actor.,pbs.org,Intermediate media,
47,E,An American passenger on the cruise ship involved in the hantavirus outbreak is a crisis actor.,pbs.org,Intermediate media,
47,E,An American passenger on the cruise ship involved in the hantavirus outbreak is a crisis actor.,politifact.com,Journalistic source,
47,E,An American passenger on the cruise ship involved in the hantavirus outbreak is a crisis actor.,rte.ie,Journalistic source,
47,E,An American passenger on the cruise ship involved in the hantavirus outbreak is a crisis actor.,yahoo.com,Intermediate media,
47,E,An American passenger on the cruise ship involved in the hantavirus outbreak is a crisis actor.,cnn.com,Journalistic source,
47,E,An American passenger on the cruise ship involved in the hantavirus outbreak is a crisis actor.,nbcboston.com,Journalistic source,
47,E,An American passenger on the cruise ship involved in the hantavirus outbreak is a crisis actor.,foxnews.com,Journalistic source,
47,E,An American passenger on the cruise ship involved in the hantavirus outbreak is a crisis actor.,thinkglobalhealth.org,Intermediate media,
48,F,Un passager américain du bateau de croisière touché par l'épidémie d'hantavirus serait un acteur de crise.,factuel.afp.com,Journalistic source,
48,F,Un passager américain du bateau de croisière touché par l'épidémie d'hantavirus serait un acteur de crise.,theconversation.com,Intermediate media,
48,F,Un passager américain du bateau de croisière touché par l'épidémie d'hantavirus serait un acteur de crise.,la-croix.com,Social media,
48,F,Un passager américain du bateau de croisière touché par l'épidémie d'hantavirus serait un acteur de crise.,20minutes.fr,Journalistic source,
48,F,Un passager américain du bateau de croisière touché par l'épidémie d'hantavirus serait un acteur de crise.,leparisien.fr,Journalistic source,
48,F,Un passager américain du bateau de croisière touché par l'épidémie d'hantavirus serait un acteur de crise.,tf1info.fr,Journalistic source,
48,F,Un passager américain du bateau de croisière touché par l'épidémie d'hantavirus serait un acteur de crise.,tf1info.fr,Journalistic source,
48,F,Un passager américain du bateau de croisière touché par l'épidémie d'hantavirus serait un acteur de crise.,information.tv5monde.com,Intermediate media,
48,F,Un passager américain du bateau de croisière touché par l'épidémie d'hantavirus serait un acteur de crise.,humanite.fr,Journalistic source,
48,F,Un passager américain du bateau de croisière touché par l'épidémie d'hantavirus serait un acteur de crise.,assemblee-nationale.fr,Local organization,
48,F,Un passager américain du bateau de croisière touché par l'épidémie d'hantavirus serait un acteur de crise.,crisis24.com,Intermediate media,
48,F,Un passager américain du bateau de croisière touché par l'épidémie d'hantavirus serait un acteur de crise.,vie-publique.fr,Intermediate media,
48,F,Un passager américain du bateau de croisière touché par l'épidémie d'hantavirus serait un acteur de crise.,news.un.org,Mondial organization,
48,F,Un passager américain du bateau de croisière touché par l'épidémie d'hantavirus serait un acteur de crise.,anrs.fr,Intermediate media,
49,E,Images show persons infected with Hanta virus,apnews.com,Unclear website,Out of context
49,E,Images show persons infected with Hanta virus,cdc.gov,Unclear website,Out of context
49,E,Images show persons infected with Hanta virus,npr.org,Unclear website,Out of context
49,E,Images show persons infected with Hanta virus,sciencedirect.com,Scientific source,
49,E,Images show persons infected with Hanta virus,sciencedirect.com,Scientific source,
49,E,Images show persons infected with Hanta virus,sciencedirect.com,Scientific source,
49,E,Images show persons infected with Hanta virus,pmc.ncbi.nlm.nih.gov,Unclear website,Out of context
49,E,Images show persons infected with Hanta virus,pmc.ncbi.nlm.nih.gov,Scientific source,
49,E,Images show persons infected with Hanta virus,ncbi.nlm.nih.gov,Scientific source,
49,E,Images show persons infected with Hanta virus,pubmed.ncbi.nlm.nih.gov,Unclear website,Out of context
49,E,Images show persons infected with Hanta virus,pmc.ncbi.nlm.nih.gov,Scientific source,
49,E,Images show persons infected with Hanta virus,pubmed.ncbi.nlm.nih.gov,Scientific source,
49,E,Images show persons infected with Hanta virus,pubmed.ncbi.nlm.nih.gov,Scientific source,
49,E,Images show persons infected with Hanta virus,lung.org,Scientific source,Out of context
49,E,Images show persons infected with Hanta virus,who.int,Scientific source,Out of context
49,E,Images show persons infected with Hanta virus,health.harvard.edu,Scientific source,
49,E,Images show persons infected with Hanta virus,frontiersin.org,Scientific source,
49,E,Images show persons infected with Hanta virus,abcnews.com,Journalistic source,
49,E,Images show persons infected with Hanta virus,gettyimages.com,Intermediate media,
49,E,Images show persons infected with Hanta virus,mdpi.com,Unclear website,Out of context
49,E,Images show persons infected with Hanta virus,link.springer.com,Scientific source,
49,E,Images show persons infected with Hanta virus,publications.ersnet.org,Intermediate media,
49,E,Images show persons infected with Hanta virus,nyp.org,Intermediate media,
50,F,Des images montreraient des personnes infectées par l'hantavirus.,factuel.afp.com,Journalistic source,
50,F,Des images montreraient des personnes infectées par l'hantavirus.,theconversation.com,Intermediate media,
50,F,Des images montreraient des personnes infectées par l'hantavirus.,lesoir.be,Journalistic source,
50,F,Des images montreraient des personnes infectées par l'hantavirus.,pmc.ncbi.nlm.nih.gov,Scientific source,
50,F,Des images montreraient des personnes infectées par l'hantavirus.,bbc.com,Journalistic source,
50,F,Des images montreraient des personnes infectées par l'hantavirus.,france24.com,Journalistic source,
50,F,Des images montreraient des personnes infectées par l'hantavirus.,france24.com,Journalistic source,
50,F,Des images montreraient des personnes infectées par l'hantavirus.,ledevoir.com,Journalistic source,
50,F,Des images montreraient des personnes infectées par l'hantavirus.,dw.com,Journalistic source,
50,F,Des images montreraient des personnes infectées par l'hantavirus.,nationalgeographic.fr,Journalistic source,
50,F,Des images montreraient des personnes infectées par l'hantavirus.,ici.radio-canada.ca,Local organization,
50,F,Des images montreraient des personnes infectées par l'hantavirus.,ouest-france.fr,Journalistic source,
50,F,Des images montreraient des personnes infectées par l'hantavirus.,santepubliquefrance.fr,Local organization,
50,F,Des images montreraient des personnes infectées par l'hantavirus.,anrs.fr,Intermediate media,
50,F,Des images montreraient des personnes infectées par l'hantavirus.,lessurligneurs.eu,Intermediate media,
50,F,Des images montreraient des personnes infectées par l'hantavirus.,news.un.org,Mondial organization,
50,F,Des images montreraient des personnes infectées par l'hantavirus.,theses.hal.science,Scientific source,
50,F,Des images montreraient des personnes infectées par l'hantavirus.,globalfirstaidcentre.or...,Intermediate media,
50,F,Des images montreraient des personnes infectées par l'hantavirus.,theses.hal.science,Scientific source,
50,F,Des images montreraient des personnes infectées par l'hantavirus.,publications.gc.ca,Local organization,
51,E,"Today, there are more children sleeping in New York City's homeless shelters than there are seats in Yankee Stadium.",politifact.com,Journalistic source,
51,E,"Today, there are more children sleeping in New York City's homeless shelters than there are seats in Yankee Stadium.",longisland.news12.com,Intermediate media,
51,E,"Today, there are more children sleeping in New York City's homeless shelters than there are seats in Yankee Stadium.",fna.usda.gov,Local organization,
51,E,"Today, there are more children sleeping in New York City's homeless shelters than there are seats in Yankee Stadium.",dcf.wisconsin.gov,Unclear website,Out of context
51,E,"Today, there are more children sleeping in New York City's homeless shelters than there are seats in Yankee Stadium.",justice.gov,Scientific source,Out of context
51,E,"Today, there are more children sleeping in New York City's homeless shelters than there are seats in Yankee Stadium.",medicarerights.org,Government / public institution,Out of context
51,E,"Today, there are more children sleeping in New York City's homeless shelters than there are seats in Yankee Stadium.",uscis.gov,Local organization,
51,E,"Today, there are more children sleeping in New York City's homeless shelters than there are seats in Yankee Stadium.",ada.gov,Unclear website,Out of context
51,E,"Today, there are more children sleeping in New York City's homeless shelters than there are seats in Yankee Stadium.",comptroller.nyc.gov,Local organization,
51,E,"Today, there are more children sleeping in New York City's homeless shelters than there are seats in Yankee Stadium.",council.nyc.gov,Local organization,
51,E,"Today, there are more children sleeping in New York City's homeless shelters than there are seats in Yankee Stadium.",fsapartners.ed.gov,Unclear website,Out of context
51,E,"Today, there are more children sleeping in New York City's homeless shelters than there are seats in Yankee Stadium.",comptroller.nyc.gov,Local organization,
51,E,"Today, there are more children sleeping in New York City's homeless shelters than there are seats in Yankee Stadium.",governor.ny.gov,Local organization,
51,E,"Today, there are more children sleeping in New York City's homeless shelters than there are seats in Yankee Stadium.",covenanthouse.org,Intermediate media,
51,E,"Today, there are more children sleeping in New York City's homeless shelters than there are seats in Yankee Stadium.",bronxworks.org,Scientific source,Out of context
51,E,"Today, there are more children sleeping in New York City's homeless shelters than there are seats in Yankee Stadium.",hcr.ny.gov,Local organization,
51,E,"Today, there are more children sleeping in New York City's homeless shelters than there are seats in Yankee Stadium.",harlemworldmagazine.com...,Intermediate media,
51,E,"Today, there are more children sleeping in New York City's homeless shelters than there are seats in Yankee Stadium.",icph.org,Intermediate media,
51,E,"Today, there are more children sleeping in New York City's homeless shelters than there are seats in Yankee Stadium.",governor.ny.gov,Local organization,
51,E,"Today, there are more children sleeping in New York City's homeless shelters than there are seats in Yankee Stadium.",nyc.gov,Local organization,
51,E,"Today, there are more children sleeping in New York City's homeless shelters than there are seats in Yankee Stadium.",monroecounty.gov,Journalistic source,Relevant
51,E,"Today, there are more children sleeping in New York City's homeless shelters than there are seats in Yankee Stadium.",co.trumbull.oh.us,Unclear website,Partially relevant
51,E,"Today, there are more children sleeping in New York City's homeless shelters than there are seats in Yankee Stadium.",nyc.gov,Government / public institution,Relevant
51,E,"Today, there are more children sleeping in New York City's homeless shelters than there are seats in Yankee Stadium.",178wing.ang.af.mil,Government / public institution,Out of context
51,E,"Today, there are more children sleeping in New York City's homeless shelters than there are seats in Yankee Stadium.",comptroller.nyc.gov,Local organization,
51,E,"Today, there are more children sleeping in New York City's homeless shelters than there are seats in Yankee Stadium.",ada.gov,Government / public institution,Out of context
51,E,"Today, there are more children sleeping in New York City's homeless shelters than there are seats in Yankee Stadium.",whatsyourgrief.com,Government / public institution,Partially relevant
51,E,"Today, there are more children sleeping in New York City's homeless shelters than there are seats in Yankee Stadium.",nyc.gov,Local organization,
51,E,"Today, there are more children sleeping in New York City's homeless shelters than there are seats in Yankee Stadium.",coalitionforthehomeless...,Intermediate media,
51,E,"Today, there are more children sleeping in New York City's homeless shelters than there are seats in Yankee Stadium.",nyc.gov,Local organization,
51,E,"Today, there are more children sleeping in New York City's homeless shelters than there are seats in Yankee Stadium.",ocfs.ny.gov,Local organization,
51,E,"Today, there are more children sleeping in New York City's homeless shelters than there are seats in Yankee Stadium.",coalitionforthehomeless...,Intermediate media,
51,E,"Today, there are more children sleeping in New York City's homeless shelters than there are seats in Yankee Stadium.",access.nyc.gov,Local organization,
51,E,"Today, there are more children sleeping in New York City's homeless shelters than there are seats in Yankee Stadium.",data.cityofnewyork.us,Intermediate media,
51,E,"Today, there are more children sleeping in New York City's homeless shelters than there are seats in Yankee Stadium.",endhomelessness.org,Intermediate media,
51,E,"Today, there are more children sleeping in New York City's homeless shelters than there are seats in Yankee Stadium.",cccnewyork.org,Intermediate media,
52,F,"Aujourd'hui, plus d'enfants dorment dans les refuges pour sans-abri de New York que de sièges au Yankee Stadium.",fr.wikipedia.org,Government / public institution,Out of context
52,F,"Aujourd'hui, plus d'enfants dorment dans les refuges pour sans-abri de New York que de sièges au Yankee Stadium.",fr.wikipedia.org,Government / public institution,Relevant
52,F,"Aujourd'hui, plus d'enfants dorment dans les refuges pour sans-abri de New York que de sièges au Yankee Stadium.",fr.wikipedia.org,Intermediate media,
52,F,"Aujourd'hui, plus d'enfants dorment dans les refuges pour sans-abri de New York que de sièges au Yankee Stadium.",fr.wikipedia.org,Intermediate media,
52,F,"Aujourd'hui, plus d'enfants dorment dans les refuges pour sans-abri de New York que de sièges au Yankee Stadium.",theses.hal.science,Journalistic source,Relevant
52,F,"Aujourd'hui, plus d'enfants dorment dans les refuges pour sans-abri de New York que de sièges au Yankee Stadium.",archipel.uqam.ca,Unclear website,Relevant
52,F,"Aujourd'hui, plus d'enfants dorment dans les refuges pour sans-abri de New York que de sièges au Yankee Stadium.",svn.spraakdata.gu.se,Journalistic source,Relevant
52,F,"Aujourd'hui, plus d'enfants dorment dans les refuges pour sans-abri de New York que de sièges au Yankee Stadium.",espace.inrs.ca,Journalistic source,Relevant
52,F,"Aujourd'hui, plus d'enfants dorment dans les refuges pour sans-abri de New York que de sièges au Yankee Stadium.",numerique.banq.qc.ca,Journalistic source,Partially relevant
52,F,"Aujourd'hui, plus d'enfants dorment dans les refuges pour sans-abri de New York que de sièges au Yankee Stadium.",visite-usa.fr,Intermediate media,
52,F,"Aujourd'hui, plus d'enfants dorment dans les refuges pour sans-abri de New York que de sièges au Yankee Stadium.",scholar.lib.vt.edu,Journalistic source,Partially relevant
52,F,"Aujourd'hui, plus d'enfants dorment dans les refuges pour sans-abri de New York que de sièges au Yankee Stadium.",theses.fr,Journalistic source,Partially relevant
52,F,"Aujourd'hui, plus d'enfants dorment dans les refuges pour sans-abri de New York que de sièges au Yankee Stadium.",classiques.uqam.ca,Scientific source,
52,F,"Aujourd'hui, plus d'enfants dorment dans les refuges pour sans-abri de New York que de sièges au Yankee Stadium.",scholar.lib.vt.edu,Intermediate media,Relevant
52,F,"Aujourd'hui, plus d'enfants dorment dans les refuges pour sans-abri de New York que de sièges au Yankee Stadium.",numerique.banq.qc.ca,Unclear website,Relevant
52,F,"Aujourd'hui, plus d'enfants dorment dans les refuges pour sans-abri de New York que de sièges au Yankee Stadium.",assets.letemps.ch,Journalistic source,Partially relevant
52,F,"Aujourd'hui, plus d'enfants dorment dans les refuges pour sans-abri de New York que de sièges au Yankee Stadium.",iro.umontreal.ca,Unclear website,Partially relevant
52,F,"Aujourd'hui, plus d'enfants dorment dans les refuges pour sans-abri de New York que de sièges au Yankee Stadium.",numerique.banq.qc.ca,Unclear website,Relevant
52,F,"Aujourd'hui, plus d'enfants dorment dans les refuges pour sans-abri de New York que de sièges au Yankee Stadium.",numerique.banq.qc.ca,Intermediate media,
52,F,"Aujourd'hui, plus d'enfants dorment dans les refuges pour sans-abri de New York que de sièges au Yankee Stadium.",classiques.uqam.ca,Government / public institution,Out of context
52,F,"Aujourd'hui, plus d'enfants dorment dans les refuges pour sans-abri de New York que de sièges au Yankee Stadium.",numerique.banq.qc.ca,Intermediate media,
52,F,"Aujourd'hui, plus d'enfants dorment dans les refuges pour sans-abri de New York que de sièges au Yankee Stadium.",data.gouv.fr,Unclear website,Out of context
52,F,"Aujourd'hui, plus d'enfants dorment dans les refuges pour sans-abri de New York que de sièges au Yankee Stadium.",cambridge.org.,Scientific source,
52,F,"Aujourd'hui, plus d'enfants dorment dans les refuges pour sans-abri de New York que de sièges au Yankee Stadium.",schooleverywhere-elquds.com...,Intermediate media,
52,F,"Aujourd'hui, plus d'enfants dorment dans les refuges pour sans-abri de New York que de sièges au Yankee Stadium.",scholar.lib.vt.edu,Scientific source,Out of context
52,F,"Aujourd'hui, plus d'enfants dorment dans les refuges pour sans-abri de New York que de sièges au Yankee Stadium.",ru.scribd.com,Government / public institution,Partially relevant
52,F,"Aujourd'hui, plus d'enfants dorment dans les refuges pour sans-abri de New York que de sièges au Yankee Stadium.",scholar.lib.vt.edu,Unclear website,Partially relevant
52,F,"Aujourd'hui, plus d'enfants dorment dans les refuges pour sans-abri de New York que de sièges au Yankee Stadium.",numerique.banq.qc.ca,Intermediate media,
52,F,"Aujourd'hui, plus d'enfants dorment dans les refuges pour sans-abri de New York que de sièges au Yankee Stadium.",theses.hal.science,Unclear website,Partially relevant
52,F,"Aujourd'hui, plus d'enfants dorment dans les refuges pour sans-abri de New York que de sièges au Yankee Stadium.",theses.hal.science,Journalistic source,Partially relevant
52,F,"Aujourd'hui, plus d'enfants dorment dans les refuges pour sans-abri de New York que de sièges au Yankee Stadium.",mat.univie.ac.at,Journalistic source,Partially relevant
52,F,"Aujourd'hui, plus d'enfants dorment dans les refuges pour sans-abri de New York que de sièges au Yankee Stadium.",fr.scribd.com,Journalistic source,Partially relevant
52,F,"Aujourd'hui, plus d'enfants dorment dans les refuges pour sans-abri de New York que de sièges au Yankee Stadium.",fr.scribd.com,Unclear website,Relevant
53,E,Gasoline prices have come down very substantially today.,reuters.com,Journalistic source,
53,E,Gasoline prices have come down very substantially today.,fortune.com,Journalistic source,Partially relevant
53,E,Gasoline prices have come down very substantially today.,fortune.com,Journalistic source,Relevant
53,E,Gasoline prices have come down very substantially today.,politico.com,Journalistic source,Partially relevant
53,E,Gasoline prices have come down very substantially today.,afdc.energy.gov,Local organization,
53,E,Gasoline prices have come down very substantially today.,westchester.news12.com,Intermediate media,
53,E,Gasoline prices have come down very substantially today.,iso-ne.com,Intermediate media,
53,E,Gasoline prices have come down very substantially today.,federalregister.gov,Journalistic source,Partially relevant
53,E,Gasoline prices have come down very substantially today.,eia.gov,Local organization,
53,E,Gasoline prices have come down very substantially today.,federalregister.gov,Journalistic source,Relevant
53,E,Gasoline prices have come down very substantially today.,caiso.com,Intermediate media,
53,E,Gasoline prices have come down very substantially today.,ams.usda.gov,Local organization,
53,E,Gasoline prices have come down very substantially today.,tradingeconomics.com,Intermediate media,
53,E,Gasoline prices have come down very substantially today.,today.marquette.edu,Scientific source,
53,E,Gasoline prices have come down very substantially today.,clearwatertribune.com,Intermediate media,
53,E,Gasoline prices have come down very substantially today.,gasprices.aaa.com,Intermediate media,
53,E,Gasoline prices have come down very substantially today.,tradingeconomics.com,Local organization,
53,E,Gasoline prices have come down very substantially today.,gasprices.aaa.com,Intermediate media,
53,E,Gasoline prices have come down very substantially today.,aegis-hedging.com,Intermediate media,
53,E,Gasoline prices have come down very substantially today.,clevelandfed.org,Local organization,
53,E,Gasoline prices have come down very substantially today.,vermontbiz.com,Intermediate media,
53,E,Gasoline prices have come down very substantially today.,eia.gov,Journalistic source,Partially relevant
53,E,Gasoline prices have come down very substantially today.,eia.gov,Journalistic source,Partially relevant
53,E,Gasoline prices have come down very substantially today.,eia.gov,Local organization,
53,E,Gasoline prices have come down very substantially today.,naturalgasintel.com,Intermediate media,
53,E,Gasoline prices have come down very substantially today.,naturalgasintel.com,Intermediate media,
53,E,Gasoline prices have come down very substantially today.,eia.gov,Local organization,
53,E,Gasoline prices have come down very substantially today.,bls.gov,Unclear website,Partially relevant
53,E,Gasoline prices have come down very substantially today.,gasprices.aaa.com,Intermediate media,
53,E,Gasoline prices have come down very substantially today.,maine.gov,Local organization,
53,E,Gasoline prices have come down very substantially today.,gasprices.aaa.com,Intermediate media,
53,E,Gasoline prices have come down very substantially today.,in.gov,Local organization,
53,E,Gasoline prices have come down very substantially today.,misoenergy.org,Unclear website,Partially relevant
53,E,Gasoline prices have come down very substantially today.,eia.gov,Local organization,
54,F,Les prix de l'essence ont beaucoup baissé aujourd'hui.,france24.com,Journalistic source,
54,F,Les prix de l'essence ont beaucoup baissé aujourd'hui.,journaldemontreal.com,Journalistic source,
54,F,Les prix de l'essence ont beaucoup baissé aujourd'hui.,journaldemontreal.com,Journalistic source,
54,F,Les prix de l'essence ont beaucoup baissé aujourd'hui.,journaldemontreal.com,Journalistic source,
54,F,Les prix de l'essence ont beaucoup baissé aujourd'hui.,ladepeche.fr,Journalistic source,
54,F,Les prix de l'essence ont beaucoup baissé aujourd'hui.,lemonde.fr,Journalistic source,
54,F,Les prix de l'essence ont beaucoup baissé aujourd'hui.,lemonde.fr,Journalistic source,
54,F,Les prix de l'essence ont beaucoup baissé aujourd'hui.,lemonde.fr,Journalistic source,
54,F,Les prix de l'essence ont beaucoup baissé aujourd'hui.,tvanouvelles.ca,Journalistic source,
54,F,Les prix de l'essence ont beaucoup baissé aujourd'hui.,tvanouvelles.ca,Journalistic source,
54,F,Les prix de l'essence ont beaucoup baissé aujourd'hui.,economie.fgov.be,Intermediate media,
54,F,Les prix de l'essence ont beaucoup baissé aujourd'hui.,oleista.com,Unclear website,Partially relevant
54,F,Les prix de l'essence ont beaucoup baissé aujourd'hui.,fr.tradingeconomics.com,Intermediate media,
54,F,Les prix de l'essence ont beaucoup baissé aujourd'hui.,touring.be,Journalistic source,Partially relevant
54,F,Les prix de l'essence ont beaucoup baissé aujourd'hui.,reussir.fr,Journalistic source,Partially relevant
54,F,Les prix de l'essence ont beaucoup baissé aujourd'hui.,connaissancedesenergies...,Intermediate media,
54,F,Les prix de l'essence ont beaucoup baissé aujourd'hui.,france-inflation.com,Intermediate media,
54,F,Les prix de l'essence ont beaucoup baissé aujourd'hui.,libnanews.com,Intermediate media,
54,F,Les prix de l'essence ont beaucoup baissé aujourd'hui.,wwf.fr,Unclear website,Relevant
54,F,Les prix de l'essence ont beaucoup baissé aujourd'hui.,fr.tradingeconomics.com,Intermediate media,
54,F,Les prix de l'essence ont beaucoup baissé aujourd'hui.,nbeub.ca,Intermediate media,
54,F,Les prix de l'essence ont beaucoup baissé aujourd'hui.,carbu.com,Journalistic source,Relevant
54,F,Les prix de l'essence ont beaucoup baissé aujourd'hui.,fr.tradingeconomics.com,Local organization,
54,F,Les prix de l'essence ont beaucoup baissé aujourd'hui.,mobiliteclub.fr,Unclear website,Partially relevant
54,F,Les prix de l'essence ont beaucoup baissé aujourd'hui.,virgule.lu,Intermediate media,
54,F,Les prix de l'essence ont beaucoup baissé aujourd'hui.,carburants.chiffrex.fr,Intermediate media,
55,E,"Congress passed the 1965 Voting Rights Act because the Democrat party at the time, especially in the South, were racially gerrymandering districts to disenfranchise Black voters.",congress.gov,Local organization,
55,E,"Congress passed the 1965 Voting Rights Act because the Democrat party at the time, especially in the South, were racially gerrymandering districts to disenfranchise Black voters.",history.house.gov,Local organization,
55,E,"Congress passed the 1965 Voting Rights Act because the Democrat party at the time, especially in the South, were racially gerrymandering districts to disenfranchise Black voters.",scotusblog.com,Local organization,
55,E,"Congress passed the 1965 Voting Rights Act because the Democrat party at the time, especially in the South, were racially gerrymandering districts to disenfranchise Black voters.",brennancenter.org,Local organization,
55,E,"Congress passed the 1965 Voting Rights Act because the Democrat party at the time, especially in the South, were racially gerrymandering districts to disenfranchise Black voters.",nationalaffairs.com,Intermediate media,
55,E,"Congress passed the 1965 Voting Rights Act because the Democrat party at the time, especially in the South, were racially gerrymandering districts to disenfranchise Black voters.",afj.org,Intermediate media,
55,E,"Congress passed the 1965 Voting Rights Act because the Democrat party at the time, especially in the South, were racially gerrymandering districts to disenfranchise Black voters.",economics.princeton.edu,Scientific source,
55,E,"Congress passed the 1965 Voting Rights Act because the Democrat party at the time, especially in the South, were racially gerrymandering districts to disenfranchise Black voters.",womenshistory.org,Intermediate media,
55,E,"Congress passed the 1965 Voting Rights Act because the Democrat party at the time, especially in the South, were racially gerrymandering districts to disenfranchise Black voters.",journalofdemocracy.org,Intermediate media,
55,E,"Congress passed the 1965 Voting Rights Act because the Democrat party at the time, especially in the South, were racially gerrymandering districts to disenfranchise Black voters.",library.law.howard.edu,Scientific source,
55,E,"Congress passed the 1965 Voting Rights Act because the Democrat party at the time, especially in the South, were racially gerrymandering districts to disenfranchise Black voters.",presidency.ucsb.edu,Scientific source,
55,E,"Congress passed the 1965 Voting Rights Act because the Democrat party at the time, especially in the South, were racially gerrymandering districts to disenfranchise Black voters.",archives.gov,Local organization,
55,E,"Congress passed the 1965 Voting Rights Act because the Democrat party at the time, especially in the South, were racially gerrymandering districts to disenfranchise Black voters.",archives.gov,Local organization,
55,E,"Congress passed the 1965 Voting Rights Act because the Democrat party at the time, especially in the South, were racially gerrymandering districts to disenfranchise Black voters.",naacpldf.org,Local organization,
55,E,"Congress passed the 1965 Voting Rights Act because the Democrat party at the time, especially in the South, were racially gerrymandering districts to disenfranchise Black voters.",carnegie.org,Intermediate media,
55,E,"Congress passed the 1965 Voting Rights Act because the Democrat party at the time, especially in the South, were racially gerrymandering districts to disenfranchise Black voters.",usccr.gov,Local organization,
55,E,"Congress passed the 1965 Voting Rights Act because the Democrat party at the time, especially in the South, were racially gerrymandering districts to disenfranchise Black voters.",wlrn.org,Journalistic source,
55,E,"Congress passed the 1965 Voting Rights Act because the Democrat party at the time, especially in the South, were racially gerrymandering districts to disenfranchise Black voters.",naacpldf.org,Local organization,
55,E,"Congress passed the 1965 Voting Rights Act because the Democrat party at the time, especially in the South, were racially gerrymandering districts to disenfranchise Black voters.",womenshistory.si.edu,Scientific source,
55,E,"Congress passed the 1965 Voting Rights Act because the Democrat party at the time, especially in the South, were racially gerrymandering districts to disenfranchise Black voters.",archives.gov,Local organization,
55,E,"Congress passed the 1965 Voting Rights Act because the Democrat party at the time, especially in the South, were racially gerrymandering districts to disenfranchise Black voters.",loc.gov,Local organization,
56,F,"Le Congrès a adopté le Voting Rights Act de 1965 parce que le parti démocrate de l'époque, surtout dans le Sud, découpait les circonscriptions selon des critères raciaux pour priver les électeurs noirs de leur droit de vote.",academia.edu,Intermediate media,Out of context
56,F,"Le Congrès a adopté le Voting Rights Act de 1965 parce que le parti démocrate de l'époque, surtout dans le Sud, découpait les circonscriptions selon des critères raciaux pour priver les électeurs noirs de leur droit de vote.",theses.hal.science,Intermediate media,Out of context
56,F,"Le Congrès a adopté le Voting Rights Act de 1965 parce que le parti démocrate de l'époque, surtout dans le Sud, découpait les circonscriptions selon des critères raciaux pour priver les électeurs noirs de leur droit de vote.",theses.hal.science,Journalistic source,Partially relevant
56,F,"Le Congrès a adopté le Voting Rights Act de 1965 parce que le parti démocrate de l'époque, surtout dans le Sud, découpait les circonscriptions selon des critères raciaux pour priver les électeurs noirs de leur droit de vote.",journals.openedition.org,Scientific source,
56,F,"Le Congrès a adopté le Voting Rights Act de 1965 parce que le parti démocrate de l'époque, surtout dans le Sud, découpait les circonscriptions selon des critères raciaux pour priver les électeurs noirs de leur droit de vote.",espace.inrs.ca,Scientific source,
56,F,"Le Congrès a adopté le Voting Rights Act de 1965 parce que le parti démocrate de l'époque, surtout dans le Sud, découpait les circonscriptions selon des critères raciaux pour priver les électeurs noirs de leur droit de vote.",extranet.puq.ca,Intermediate media,
56,F,"Le Congrès a adopté le Voting Rights Act de 1965 parce que le parti démocrate de l'époque, surtout dans le Sud, découpait les circonscriptions selon des critères raciaux pour priver les électeurs noirs de leur droit de vote.",iai.it,Unclear website,Out of context
56,F,"Le Congrès a adopté le Voting Rights Act de 1965 parce que le parti démocrate de l'époque, surtout dans le Sud, découpait les circonscriptions selon des critères raciaux pour priver les électeurs noirs de leur droit de vote.",publication.codesria.org,Intermediate media,
56,F,"Le Congrès a adopté le Voting Rights Act de 1965 parce que le parti démocrate de l'époque, surtout dans le Sud, découpait les circonscriptions selon des critères raciaux pour priver les électeurs noirs de leur droit de vote.",idea.int,Mondial organization,
56,F,"Le Congrès a adopté le Voting Rights Act de 1965 parce que le parti démocrate de l'époque, surtout dans le Sud, découpait les circonscriptions selon des critères raciaux pour priver les électeurs noirs de leur droit de vote.",espace.enap.ca,Unclear website,Partially relevant
56,F,"Le Congrès a adopté le Voting Rights Act de 1965 parce que le parti démocrate de l'époque, surtout dans le Sud, découpait les circonscriptions selon des critères raciaux pour priver les électeurs noirs de leur droit de vote.",archipel.uqam.ca,Government / public institution,Out of context
56,F,"Le Congrès a adopté le Voting Rights Act de 1965 parce que le parti démocrate de l'époque, surtout dans le Sud, découpait les circonscriptions selon des critères raciaux pour priver les électeurs noirs de leur droit de vote.",persee.fr,Government / public institution,Partially relevant
56,F,"Le Congrès a adopté le Voting Rights Act de 1965 parce que le parti démocrate de l'époque, surtout dans le Sud, découpait les circonscriptions selon des critères raciaux pour priver les électeurs noirs de leur droit de vote.",strategie-plan.gouv.fr,Journalistic source,Partially relevant
56,F,"Le Congrès a adopté le Voting Rights Act de 1965 parce que le parti démocrate de l'époque, surtout dans le Sud, découpait les circonscriptions selon des critères raciaux pour priver les électeurs noirs de leur droit de vote.",theses.hal.science,Unclear website,Partially relevant
56,F,"Le Congrès a adopté le Voting Rights Act de 1965 parce que le parti démocrate de l'époque, surtout dans le Sud, découpait les circonscriptions selon des critères raciaux pour priver les électeurs noirs de leur droit de vote.",dante.univ-tlse2.fr,Intermediate media,
56,F,"Le Congrès a adopté le Voting Rights Act de 1965 parce que le parti démocrate de l'époque, surtout dans le Sud, découpait les circonscriptions selon des critères raciaux pour priver les électeurs noirs de leur droit de vote.",conseil-constitutionnel...,Intermediate media,
56,F,"Le Congrès a adopté le Voting Rights Act de 1965 parce que le parti démocrate de l'époque, surtout dans le Sud, découpait les circonscriptions selon des critères raciaux pour priver les électeurs noirs de leur droit de vote.",airuniversity.af.edu,Unclear website,Out of context
56,F,"Le Congrès a adopté le Voting Rights Act de 1965 parce que le parti démocrate de l'époque, surtout dans le Sud, découpait les circonscriptions selon des critères raciaux pour priver les électeurs noirs de leur droit de vote.",theses.hal.science,Unclear website,Out of context
56,F,"Le Congrès a adopté le Voting Rights Act de 1965 parce que le parti démocrate de l'époque, surtout dans le Sud, découpait les circonscriptions selon des critères raciaux pour priver les électeurs noirs de leur droit de vote.",europedeslibertes.eu,Intermediate media,
56,F,"Le Congrès a adopté le Voting Rights Act de 1965 parce que le parti démocrate de l'époque, surtout dans le Sud, découpait les circonscriptions selon des critères raciaux pour priver les électeurs noirs de leur droit de vote.",theses.hal.science,Scientific source,
56,F,"Le Congrès a adopté le Voting Rights Act de 1965 parce que le parti démocrate de l'époque, surtout dans le Sud, découpait les circonscriptions selon des critères raciaux pour priver les électeurs noirs de leur droit de vote.",shs.cairn.info,Scientific source,
56,F,"Le Congrès a adopté le Voting Rights Act de 1965 parce que le parti démocrate de l'époque, surtout dans le Sud, découpait les circonscriptions selon des critères raciaux pour priver les électeurs noirs de leur droit de vote.",archipel.uqam.ca,Unclear website,Partially relevant
56,F,"Le Congrès a adopté le Voting Rights Act de 1965 parce que le parti démocrate de l'époque, surtout dans le Sud, découpait les circonscriptions selon des critères raciaux pour priver les électeurs noirs de leur droit de vote.",erudit.org,Unclear website,Partially relevant
56,F,"Le Congrès a adopté le Voting Rights Act de 1965 parce que le parti démocrate de l'époque, surtout dans le Sud, découpait les circonscriptions selon des critères raciaux pour priver les électeurs noirs de leur droit de vote.",theses.hal.science,Unclear website,Out of context
56,F,"Le Congrès a adopté le Voting Rights Act de 1965 parce que le parti démocrate de l'époque, surtout dans le Sud, découpait les circonscriptions selon des critères raciaux pour priver les électeurs noirs de leur droit de vote.",espace.inrs.ca,Unclear website,Out of context
57,E,California only has enough oil and gas supply to meet demand for the next six weeks.,pewresearch.org,Local organization,
57,E,California only has enough oil and gas supply to meet demand for the next six weeks.,kcra.com,Journalistic source,
57,E,California only has enough oil and gas supply to meet demand for the next six weeks.,politifact.com,Journalistic source,
57,E,California only has enough oil and gas supply to meet demand for the next six weeks.,kqed.org,Journalistic source,
57,E,California only has enough oil and gas supply to meet demand for the next six weeks.,governing.com,Intermediate media,
57,E,California only has enough oil and gas supply to meet demand for the next six weeks.,calmatters.org,Journalistic source,
57,E,California only has enough oil and gas supply to meet demand for the next six weeks.,calmatters.org,Journalistic source,
57,E,California only has enough oil and gas supply to meet demand for the next six weeks.,calmatters.org,Journalistic source,
57,E,California only has enough oil and gas supply to meet demand for the next six weeks.,energy.gov,Unclear website,Out of context
57,E,California only has enough oil and gas supply to meet demand for the next six weeks.,energy.gov,Local organization,
57,E,California only has enough oil and gas supply to meet demand for the next six weeks.,boem.gov,Local organization,
57,E,California only has enough oil and gas supply to meet demand for the next six weeks.,senv.senate.ca.gov,Local organization,
57,E,California only has enough oil and gas supply to meet demand for the next six weeks.,energy.ca.gov,Local organization,
57,E,California only has enough oil and gas supply to meet demand for the next six weeks.,padilla.senate.gov,Local organization,
57,E,California only has enough oil and gas supply to meet demand for the next six weeks.,crc.com,Intermediate media,
57,E,California only has enough oil and gas supply to meet demand for the next six weeks.,gov.ca.gov,Local organization,
57,E,California only has enough oil and gas supply to meet demand for the next six weeks.,spglobal.com,Intermediate media,
57,E,California only has enough oil and gas supply to meet demand for the next six weeks.,autl.assembly.ca.gov,Local organization,
57,E,California only has enough oil and gas supply to meet demand for the next six weeks.,energy.ca.gov,Local organization,
57,E,California only has enough oil and gas supply to meet demand for the next six weeks.,eia.gov,Local organization,
57,E,California only has enough oil and gas supply to meet demand for the next six weeks.,autl.assembly.ca.gov,Local organization,
57,E,California only has enough oil and gas supply to meet demand for the next six weeks.,energy.ca.gov,Local organization,
58,F,La Californie n'a de réserves de pétrole et de gaz que pour six semaines de demande.,fr.wikipedia.org,Intermediate media,
58,F,La Californie n'a de réserves de pétrole et de gaz que pour six semaines de demande.,fr.wikipedia.org,Intermediate media,
58,F,La Californie n'a de réserves de pétrole et de gaz que pour six semaines de demande.,fr.finance.yahoo.com,Intermediate media,
58,F,La Californie n'a de réserves de pétrole et de gaz que pour six semaines de demande.,rfi.fr,Journalistic source,
58,F,La Californie n'a de réserves de pétrole et de gaz que pour six semaines de demande.,tdsecurities.com,Intermediate media,
58,F,La Californie n'a de réserves de pétrole et de gaz que pour six semaines de demande.,elaw.org,Intermediate media,
58,F,La Californie n'a de réserves de pétrole et de gaz que pour six semaines de demande.,energyregulationquarterly.c...,Intermediate media,
58,F,La Californie n'a de réserves de pétrole et de gaz que pour six semaines de demande.,researchnester.com,Intermediate media,
58,F,La Californie n'a de réserves de pétrole et de gaz que pour six semaines de demande.,totalenergies.com,Intermediate media,
58,F,La Californie n'a de réserves de pétrole et de gaz que pour six semaines de demande.,data.undp.org,Mondial organization,
58,F,La Californie n'a de réserves de pétrole et de gaz que pour six semaines de demande.,publications.gc.ca,Local organization,
58,F,La Californie n'a de réserves de pétrole et de gaz que pour six semaines de demande.,energie.hec.ca,Journalistic source,Partially relevant
58,F,La Californie n'a de réserves de pétrole et de gaz que pour six semaines de demande.,ifpenergiesnouvelles.fr...,Intermediate media,
58,F,La Californie n'a de réserves de pétrole et de gaz que pour six semaines de demande.,letemps.ch,Journalistic source,
58,F,La Californie n'a de réserves de pétrole et de gaz que pour six semaines de demande.,researchnester.com,Unclear website,Relevant
58,F,La Californie n'a de réserves de pétrole et de gaz que pour six semaines de demande.,totalenergies.com,Intermediate media,
58,F,La Californie n'a de réserves de pétrole et de gaz que pour six semaines de demande.,unfccc.int,Mondial organization,
58,F,La Californie n'a de réserves de pétrole et de gaz que pour six semaines de demande.,mordorintelligence.com,Intermediate media,
58,F,La Californie n'a de réserves de pétrole et de gaz que pour six semaines de demande.,itf-oecd.org,Mondial organization,
58,F,La Californie n'a de réserves de pétrole et de gaz que pour six semaines de demande.,rctc.org,Intermediate media,
58,F,La Californie n'a de réserves de pétrole et de gaz que pour six semaines de demande.,electricforall.org,Intermediate media,
58,F,La Californie n'a de réserves de pétrole et de gaz que pour six semaines de demande.,nationalfuel.com,Intermediate media,
58,F,La Californie n'a de réserves de pétrole et de gaz que pour six semaines de demande.,gminsights.com,Intermediate media,
58,F,La Californie n'a de réserves de pétrole et de gaz que pour six semaines de demande.,nbeub.ca,Intermediate media,
58,F,La Californie n'a de réserves de pétrole et de gaz que pour six semaines de demande.,fortinet.com,Government / public institution,Out of context
58,F,La Californie n'a de réserves de pétrole et de gaz que pour six semaines de demande.,breakfreefromplastic.or...,Intermediate media,
59,E,Consumer confidence is way up.,prnewswire.com,Journalistic source,
59,E,Consumer confidence is way up.,prnewswire.com,Journalistic source,
59,E,Consumer confidence is way up.,economy-finance.ec.europa.e...,Intermediate media,
59,E,Consumer confidence is way up.,ipsos.com,Local organization,
59,E,Consumer confidence is way up.,sca.isr.umich.edu,Scientific source,
59,E,Consumer confidence is way up.,tradingeconomics.com,Intermediate media,
59,E,Consumer confidence is way up.,oecd.org,Mondial organization,
59,E,Consumer confidence is way up.,fred.stlouisfed.org,Intermediate media,
59,E,Consumer confidence is way up.,ipsos.com,Local organization,
59,E,Consumer confidence is way up.,conference-board.org,Intermediate media,
59,E,Consumer confidence is way up.,bostonfed.org,Intermediate media,
59,E,Consumer confidence is way up.,bea.gov,Local organization,
59,E,Consumer confidence is way up.,bls.gov,Local organization,
59,E,Consumer confidence is way up.,chicagofed.org,Intermediate media,
59,E,Consumer confidence is way up.,conference-board.org,Intermediate media,
59,E,Consumer confidence is way up.,ipsos.com,Local organization,
59,E,Consumer confidence is way up.,restaurant.org,Intermediate media,
60,F,La confiance des consommateurs est nettement en hausse.,oecd.org,Mondial organization,
60,F,La confiance des consommateurs est nettement en hausse.,unodc.org,Unclear website,Relevant
60,F,La confiance des consommateurs est nettement en hausse.,budget.ontario.ca,Intermediate media,
60,F,La confiance des consommateurs est nettement en hausse.,openknowledge.worldbank.org...,Journalistic source,Partially relevant
60,F,La confiance des consommateurs est nettement en hausse.,desapublications.un.org,Journalistic source,Relevant
60,F,La confiance des consommateurs est nettement en hausse.,undp.org,Journalistic source,Partially relevant
60,F,La confiance des consommateurs est nettement en hausse.,statcan.gc.ca,Local organization,
60,F,La confiance des consommateurs est nettement en hausse.,am.jpmorgan.com,Intermediate media,
60,F,La confiance des consommateurs est nettement en hausse.,fcd.fr,Journalistic source,Partially relevant
60,F,La confiance des consommateurs est nettement en hausse.,untourism.int,Mondial organization,
60,F,La confiance des consommateurs est nettement en hausse.,optionfinance.fr,Intermediate media,
60,F,La confiance des consommateurs est nettement en hausse.,blog.yomoni.fr,Intermediate media,
60,F,La confiance des consommateurs est nettement en hausse.,ecb.europa.eu,Mondial organization,
60,F,La confiance des consommateurs est nettement en hausse.,tresor.economie.gouv.fr...,Local organization,
60,F,La confiance des consommateurs est nettement en hausse.,bleuetsduquebec.ca,Intermediate media,
60,F,La confiance des consommateurs est nettement en hausse.,regard-es.com,Intermediate media,
60,F,La confiance des consommateurs est nettement en hausse.,bcl.lu,Intermediate media,
60,F,La confiance des consommateurs est nettement en hausse.,analysis.ms,Intermediate media,
60,F,La confiance des consommateurs est nettement en hausse.,paperjam.lu,Intermediate media,
60,F,La confiance des consommateurs est nettement en hausse.,imf.org,Journalistic source,Partially relevant
60,F,La confiance des consommateurs est nettement en hausse.,cre.fr,Intermediate media,
60,F,La confiance des consommateurs est nettement en hausse.,ecb.europa.eu,Journalistic source,Partially relevant
60,F,La confiance des consommateurs est nettement en hausse.,economic-research.bnppariba...,Journalistic source,Partially relevant
60,F,La confiance des consommateurs est nettement en hausse.,bceao.int,Unclear website,Partially relevant
60,F,La confiance des consommateurs est nettement en hausse.,openknowledge.worldbank.org...,Mondial organization,
61,E,"Under federal law, you cannot engage in partisan gerrymandering.",npr.org,Journalistic source,
61,E,"Under federal law, you cannot engage in partisan gerrymandering.",npr.org,Journalistic source,
61,E,"Under federal law, you cannot engage in partisan gerrymandering.",ncsl.org,Intermediate media,
61,E,"Under federal law, you cannot engage in partisan gerrymandering.",congress.gov,Local organization,
61,E,"Under federal law, you cannot engage in partisan gerrymandering.",constitution.congress.gov,Local organization,
61,E,"Under federal law, you cannot engage in partisan gerrymandering.",congress.gov,Local organization,
61,E,"Under federal law, you cannot engage in partisan gerrymandering.",oyez.org,Intermediate media,
61,E,"Under federal law, you cannot engage in partisan gerrymandering.",scotusblog.com,Local organization,
61,E,"Under federal law, you cannot engage in partisan gerrymandering.",scotusblog.com,Local organization,
61,E,"Under federal law, you cannot engage in partisan gerrymandering.",scotusblog.com,Local organization,
61,E,"Under federal law, you cannot engage in partisan gerrymandering.",en.wikipedia.org,Intermediate media,
61,E,"Under federal law, you cannot engage in partisan gerrymandering.",bipartisanpolicy.org,Local organization,
61,E,"Under federal law, you cannot engage in partisan gerrymandering.",brennancenter.org,Local organization,
61,E,"Under federal law, you cannot engage in partisan gerrymandering.",brennancenter.org,Local organization,
61,E,"Under federal law, you cannot engage in partisan gerrymandering.",hrlr.law.columbia.edu,Scientific source,
61,E,"Under federal law, you cannot engage in partisan gerrymandering.",law.yale.edu,Scientific source,
61,E,"Under federal law, you cannot engage in partisan gerrymandering.",hks.harvard.edu,Scientific source,
61,E,"Under federal law, you cannot engage in partisan gerrymandering.",americanprogress.org,Local organization,
61,E,"Under federal law, you cannot engage in partisan gerrymandering.",statecourtreport.org,Local organization,
61,E,"Under federal law, you cannot engage in partisan gerrymandering.",supremecourt.gov,Local organization,
61,E,"Under federal law, you cannot engage in partisan gerrymandering.",statecourtreport.org,Local organization,
61,E,"Under federal law, you cannot engage in partisan gerrymandering.",campaignlegal.org,Local organization,
61,E,"Under federal law, you cannot engage in partisan gerrymandering.",americanbar.org,Intermediate media,
61,E,"Under federal law, you cannot engage in partisan gerrymandering.",padilla.senate.gov,Local organization,
61,E,"Under federal law, you cannot engage in partisan gerrymandering.",fairelectionscenter.org,Intermediate media,
61,E,"Under federal law, you cannot engage in partisan gerrymandering.",nyulawreview.org,Intermediate media,
61,E,"Under federal law, you cannot engage in partisan gerrymandering.",harvardlawreview.org,Intermediate media,
61,E,"Under federal law, you cannot engage in partisan gerrymandering.",law.emory.edu,Scientific source,
62,F,"Selon la loi fédérale, on ne peut pas pratiquer le charcutage électoral partisan.",dumas.ccsd.cnrs.fr,Unclear website,Partially relevant
62,F,"Selon la loi fédérale, on ne peut pas pratiquer le charcutage électoral partisan.",theses.hal.science,Intermediate media,Partially relevant
62,F,"Selon la loi fédérale, on ne peut pas pratiquer le charcutage électoral partisan.",eods.eu,Intermediate media,
62,F,"Selon la loi fédérale, on ne peut pas pratiquer le charcutage électoral partisan.",pinguet.free.fr,Unclear website,Partially relevant
62,F,"Selon la loi fédérale, on ne peut pas pratiquer le charcutage électoral partisan.",fr.scribd.com,Unclear website,Out of context
62,F,"Selon la loi fédérale, on ne peut pas pratiquer le charcutage électoral partisan.",senat.fr,Government / public institution,Out of context
62,F,"Selon la loi fédérale, on ne peut pas pratiquer le charcutage électoral partisan.",academia.edu,Scientific source,Out of context
62,F,"Selon la loi fédérale, on ne peut pas pratiquer le charcutage électoral partisan.",fr.scribd.com,Government / public institution,Out of context
62,F,"Selon la loi fédérale, on ne peut pas pratiquer le charcutage électoral partisan.",fr.scribd.com,Intermediate media,
62,F,"Selon la loi fédérale, on ne peut pas pratiquer le charcutage électoral partisan.",fr.scribd.com,Intermediate media,Out of context
62,F,"Selon la loi fédérale, on ne peut pas pratiquer le charcutage électoral partisan.",europarl.europa.eu,Intermediate media,Partially relevant
62,F,"Selon la loi fédérale, on ne peut pas pratiquer le charcutage électoral partisan.",questions-constitutionnelle...,Government / public institution,Partially relevant
62,F,"Selon la loi fédérale, on ne peut pas pratiquer le charcutage électoral partisan.",hdr.undp.org,Unclear website,Out of context
62,F,"Selon la loi fédérale, on ne peut pas pratiquer le charcutage électoral partisan.",elections.ca,Local organization,
62,F,"Selon la loi fédérale, on ne peut pas pratiquer le charcutage électoral partisan.",exteriores.gob.es,Local organization,
62,F,"Selon la loi fédérale, on ne peut pas pratiquer le charcutage électoral partisan.",venice.coe.int,Mondial organization,
62,F,"Selon la loi fédérale, on ne peut pas pratiquer le charcutage électoral partisan.",minorityrights.org,Intermediate media,
62,F,"Selon la loi fédérale, on ne peut pas pratiquer le charcutage électoral partisan.",documents1.worldbank.org,Unclear website,Partially relevant
62,F,"Selon la loi fédérale, on ne peut pas pratiquer le charcutage électoral partisan.",www2.assemblee-nationale.fr...,Unclear website,Out of context
62,F,"Selon la loi fédérale, on ne peut pas pratiquer le charcutage électoral partisan.",horizon.documentation.ird.f...,Unclear website,Partially relevant
62,F,"Selon la loi fédérale, on ne peut pas pratiquer le charcutage électoral partisan.",numerique.banq.qc.ca,Unclear website,Partially relevant
62,F,"Selon la loi fédérale, on ne peut pas pratiquer le charcutage électoral partisan.",assemblee-nationale.fr,Unclear website,Out of context
62,F,"Selon la loi fédérale, on ne peut pas pratiquer le charcutage électoral partisan.",archive.org,Intermediate media,Partially relevant
62,F,"Selon la loi fédérale, on ne peut pas pratiquer le charcutage électoral partisan.",extranet.puq.ca,Unclear website,Partially relevant
62,F,"Selon la loi fédérale, on ne peut pas pratiquer le charcutage électoral partisan.",venice.coe.int,Mondial organization,
63,E,Image shows 950 migrants toppling the border wall between Mexico and the United States while trying to enter the United States in April 2026.,npr.org,Journalistic source,
63,E,Image shows 950 migrants toppling the border wall between Mexico and the United States while trying to enter the United States in April 2026.,npr.org,Journalistic source,
63,E,Image shows 950 migrants toppling the border wall between Mexico and the United States while trying to enter the United States in April 2026.,ncsl.org,Intermediate media,
63,E,Image shows 950 migrants toppling the border wall between Mexico and the United States while trying to enter the United States in April 2026.,congress.gov,Intermediate media,Out of context
63,E,Image shows 950 migrants toppling the border wall between Mexico and the United States while trying to enter the United States in April 2026.,constitution.congress.gov,Local organization,
63,E,Image shows 950 migrants toppling the border wall between Mexico and the United States while trying to enter the United States in April 2026.,congress.gov,Local organization,
63,E,Image shows 950 migrants toppling the border wall between Mexico and the United States while trying to enter the United States in April 2026.,oyez.org,Intermediate media,
63,E,Image shows 950 migrants toppling the border wall between Mexico and the United States while trying to enter the United States in April 2026.,scotusblog.com,Local organization,
63,E,Image shows 950 migrants toppling the border wall between Mexico and the United States while trying to enter the United States in April 2026.,scotusblog.com,Local organization,
63,E,Image shows 950 migrants toppling the border wall between Mexico and the United States while trying to enter the United States in April 2026.,scotusblog.com,Local organization,
63,E,Image shows 950 migrants toppling the border wall between Mexico and the United States while trying to enter the United States in April 2026.,en.wikipedia.org,Intermediate media,
63,E,Image shows 950 migrants toppling the border wall between Mexico and the United States while trying to enter the United States in April 2026.,bipartisanpolicy.org,Unclear website,Partially relevant
63,E,Image shows 950 migrants toppling the border wall between Mexico and the United States while trying to enter the United States in April 2026.,brennancenter.org,Unclear website,Out of context
63,E,Image shows 950 migrants toppling the border wall between Mexico and the United States while trying to enter the United States in April 2026.,brennancenter.org,Local organization,
63,E,Image shows 950 migrants toppling the border wall between Mexico and the United States while trying to enter the United States in April 2026.,hrlr.law.columbia.edu,Scientific source,
63,E,Image shows 950 migrants toppling the border wall between Mexico and the United States while trying to enter the United States in April 2026.,law.yale.edu,Scientific source,
63,E,Image shows 950 migrants toppling the border wall between Mexico and the United States while trying to enter the United States in April 2026.,hks.harvard.edu,Unclear website,Out of context
63,E,Image shows 950 migrants toppling the border wall between Mexico and the United States while trying to enter the United States in April 2026.,americanprogress.org,Local organization,
63,E,Image shows 950 migrants toppling the border wall between Mexico and the United States while trying to enter the United States in April 2026.,statecourtreport.org,Local organization,
63,E,Image shows 950 migrants toppling the border wall between Mexico and the United States while trying to enter the United States in April 2026.,supremecourt.gov,Local organization,
63,E,Image shows 950 migrants toppling the border wall between Mexico and the United States while trying to enter the United States in April 2026.,statecourtreport.org,Local organization,
63,E,Image shows 950 migrants toppling the border wall between Mexico and the United States while trying to enter the United States in April 2026.,campaignlegal.org,Unclear website,Out of context
63,E,Image shows 950 migrants toppling the border wall between Mexico and the United States while trying to enter the United States in April 2026.,americanbar.org,Local organization,
63,E,Image shows 950 migrants toppling the border wall between Mexico and the United States while trying to enter the United States in April 2026.,padilla.senate.gov,Local organization,
63,E,Image shows 950 migrants toppling the border wall between Mexico and the United States while trying to enter the United States in April 2026.,fairelectionscenter.org,Local organization,
63,E,Image shows 950 migrants toppling the border wall between Mexico and the United States while trying to enter the United States in April 2026.,nyulawreview.org,Journalistic source,Relevant
63,E,Image shows 950 migrants toppling the border wall between Mexico and the United States while trying to enter the United States in April 2026.,harvardlawreview.org,Local organization,
63,E,Image shows 950 migrants toppling the border wall between Mexico and the United States while trying to enter the United States in April 2026.,law.emory.edu,Government / public institution,Partially relevant
64,F,"Une image montrerait que 950 immigrants ont fait tomber le mur frontalier entre le Mexique et les États-Unis en tentant d'y entrer, en avril 2026.",dumas.ccsd.cnrs.fr,Scientific source,
64,F,"Une image montrerait que 950 immigrants ont fait tomber le mur frontalier entre le Mexique et les États-Unis en tentant d'y entrer, en avril 2026.",theses.hal.science,Scientific source,
64,F,"Une image montrerait que 950 immigrants ont fait tomber le mur frontalier entre le Mexique et les États-Unis en tentant d'y entrer, en avril 2026.",eods.eu,Government / public institution,Partially relevant
64,F,"Une image montrerait que 950 immigrants ont fait tomber le mur frontalier entre le Mexique et les États-Unis en tentant d'y entrer, en avril 2026.",pinguet.free.fr,Intermediate media,
64,F,"Une image montrerait que 950 immigrants ont fait tomber le mur frontalier entre le Mexique et les États-Unis en tentant d'y entrer, en avril 2026.",fr.scribd.com,Intermediate media,
64,F,"Une image montrerait que 950 immigrants ont fait tomber le mur frontalier entre le Mexique et les États-Unis en tentant d'y entrer, en avril 2026.",senat.fr,Local organization,
64,F,"Une image montrerait que 950 immigrants ont fait tomber le mur frontalier entre le Mexique et les États-Unis en tentant d'y entrer, en avril 2026.",academia.edu,Scientific source,
64,F,"Une image montrerait que 950 immigrants ont fait tomber le mur frontalier entre le Mexique et les États-Unis en tentant d'y entrer, en avril 2026.",fr.scribd.com,Intermediate media,
64,F,"Une image montrerait que 950 immigrants ont fait tomber le mur frontalier entre le Mexique et les États-Unis en tentant d'y entrer, en avril 2026.",fr.scribd.com,Government / public institution,Partially relevant
64,F,"Une image montrerait que 950 immigrants ont fait tomber le mur frontalier entre le Mexique et les États-Unis en tentant d'y entrer, en avril 2026.",fr.scribd.com,Intermediate media,
64,F,"Une image montrerait que 950 immigrants ont fait tomber le mur frontalier entre le Mexique et les États-Unis en tentant d'y entrer, en avril 2026.",europarl.europa.eu,Government / public institution,Partially relevant
64,F,"Une image montrerait que 950 immigrants ont fait tomber le mur frontalier entre le Mexique et les États-Unis en tentant d'y entrer, en avril 2026.",questions-constitutionnelle...,Intermediate media,
64,F,"Une image montrerait que 950 immigrants ont fait tomber le mur frontalier entre le Mexique et les États-Unis en tentant d'y entrer, en avril 2026.",hdr.undp.org,Mondial organization,
64,F,"Une image montrerait que 950 immigrants ont fait tomber le mur frontalier entre le Mexique et les États-Unis en tentant d'y entrer, en avril 2026.",elections.ca,Unclear website,Partially relevant
64,F,"Une image montrerait que 950 immigrants ont fait tomber le mur frontalier entre le Mexique et les États-Unis en tentant d'y entrer, en avril 2026.",exteriores.gob.es,Local organization,
64,F,"Une image montrerait que 950 immigrants ont fait tomber le mur frontalier entre le Mexique et les États-Unis en tentant d'y entrer, en avril 2026.",venice.coe.int,Mondial organization,
64,F,"Une image montrerait que 950 immigrants ont fait tomber le mur frontalier entre le Mexique et les États-Unis en tentant d'y entrer, en avril 2026.",minorityrights.org,Intermediate media,
64,F,"Une image montrerait que 950 immigrants ont fait tomber le mur frontalier entre le Mexique et les États-Unis en tentant d'y entrer, en avril 2026.",documents1.worldbank.org,Mondial organization,
64,F,"Une image montrerait que 950 immigrants ont fait tomber le mur frontalier entre le Mexique et les États-Unis en tentant d'y entrer, en avril 2026.",www2.assemblee-nationale.fr...,Local organization,
64,F,"Une image montrerait que 950 immigrants ont fait tomber le mur frontalier entre le Mexique et les États-Unis en tentant d'y entrer, en avril 2026.",horizon.documentation.ird.f...,Intermediate media,
64,F,"Une image montrerait que 950 immigrants ont fait tomber le mur frontalier entre le Mexique et les États-Unis en tentant d'y entrer, en avril 2026.",numerique.banq.qc.ca,Intermediate media,
64,F,"Une image montrerait que 950 immigrants ont fait tomber le mur frontalier entre le Mexique et les États-Unis en tentant d'y entrer, en avril 2026.",assemblee-nationale.fr,Local organization,
64,F,"Une image montrerait que 950 immigrants ont fait tomber le mur frontalier entre le Mexique et les États-Unis en tentant d'y entrer, en avril 2026.",archive.org,Intermediate media,
64,F,"Une image montrerait que 950 immigrants ont fait tomber le mur frontalier entre le Mexique et les États-Unis en tentant d'y entrer, en avril 2026.",extranet.puq.ca,Intermediate media,
64,F,"Une image montrerait que 950 immigrants ont fait tomber le mur frontalier entre le Mexique et les États-Unis en tentant d'y entrer, en avril 2026.",venice.coe.int,Journalistic source,Relevant
65,E,Secret Service remains unpaid during the partial government shutdown.,federalnewsnetwork.com,Journalistic source,
65,E,Secret Service remains unpaid during the partial government shutdown.,democrats-appropriations.hou...,Intermediate media,
65,E,Secret Service remains unpaid during the partial government shutdown.,appropriations.house.gov,Local organization,
65,E,Secret Service remains unpaid during the partial government shutdown.,appropriations.house.gov,Local organization,
65,E,Secret Service remains unpaid during the partial government shutdown.,case.house.gov,Local organization,
65,E,Secret Service remains unpaid during the partial government shutdown.,thehill.com,Journalistic source,
65,E,Secret Service remains unpaid during the partial government shutdown.,crfb.org,Local organization,
65,E,Secret Service remains unpaid during the partial government shutdown.,gao.gov,Local organization,
65,E,Secret Service remains unpaid during the partial government shutdown.,govexec.com,Journalistic source,
65,E,Secret Service remains unpaid during the partial government shutdown.,marylandmatters.org,Journalistic source,
65,E,Secret Service remains unpaid during the partial government shutdown.,federalregister.gov,Local organization,
65,E,Secret Service remains unpaid during the partial government shutdown.,opm.gov,Local organization,
65,E,Secret Service remains unpaid during the partial government shutdown.,tealprod.tea.state.tx.us,Journalistic source,Partially relevant
65,E,Secret Service remains unpaid during the partial government shutdown.,health.alaska.gov,Journalistic source,Partially relevant
65,E,Secret Service remains unpaid during the partial government shutdown.,dcjs.virginia.gov,Local organization,
65,E,Secret Service remains unpaid during the partial government shutdown.,skyharbor.com,Journalistic source,Partially relevant
65,E,Secret Service remains unpaid during the partial government shutdown.,bart.gov,Local organization,
65,E,Secret Service remains unpaid during the partial government shutdown.,home.treasury.gov,Local organization,
65,E,Secret Service remains unpaid during the partial government shutdown.,dhs.gov,Local organization,
65,E,Secret Service remains unpaid during the partial government shutdown.,irs.gov,Local organization,
65,E,Secret Service remains unpaid during the partial government shutdown.,cisa.gov,Journalistic source,Relevant
65,E,Secret Service remains unpaid during the partial government shutdown.,e-verify.gov,Unclear website,Relevant
65,E,Secret Service remains unpaid during the partial government shutdown.,nhes.nh.gov,Local organization,
66,F,Le Secret Service resterait impayé pendant la fermeture partielle du gouvernement.,amnesty.org,Mondial organization,
66,F,Le Secret Service resterait impayé pendant la fermeture partielle du gouvernement.,amnesty.org,Mondial organization,
66,F,Le Secret Service resterait impayé pendant la fermeture partielle du gouvernement.,voyage.gc.ca,Unclear website,Out of context
66,F,Le Secret Service resterait impayé pendant la fermeture partielle du gouvernement.,belgium.be,Local organization,
66,F,Le Secret Service resterait impayé pendant la fermeture partielle du gouvernement.,canada.ca,Local organization,
66,F,Le Secret Service resterait impayé pendant la fermeture partielle du gouvernement.,hudoc.echr.coe.int,Mondial organization,
66,F,Le Secret Service resterait impayé pendant la fermeture partielle du gouvernement.,banque-france.fr,Local organization,
66,F,Le Secret Service resterait impayé pendant la fermeture partielle du gouvernement.,commissionsurletatdurgence....,Intermediate media,
66,F,Le Secret Service resterait impayé pendant la fermeture partielle du gouvernement.,ilo.org,Mondial organization,
66,F,Le Secret Service resterait impayé pendant la fermeture partielle du gouvernement.,unodc.org,Unclear website,Relevant
66,F,Le Secret Service resterait impayé pendant la fermeture partielle du gouvernement.,undp.org,Local organization,
66,F,Le Secret Service resterait impayé pendant la fermeture partielle du gouvernement.,laws.justice.gc.ca,Local organization,
66,F,Le Secret Service resterait impayé pendant la fermeture partielle du gouvernement.,laws-lois.justice.gc.ca,Local organization,
66,F,Le Secret Service resterait impayé pendant la fermeture partielle du gouvernement.,canada.ca,Local organization,
66,F,Le Secret Service resterait impayé pendant la fermeture partielle du gouvernement.,cec.org,Intermediate media,
66,F,Le Secret Service resterait impayé pendant la fermeture partielle du gouvernement.,fedlex.admin.ch,Local organization,
66,F,Le Secret Service resterait impayé pendant la fermeture partielle du gouvernement.,laws-lois.justice.gc.ca,Unclear website,Partially relevant
66,F,Le Secret Service resterait impayé pendant la fermeture partielle du gouvernement.,europarl.europa.eu,Unclear website,Partially relevant
66,F,Le Secret Service resterait impayé pendant la fermeture partielle du gouvernement.,rcaanc-cirnac.gc.ca,Local organization,
66,F,Le Secret Service resterait impayé pendant la fermeture partielle du gouvernement.,fatf-gafi.org,Mondial organization,
66,F,Le Secret Service resterait impayé pendant la fermeture partielle du gouvernement.,entreprises.gouv.fr,Local organization,
66,F,Le Secret Service resterait impayé pendant la fermeture partielle du gouvernement.,service-public.gouv.fr,Local organization,
66,F,Le Secret Service resterait impayé pendant la fermeture partielle du gouvernement.,ih2ef.gouv.fr,Local organization,
66,F,Le Secret Service resterait impayé pendant la fermeture partielle du gouvernement.,legifrance.gouv.fr,Unclear website,Relevant
66,F,Le Secret Service resterait impayé pendant la fermeture partielle du gouvernement.,autorite-transports.fr,Government / public institution,Relevant
66,F,Le Secret Service resterait impayé pendant la fermeture partielle du gouvernement.,fedlex.admin.ch,Local organization,
66,F,Le Secret Service resterait impayé pendant la fermeture partielle du gouvernement.,canada.ca,Local organization,
66,F,Le Secret Service resterait impayé pendant la fermeture partielle du gouvernement.,intuit.com,Journalistic source,Partially relevant
66,F,Le Secret Service resterait impayé pendant la fermeture partielle du gouvernement.,canada.ca,Local organization,
66,F,Le Secret Service resterait impayé pendant la fermeture partielle du gouvernement.,canada.ca,Government / public institution,Out of context
66,F,Le Secret Service resterait impayé pendant la fermeture partielle du gouvernement.,decisions.scc-csc.ca,Local organization,
66,F,Le Secret Service resterait impayé pendant la fermeture partielle du gouvernement.,fatf-gafi.org,Unclear website,Relevant
66,F,Le Secret Service resterait impayé pendant la fermeture partielle du gouvernement.,unodc.org,Mondial organization,
66,F,Le Secret Service resterait impayé pendant la fermeture partielle du gouvernement.,assemblee-nationale.fr,Unclear website,Relevant
66,F,Le Secret Service resterait impayé pendant la fermeture partielle du gouvernement.,fedlex.admin.ch,Journalistic source,Partially relevant
66,F,Le Secret Service resterait impayé pendant la fermeture partielle du gouvernement.,hrlibrary.umn.edu,Government / public institution,Out of context
66,F,Le Secret Service resterait impayé pendant la fermeture partielle du gouvernement.,canada.ca,Government / public institution,Partially relevant
66,F,Le Secret Service resterait impayé pendant la fermeture partielle du gouvernement.,unodc.org,Government / public institution,Out of context
66,F,Le Secret Service resterait impayé pendant la fermeture partielle du gouvernement.,ilo.org,Mondial organization,
67,E,Video shows unedited raw security footage of the shooter at the April 25 White House Correspondents' Association dinner.,apnews.com,Journalistic source,
67,E,Video shows unedited raw security footage of the shooter at the April 25 White House Correspondents' Association dinner.,npr.org,Journalistic source,
67,E,Video shows unedited raw security footage of the shooter at the April 25 White House Correspondents' Association dinner.,poynter.org,Local organization,
67,E,Video shows unedited raw security footage of the shooter at the April 25 White House Correspondents' Association dinner.,bbc.com,Journalistic source,
67,E,Video shows unedited raw security footage of the shooter at the April 25 White House Correspondents' Association dinner.,cbsnews.com,Journalistic source,
67,E,Video shows unedited raw security footage of the shooter at the April 25 White House Correspondents' Association dinner.,kcra.com,Journalistic source,
67,E,Video shows unedited raw security footage of the shooter at the April 25 White House Correspondents' Association dinner.,kcra.com,Journalistic source,
67,E,Video shows unedited raw security footage of the shooter at the April 25 White House Correspondents' Association dinner.,pbs.org,Intermediate media,
67,E,Video shows unedited raw security footage of the shooter at the April 25 White House Correspondents' Association dinner.,pbs.org,Intermediate media,
67,E,Video shows unedited raw security footage of the shooter at the April 25 White House Correspondents' Association dinner.,pbs.org,Intermediate media,
67,E,Video shows unedited raw security footage of the shooter at the April 25 White House Correspondents' Association dinner.,politifact.com,Journalistic source,
67,E,Video shows unedited raw security footage of the shooter at the April 25 White House Correspondents' Association dinner.,politifact.com,Journalistic source,
67,E,Video shows unedited raw security footage of the shooter at the April 25 White House Correspondents' Association dinner.,politifact.com,Journalistic source,
67,E,Video shows unedited raw security footage of the shooter at the April 25 White House Correspondents' Association dinner.,politifact.com,Journalistic source,
67,E,Video shows unedited raw security footage of the shooter at the April 25 White House Correspondents' Association dinner.,nytimes.com,Journalistic source,
67,E,Video shows unedited raw security footage of the shooter at the April 25 White House Correspondents' Association dinner.,cnbc.com,Journalistic source,
67,E,Video shows unedited raw security footage of the shooter at the April 25 White House Correspondents' Association dinner.,en.wikipedia.org,Intermediate media,
67,E,Video shows unedited raw security footage of the shooter at the April 25 White House Correspondents' Association dinner.,abc30.com,Journalistic source,
67,E,Video shows unedited raw security footage of the shooter at the April 25 White House Correspondents' Association dinner.,yahoo.com,Intermediate media,
67,E,Video shows unedited raw security footage of the shooter at the April 25 White House Correspondents' Association dinner.,wdsu.com,Journalistic source,
67,E,Video shows unedited raw security footage of the shooter at the April 25 White House Correspondents' Association dinner.,abcnews.com,Journalistic source,
67,E,Video shows unedited raw security footage of the shooter at the April 25 White House Correspondents' Association dinner.,abc7news.com,Journalistic source,
67,E,Video shows unedited raw security footage of the shooter at the April 25 White House Correspondents' Association dinner.,cnycentral.com,Intermediate media,
67,E,Video shows unedited raw security footage of the shooter at the April 25 White House Correspondents' Association dinner.,foxnews.com,Journalistic source,
67,E,Video shows unedited raw security footage of the shooter at the April 25 White House Correspondents' Association dinner.,justice.gov,Local organization,
67,E,Video shows unedited raw security footage of the shooter at the April 25 White House Correspondents' Association dinner.,whca.press,Intermediate media,
68,F,Une vidéo montrerait des images de sécurité brutes et non montées du tireur au dîner de l'association des correspondants de la Maison-Blanche du 25 avril.,fr.wikipedia.org,Government / public institution,Partially relevant
68,F,Une vidéo montrerait des images de sécurité brutes et non montées du tireur au dîner de l'association des correspondants de la Maison-Blanche du 25 avril.,aol.com,Intermediate media,
68,F,Une vidéo montrerait des images de sécurité brutes et non montées du tireur au dîner de l'association des correspondants de la Maison-Blanche du 25 avril.,tf1info.fr,Journalistic source,
68,F,Une vidéo montrerait des images de sécurité brutes et non montées du tireur au dîner de l'association des correspondants de la Maison-Blanche du 25 avril.,dakaractu.com,Intermediate media,
68,F,Une vidéo montrerait des images de sécurité brutes et non montées du tireur au dîner de l'association des correspondants de la Maison-Blanche du 25 avril.,courrierinternational.c...,Intermediate media,
68,F,Une vidéo montrerait des images de sécurité brutes et non montées du tireur au dîner de l'association des correspondants de la Maison-Blanche du 25 avril.,laviesenegalaise.com,Intermediate media,
68,F,Une vidéo montrerait des images de sécurité brutes et non montées du tireur au dîner de l'association des correspondants de la Maison-Blanche du 25 avril.,laviesenegalaise.com,Intermediate media,
68,F,Une vidéo montrerait des images de sécurité brutes et non montées du tireur au dîner de l'association des correspondants de la Maison-Blanche du 25 avril.,www2.assemblee-nationale.fr...,Unclear website,Partially relevant
68,F,Une vidéo montrerait des images de sécurité brutes et non montées du tireur au dîner de l'association des correspondants de la Maison-Blanche du 25 avril.,theses.hal.science,Unclear website,Out of context
68,F,Une vidéo montrerait des images de sécurité brutes et non montées du tireur au dîner de l'association des correspondants de la Maison-Blanche du 25 avril.,etude-nutrinet-sante.fr,Intermediate media,
68,F,Une vidéo montrerait des images de sécurité brutes et non montées du tireur au dîner de l'association des correspondants de la Maison-Blanche du 25 avril.,www2.assemblee-nationale.fr...,Local organization,
69,E,"Following the attack on Trump, at the White House Correspondents' Dinner on April 25, Iran sent a strong message: don't believe anything he says, he lies.",apnews.com,Journalistic source,
69,E,"Following the attack on Trump, at the White House Correspondents' Dinner on April 25, Iran sent a strong message: don't believe anything he says, he lies.",npr.org,Journalistic source,
69,E,"Following the attack on Trump, at the White House Correspondents' Dinner on April 25, Iran sent a strong message: don't believe anything he says, he lies.",npr.org,Journalistic source,
69,E,"Following the attack on Trump, at the White House Correspondents' Dinner on April 25, Iran sent a strong message: don't believe anything he says, he lies.",bbc.com,Journalistic source,
69,E,"Following the attack on Trump, at the White House Correspondents' Dinner on April 25, Iran sent a strong message: don't believe anything he says, he lies.",cbsnews.com,Journalistic source,
69,E,"Following the attack on Trump, at the White House Correspondents' Dinner on April 25, Iran sent a strong message: don't believe anything he says, he lies.",france24.com,Journalistic source,
69,E,"Following the attack on Trump, at the White House Correspondents' Dinner on April 25, Iran sent a strong message: don't believe anything he says, he lies.",cfr.org,Local organization,
69,E,"Following the attack on Trump, at the White House Correspondents' Dinner on April 25, Iran sent a strong message: don't believe anything he says, he lies.",pbs.org,Intermediate media,
69,E,"Following the attack on Trump, at the White House Correspondents' Dinner on April 25, Iran sent a strong message: don't believe anything he says, he lies.",pbs.org,Intermediate media,
69,E,"Following the attack on Trump, at the White House Correspondents' Dinner on April 25, Iran sent a strong message: don't believe anything he says, he lies.",armscontrol.org,Local organization,
69,E,"Following the attack on Trump, at the White House Correspondents' Dinner on April 25, Iran sent a strong message: don't believe anything he says, he lies.",nytimes.com,Journalistic source,
69,E,"Following the attack on Trump, at the White House Correspondents' Dinner on April 25, Iran sent a strong message: don't believe anything he says, he lies.",abc7ny.com,Journalistic source,
69,E,"Following the attack on Trump, at the White House Correspondents' Dinner on April 25, Iran sent a strong message: don't believe anything he says, he lies.",nbcnews.com,Journalistic source,
69,E,"Following the attack on Trump, at the White House Correspondents' Dinner on April 25, Iran sent a strong message: don't believe anything he says, he lies.",nbcnews.com,Journalistic source,
69,E,"Following the attack on Trump, at the White House Correspondents' Dinner on April 25, Iran sent a strong message: don't believe anything he says, he lies.",nbcnews.com,Journalistic source,
69,E,"Following the attack on Trump, at the White House Correspondents' Dinner on April 25, Iran sent a strong message: don't believe anything he says, he lies.",nbcnews.com,Journalistic source,
69,E,"Following the attack on Trump, at the White House Correspondents' Dinner on April 25, Iran sent a strong message: don't believe anything he says, he lies.",nbcnews.com,Journalistic source,
69,E,"Following the attack on Trump, at the White House Correspondents' Dinner on April 25, Iran sent a strong message: don't believe anything he says, he lies.",time.com,Journalistic source,
69,E,"Following the attack on Trump, at the White House Correspondents' Dinner on April 25, Iran sent a strong message: don't believe anything he says, he lies.",aljazeera.com,Journalistic source,
69,E,"Following the attack on Trump, at the White House Correspondents' Dinner on April 25, Iran sent a strong message: don't believe anything he says, he lies.",theguardian.com,Journalistic source,
69,E,"Following the attack on Trump, at the White House Correspondents' Dinner on April 25, Iran sent a strong message: don't believe anything he says, he lies.",whitehouse.gov,Local organization,
69,E,"Following the attack on Trump, at the White House Correspondents' Dinner on April 25, Iran sent a strong message: don't believe anything he says, he lies.",abcnews.com,Journalistic source,
69,E,"Following the attack on Trump, at the White House Correspondents' Dinner on April 25, Iran sent a strong message: don't believe anything he says, he lies.",abcnews.com,Journalistic source,
69,E,"Following the attack on Trump, at the White House Correspondents' Dinner on April 25, Iran sent a strong message: don't believe anything he says, he lies.",abcnews.com,Journalistic source,
69,E,"Following the attack on Trump, at the White House Correspondents' Dinner on April 25, Iran sent a strong message: don't believe anything he says, he lies.",thenation.com,Journalistic source,
69,E,"Following the attack on Trump, at the White House Correspondents' Dinner on April 25, Iran sent a strong message: don't believe anything he says, he lies.",cnn.com,Journalistic source,
69,E,"Following the attack on Trump, at the White House Correspondents' Dinner on April 25, Iran sent a strong message: don't believe anything he says, he lies.",arabnews.jp,Journalistic source,
69,E,"Following the attack on Trump, at the White House Correspondents' Dinner on April 25, Iran sent a strong message: don't believe anything he says, he lies.",heathercoxrichardson.substa...,Intermediate media,
69,E,"Following the attack on Trump, at the White House Correspondents' Dinner on April 25, Iran sent a strong message: don't believe anything he says, he lies.",heathercoxrichardson.substa...,Intermediate media,
70,F,Une vidéo montrerait des images de sécurité brutes et non montées du tireur au dîner de l'association des correspondants de la Maison-Blanche du 25 avril.,theconversation.com,Intermediate media,
70,F,Une vidéo montrerait des images de sécurité brutes et non montées du tireur au dîner de l'association des correspondants de la Maison-Blanche du 25 avril.,france24.com,Journalistic source,
70,F,Une vidéo montrerait des images de sécurité brutes et non montées du tireur au dîner de l'association des correspondants de la Maison-Blanche du 25 avril.,france24.com,Journalistic source,
70,F,Une vidéo montrerait des images de sécurité brutes et non montées du tireur au dîner de l'association des correspondants de la Maison-Blanche du 25 avril.,france24.com,Journalistic source,
70,F,Une vidéo montrerait des images de sécurité brutes et non montées du tireur au dîner de l'association des correspondants de la Maison-Blanche du 25 avril.,ledevoir.com,Journalistic source,
70,F,Une vidéo montrerait des images de sécurité brutes et non montées du tireur au dîner de l'association des correspondants de la Maison-Blanche du 25 avril.,fr.euronews.com,Journalistic source,
70,F,Une vidéo montrerait des images de sécurité brutes et non montées du tireur au dîner de l'association des correspondants de la Maison-Blanche du 25 avril.,la-croix.com,Social media,
70,F,Une vidéo montrerait des images de sécurité brutes et non montées du tireur au dîner de l'association des correspondants de la Maison-Blanche du 25 avril.,20minutes.fr,Journalistic source,
70,F,Une vidéo montrerait des images de sécurité brutes et non montées du tireur au dîner de l'association des correspondants de la Maison-Blanche du 25 avril.,noovo.info,Journalistic source,
70,F,Une vidéo montrerait des images de sécurité brutes et non montées du tireur au dîner de l'association des correspondants de la Maison-Blanche du 25 avril.,tf1info.fr,Journalistic source,
70,F,Une vidéo montrerait des images de sécurité brutes et non montées du tireur au dîner de l'association des correspondants de la Maison-Blanche du 25 avril.,lemonde.fr,Journalistic source,
70,F,Une vidéo montrerait des images de sécurité brutes et non montées du tireur au dîner de l'association des correspondants de la Maison-Blanche du 25 avril.,lemonde.fr,Journalistic source,
70,F,Une vidéo montrerait des images de sécurité brutes et non montées du tireur au dîner de l'association des correspondants de la Maison-Blanche du 25 avril.,rtbf.be,Journalistic source,
70,F,Une vidéo montrerait des images de sécurité brutes et non montées du tireur au dîner de l'association des correspondants de la Maison-Blanche du 25 avril.,bfmtv.com,Journalistic source,
70,F,Une vidéo montrerait des images de sécurité brutes et non montées du tireur au dîner de l'association des correspondants de la Maison-Blanche du 25 avril.,franceinfo.fr,Journalistic source,
70,F,Une vidéo montrerait des images de sécurité brutes et non montées du tireur au dîner de l'association des correspondants de la Maison-Blanche du 25 avril.,lecourrier.vn,Journalistic source,
71,E,Video shows President Donald Trump at the Walter Reed National Military Medical Center.,npr.org,Journalistic source,
71,E,Video shows President Donald Trump at the Walter Reed National Military Medical Center.,pbs.org,Intermediate media,
71,E,Video shows President Donald Trump at the Walter Reed National Military Medical Center.,pbs.org,Intermediate media,
71,E,Video shows President Donald Trump at the Walter Reed National Military Medical Center.,pbs.org,Intermediate media,
71,E,Video shows President Donald Trump at the Walter Reed National Military Medical Center.,politico.com,Journalistic source,
71,E,Video shows President Donald Trump at the Walter Reed National Military Medical Center.,nytimes.com,Journalistic source,
71,E,Video shows President Donald Trump at the Walter Reed National Military Medical Center.,cnbc.com,Journalistic source,
71,E,Video shows President Donald Trump at the Walter Reed National Military Medical Center.,nbcnews.com,Journalistic source,
71,E,Video shows President Donald Trump at the Walter Reed National Military Medical Center.,washingtonpost.com,Journalistic source,
71,E,Video shows President Donald Trump at the Walter Reed National Military Medical Center.,arkansasonline.com,Journalistic source,
71,E,Video shows President Donald Trump at the Walter Reed National Military Medical Center.,news.wttw.com,Intermediate media,
71,E,Video shows President Donald Trump at the Walter Reed National Military Medical Center.,6abc.com,Journalistic source,
71,E,Video shows President Donald Trump at the Walter Reed National Military Medical Center.,whitehouse.gov,Local organization,
71,E,Video shows President Donald Trump at the Walter Reed National Military Medical Center.,abcnews.com,Journalistic source,
71,E,Video shows President Donald Trump at the Walter Reed National Military Medical Center.,abcnews.com,Journalistic source,
71,E,Video shows President Donald Trump at the Walter Reed National Military Medical Center.,abcnews.com,Journalistic source,
71,E,Video shows President Donald Trump at the Walter Reed National Military Medical Center.,abc7news.com,Journalistic source,
71,E,Video shows President Donald Trump at the Walter Reed National Military Medical Center.,wbaltv.com,Journalistic source,
71,E,Video shows President Donald Trump at the Walter Reed National Military Medical Center.,whyy.org,Journalistic source,
71,E,Video shows President Donald Trump at the Walter Reed National Military Medical Center.,houstonpublicmedia.org,Journalistic source,
71,E,Video shows President Donald Trump at the Walter Reed National Military Medical Center.,houstonpublicmedia.org,Journalistic source,
71,E,Video shows President Donald Trump at the Walter Reed National Military Medical Center.,trumpwhitehouse.archives.go...,Intermediate media,
71,E,Video shows President Donald Trump at the Walter Reed National Military Medical Center.,presidency.ucsb.edu,Scientific source,
71,E,Video shows President Donald Trump at the Walter Reed National Military Medical Center.,healthpolicy-watch.news,Intermediate media,
72,F,Une vidéo montrerait le président Trump au centre médical militaire national Walter Reed.,fr.wikipedia.org,Intermediate media,
72,F,Une vidéo montrerait le président Trump au centre médical militaire national Walter Reed.,fr.wikipedia.org,Intermediate media,
72,F,Une vidéo montrerait le président Trump au centre médical militaire national Walter Reed.,lenouvelliste.ca,Intermediate media,
72,F,Une vidéo montrerait le président Trump au centre médical militaire national Walter Reed.,fr.finance.yahoo.com,Intermediate media,
72,F,Une vidéo montrerait le président Trump au centre médical militaire national Walter Reed.,fr.news.yahoo.com,Intermediate media,
72,F,Une vidéo montrerait le président Trump au centre médical militaire national Walter Reed.,ici.radio-canada.ca,Local organization,
72,F,Une vidéo montrerait le président Trump au centre médical militaire national Walter Reed.,leparisien.fr,Journalistic source,
72,F,Une vidéo montrerait le président Trump au centre médical militaire national Walter Reed.,noovo.info,Journalistic source,
72,F,Une vidéo montrerait le président Trump au centre médical militaire national Walter Reed.,noovo.info,Journalistic source,
72,F,Une vidéo montrerait le président Trump au centre médical militaire national Walter Reed.,fine-arts-museum.be,Unclear website,Partially relevant
72,F,Une vidéo montrerait le président Trump au centre médical militaire national Walter Reed.,uclouvain.be,Unclear website,Out of context
72,F,Une vidéo montrerait le président Trump au centre médical militaire national Walter Reed.,diploweb.com,Intermediate media,
72,F,Une vidéo montrerait le président Trump au centre médical militaire national Walter Reed.,svn.spraakdata.gu.se,Intermediate media,
72,F,Une vidéo montrerait le président Trump au centre médical militaire national Walter Reed.,transmutatis.fr,Intermediate media,
72,F,Une vidéo montrerait le président Trump au centre médical militaire national Walter Reed.,theses.hal.science,Government / public institution,Out of context
72,F,Une vidéo montrerait le président Trump au centre médical militaire national Walter Reed.,scfp.ca,Intermediate media,
72,F,Une vidéo montrerait le président Trump au centre médical militaire national Walter Reed.,huggingface.co,Unclear website,Out of context
72,F,Une vidéo montrerait le président Trump au centre médical militaire national Walter Reed.,calameo.com,Unclear website,Out of context
72,F,Une vidéo montrerait le président Trump au centre médical militaire national Walter Reed.,lactualite.com,Journalistic source,
73,E,"Video shows the United States' April 19, 2026, strike on an Iranian cargo ship.",apnews.com,Journalistic source,
73,E,"Video shows the United States' April 19, 2026, strike on an Iranian cargo ship.",npr.org,Journalistic source,
73,E,"Video shows the United States' April 19, 2026, strike on an Iranian cargo ship.",bbc.com,Journalistic source,
73,E,"Video shows the United States' April 19, 2026, strike on an Iranian cargo ship.",cfr.org,Local organization,
73,E,"Video shows the United States' April 19, 2026, strike on an Iranian cargo ship.",pbs.org,Intermediate media,
73,E,"Video shows the United States' April 19, 2026, strike on an Iranian cargo ship.",politifact.com,Journalistic source,
73,E,"Video shows the United States' April 19, 2026, strike on an Iranian cargo ship.",nytimes.com,Journalistic source,
73,E,"Video shows the United States' April 19, 2026, strike on an Iranian cargo ship.",nbcnews.com,Journalistic source,
73,E,"Video shows the United States' April 19, 2026, strike on an Iranian cargo ship.",aljazeera.com,Journalistic source,
73,E,"Video shows the United States' April 19, 2026, strike on an Iranian cargo ship.",theguardian.com,Journalistic source,
73,E,"Video shows the United States' April 19, 2026, strike on an Iranian cargo ship.",abc30.com,Journalistic source,
73,E,"Video shows the United States' April 19, 2026, strike on an Iranian cargo ship.",abcnews.com,Journalistic source,
73,E,"Video shows the United States' April 19, 2026, strike on an Iranian cargo ship.",edition.cnn.com,Journalistic source,
73,E,"Video shows the United States' April 19, 2026, strike on an Iranian cargo ship.",abc7news.com,Journalistic source,
73,E,"Video shows the United States' April 19, 2026, strike on an Iranian cargo ship.",abc7news.com,Journalistic source,
73,E,"Video shows the United States' April 19, 2026, strike on an Iranian cargo ship.",understandingwar.org,Intermediate media,
74,F,Une vidéo montrerait la frappe américaine du 19 avril 2026 contre un cargo iranien.,bbc.com,Journalistic source,
74,F,Une vidéo montrerait la frappe américaine du 19 avril 2026 contre un cargo iranien.,france24.com,Journalistic source,
74,F,Une vidéo montrerait la frappe américaine du 19 avril 2026 contre un cargo iranien.,ouest-france.fr,Journalistic source,
74,F,Une vidéo montrerait la frappe américaine du 19 avril 2026 contre un cargo iranien.,tf1info.fr,Journalistic source,
74,F,Une vidéo montrerait la frappe américaine du 19 avril 2026 contre un cargo iranien.,tf1info.fr,Journalistic source,
74,F,Une vidéo montrerait la frappe américaine du 19 avril 2026 contre un cargo iranien.,rfi.fr,Journalistic source,
74,F,Une vidéo montrerait la frappe américaine du 19 avril 2026 contre un cargo iranien.,lemonde.fr,Journalistic source,
74,F,Une vidéo montrerait la frappe américaine du 19 avril 2026 contre un cargo iranien.,tvanouvelles.ca,Journalistic source,
74,F,Une vidéo montrerait la frappe américaine du 19 avril 2026 contre un cargo iranien.,information.tv5monde.com,Intermediate media,
74,F,Une vidéo montrerait la frappe américaine du 19 avril 2026 contre un cargo iranien.,aa.com.tr,Journalistic source,
74,F,Une vidéo montrerait la frappe américaine du 19 avril 2026 contre un cargo iranien.,bfmtv.com,Journalistic source,
74,F,Une vidéo montrerait la frappe américaine du 19 avril 2026 contre un cargo iranien.,lorientlejour.com,Journalistic source,
74,F,Une vidéo montrerait la frappe américaine du 19 avril 2026 contre un cargo iranien.,lorientlejour.com,Journalistic source,
74,F,Une vidéo montrerait la frappe américaine du 19 avril 2026 contre un cargo iranien.,rts.ch,Journalistic source,
75,E,Pope Leo XIV calls for Donald Trump to be removed from office.,democrats-judiciary.house.g...,Intermediate media,
75,E,Pope Leo XIV calls for Donald Trump to be removed from office.,thehill.com,Journalistic source,
75,E,Pope Leo XIV calls for Donald Trump to be removed from office.,bbc.com,Journalistic source,
75,E,Pope Leo XIV calls for Donald Trump to be removed from office.,pbs.org,Intermediate media,
75,E,Pope Leo XIV calls for Donald Trump to be removed from office.,pbs.org,Intermediate media,
75,E,Pope Leo XIV calls for Donald Trump to be removed from office.,nytimes.com,Journalistic source,
75,E,Pope Leo XIV calls for Donald Trump to be removed from office.,nbcnews.com,Journalistic source,
75,E,Pope Leo XIV calls for Donald Trump to be removed from office.,news.wttw.com,Intermediate media,
75,E,Pope Leo XIV calls for Donald Trump to be removed from office.,abcnews.com,Journalistic source,
75,E,Pope Leo XIV calls for Donald Trump to be removed from office.,ncregister.com,Journalistic source,
75,E,Pope Leo XIV calls for Donald Trump to be removed from office.,mynbc15.com,Intermediate media,
75,E,Pope Leo XIV calls for Donald Trump to be removed from office.,usccb.org,Journalistic source,
75,E,Pope Leo XIV calls for Donald Trump to be removed from office.,ewtnnews.com,Journalistic source,
75,E,Pope Leo XIV calls for Donald Trump to be removed from office.,catholicreview.org,Journalistic source,
76,F,Le pape Léon XIV demanderait la destitution de Donald Trump.,lesoir.be,Journalistic source,
76,F,Le pape Léon XIV demanderait la destitution de Donald Trump.,fr.wikipedia.org,Unclear website,Out of context
76,F,Le pape Léon XIV demanderait la destitution de Donald Trump.,fr.wikipedia.org,Intermediate media,
76,F,Le pape Léon XIV demanderait la destitution de Donald Trump.,la-croix.com,Social media,
76,F,Le pape Léon XIV demanderait la destitution de Donald Trump.,la-croix.com,Social media,
76,F,Le pape Léon XIV demanderait la destitution de Donald Trump.,tf1info.fr,Journalistic source,
76,F,Le pape Léon XIV demanderait la destitution de Donald Trump.,legrandcontinent.eu,Local organization,
76,F,Le pape Léon XIV demanderait la destitution de Donald Trump.,diakonos.be,Intermediate media,
76,F,Le pape Léon XIV demanderait la destitution de Donald Trump.,libnanews.com,Intermediate media,
76,F,Le pape Léon XIV demanderait la destitution de Donald Trump.,matheo.uliege.be,Scientific source,
76,F,Le pape Léon XIV demanderait la destitution de Donald Trump.,sciencespo.hal.science,Unclear website,Out of context
76,F,Le pape Léon XIV demanderait la destitution de Donald Trump.,legrandcontinent.eu,Local organization,
76,F,Le pape Léon XIV demanderait la destitution de Donald Trump.,fmes-france.org,Intermediate media,
76,F,Le pape Léon XIV demanderait la destitution de Donald Trump.,diploweb.com,Government / public institution,Out of context
76,F,Le pape Léon XIV demanderait la destitution de Donald Trump.,theses.hal.science,Scientific source,
76,F,Le pape Léon XIV demanderait la destitution de Donald Trump.,fr.scribd.com,Intermediate media,
76,F,Le pape Léon XIV demanderait la destitution de Donald Trump.,actualite-en-ligne.com,Intermediate media,
76,F,Le pape Léon XIV demanderait la destitution de Donald Trump.,theses.hal.science,Scientific source,
77,E,Thom Tillis is no longer a senator.,apnews.com,Journalistic source,
77,E,Thom Tillis is no longer a senator.,npr.org,Journalistic source,
77,E,Thom Tillis is no longer a senator.,axios.com,Intermediate media,
77,E,Thom Tillis is no longer a senator.,ballotpedia.org,Local organization,
77,E,Thom Tillis is no longer a senator.,ballotpedia.org,Local organization,
77,E,Thom Tillis is no longer a senator.,wral.com,Journalistic source,
77,E,Thom Tillis is no longer a senator.,pbs.org,Intermediate media,
77,E,Thom Tillis is no longer a senator.,politico.com,Journalistic source,
77,E,Thom Tillis is no longer a senator.,politico.com,Journalistic source,
77,E,Thom Tillis is no longer a senator.,govtrack.us,Intermediate media,
77,E,Thom Tillis is no longer a senator.,nbcnews.com,Journalistic source,
77,E,Thom Tillis is no longer a senator.,abc11.com,Journalistic source,
77,E,Thom Tillis is no longer a senator.,abcnews.com,Unclear website,Out of context
77,E,Thom Tillis is no longer a senator.,abcnews.com,Journalistic source,
77,E,Thom Tillis is no longer a senator.,alaskapublic.org,Journalistic source,
77,E,Thom Tillis is no longer a senator.,tillis.senate.gov,Local organization,
77,E,Thom Tillis is no longer a senator.,tillis.senate.gov,Local organization,
77,E,Thom Tillis is no longer a senator.,pfeiffer.edu,Scientific source,
77,E,Thom Tillis is no longer a senator.,tillis.senate.gov,Local organization,
77,E,Thom Tillis is no longer a senator.,foreign.senate.gov,Local organization,
77,E,Thom Tillis is no longer a senator.,foreign.senate.gov,Local organization,
77,E,Thom Tillis is no longer a senator.,foreign.senate.gov,Local organization,
77,E,Thom Tillis is no longer a senator.,foreign.senate.gov,Local organization,
77,E,Thom Tillis is no longer a senator.,senate.gov,Local organization,
77,E,Thom Tillis is no longer a senator.,emersoncollegepolling.com,Intermediate media,
77,E,Thom Tillis is no longer a senator.,ncnewsline.com,Journalistic source,
77,E,Thom Tillis is no longer a senator.,tillis.senate.gov,Unclear website,Partially relevant
78,F,Thom Tillis ne serait plus sénateur.,ledevoir.com,Journalistic source,
78,F,Thom Tillis ne serait plus sénateur.,fr.wikipedia.org,Unclear website,Out of context
78,F,Thom Tillis ne serait plus sénateur.,fr.wikipedia.org,Intermediate media,
78,F,Thom Tillis ne serait plus sénateur.,lapresse.ca,Unclear website,Out of context
78,F,Thom Tillis ne serait plus sénateur.,lapresse.ca,Journalistic source,
78,F,Thom Tillis ne serait plus sénateur.,lapresse.ca,Journalistic source,
78,F,Thom Tillis ne serait plus sénateur.,lapresse.ca,Journalistic source,
78,F,Thom Tillis ne serait plus sénateur.,fr.news.yahoo.com,Intermediate media,
78,F,Thom Tillis ne serait plus sénateur.,ici.radio-canada.ca,Local organization,
78,F,Thom Tillis ne serait plus sénateur.,noovo.info,Journalistic source,
78,F,Thom Tillis ne serait plus sénateur.,noovo.info,Journalistic source,
78,F,Thom Tillis ne serait plus sénateur.,lemonde.fr,Journalistic source,
78,F,Thom Tillis ne serait plus sénateur.,lesoleil.com,Unclear website,Out of context
78,F,Thom Tillis ne serait plus sénateur.,agefi.com,Intermediate media,
78,F,Thom Tillis ne serait plus sénateur.,ncdp.org,Intermediate media,
78,F,Thom Tillis ne serait plus sénateur.,latele.ch,Journalistic source,
78,F,Thom Tillis ne serait plus sénateur.,lesaffaires.com,Journalistic source,
78,F,Thom Tillis ne serait plus sénateur.,fr.tradingview.com,Intermediate media,
78,F,Thom Tillis ne serait plus sénateur.,polymarket.com,Unclear website,Out of context
78,F,Thom Tillis ne serait plus sénateur.,letemps.ch,Journalistic source,
78,F,Thom Tillis ne serait plus sénateur.,assemblee-nationale.fr,Government / public institution,Partially relevant
78,F,Thom Tillis ne serait plus sénateur.,fr.tradingview.com,Government / public institution,Partially relevant
78,F,Thom Tillis ne serait plus sénateur.,dosequotidienne.ca,Intermediate media,
78,F,Thom Tillis ne serait plus sénateur.,senat.fr,Government / public institution,Partially relevant
78,F,Thom Tillis ne serait plus sénateur.,lfm.ch,Journalistic source,
79,E,Photos and clips show the moon from Artemis II.,nature.com,Government / public institution,Partially relevant
79,E,Photos and clips show the moon from Artemis II.,nasa.gov,Local organization,
79,E,Photos and clips show the moon from Artemis II.,nasa.gov,Local organization,
79,E,Photos and clips show the moon from Artemis II.,nasa.gov,Local organization,
79,E,Photos and clips show the moon from Artemis II.,nasa.gov,Local organization,
79,E,Photos and clips show the moon from Artemis II.,nasa.gov,Local organization,
79,E,Photos and clips show the moon from Artemis II.,theconversation.com,Intermediate media,
79,E,Photos and clips show the moon from Artemis II.,sciencedirect.com,Unclear website,Partially relevant
79,E,Photos and clips show the moon from Artemis II.,pmc.ncbi.nlm.nih.gov,Journalistic source,Relevant
79,E,Photos and clips show the moon from Artemis II.,pmc.ncbi.nlm.nih.gov,Unclear website,Partially relevant
79,E,Photos and clips show the moon from Artemis II.,pubmed.ncbi.nlm.nih.gov,Unclear website,Out of context
79,E,Photos and clips show the moon from Artemis II.,ncbi.nlm.nih.gov,Government / public institution,Partially relevant
79,E,Photos and clips show the moon from Artemis II.,scientificamerican.com,Journalistic source,
79,E,Photos and clips show the moon from Artemis II.,nbcnews.com,Journalistic source,
79,E,Photos and clips show the moon from Artemis II.,abcnews.com,Journalistic source,
79,E,Photos and clips show the moon from Artemis II.,houstonpublicmedia.org,Journalistic source,
79,E,Photos and clips show the moon from Artemis II.,planetary.org,Intermediate media,
79,E,Photos and clips show the moon from Artemis II.,asc-csa.gc.ca,Local organization,
79,E,Photos and clips show the moon from Artemis II.,flickr.com,Social media,
79,E,Photos and clips show the moon from Artemis II.,purdueglobal.edu,Government / public institution,Partially relevant
79,E,Photos and clips show the moon from Artemis II.,medpac.gov,Unclear website,Partially relevant
79,E,Photos and clips show the moon from Artemis II.,unu.edu,Government / public institution,Partially relevant
79,E,Photos and clips show the moon from Artemis II.,stevenson.edu,Unclear website,Out of context
80,F,Des photos et vidéos montreraient la Lune vue depuis la mission Artemis II.,factuel.afp.com,Journalistic source,
80,F,Des photos et vidéos montreraient la Lune vue depuis la mission Artemis II.,factuel.afp.com,Journalistic source,
80,F,Des photos et vidéos montreraient la Lune vue depuis la mission Artemis II.,france24.com,Journalistic source,
80,F,Des photos et vidéos montreraient la Lune vue depuis la mission Artemis II.,fr.wikipedia.org,Unclear website,Out of context
80,F,Des photos et vidéos montreraient la Lune vue depuis la mission Artemis II.,lapresse.ca,Journalistic source,
80,F,Des photos et vidéos montreraient la Lune vue depuis la mission Artemis II.,20minutes.fr,Journalistic source,
80,F,Des photos et vidéos montreraient la Lune vue depuis la mission Artemis II.,ici.radio-canada.ca,Local organization,
80,F,Des photos et vidéos montreraient la Lune vue depuis la mission Artemis II.,tvanouvelles.ca,Journalistic source,
80,F,Des photos et vidéos montreraient la Lune vue depuis la mission Artemis II.,pressmedialab.com,Intermediate media,
80,F,Des photos et vidéos montreraient la Lune vue depuis la mission Artemis II.,asc-csa.gc.ca,Local organization,
80,F,Des photos et vidéos montreraient la Lune vue depuis la mission Artemis II.,eurospacecenter.be,Intermediate media,
80,F,Des photos et vidéos montreraient la Lune vue depuis la mission Artemis II.,esa.int,Mondial organization,
80,F,Des photos et vidéos montreraient la Lune vue depuis la mission Artemis II.,asc-csa.gc.ca,Local organization,
80,F,Des photos et vidéos montreraient la Lune vue depuis la mission Artemis II.,esa.int,Mondial organization,
80,F,Des photos et vidéos montreraient la Lune vue depuis la mission Artemis II.,franceinfo.fr,Journalistic source,
80,F,Des photos et vidéos montreraient la Lune vue depuis la mission Artemis II.,cnes.fr,Intermediate media,
80,F,Des photos et vidéos montreraient la Lune vue depuis la mission Artemis II.,assemblee-nationale.fr,Local organization,
80,F,Des photos et vidéos montreraient la Lune vue depuis la mission Artemis II.,assemblee-nationale.fr,Local organization,
80,F,Des photos et vidéos montreraient la Lune vue depuis la mission Artemis II.,cours-appel.justice.fr,Local organization,
80,F,Des photos et vidéos montreraient la Lune vue depuis la mission Artemis II.,svn.spraakdata.gu.se,International organization,Out of context
80,F,Des photos et vidéos montreraient la Lune vue depuis la mission Artemis II.,theses.hal.science,International organization,Out of context
81,E,Video shows a US soldier crying and saying she misses home and her family.,factcheck.afp.com,Journalistic source,
81,E,Video shows a US soldier crying and saying she misses home and her family.,bbc.com,Journalistic source,
81,E,Video shows a US soldier crying and saying she misses home and her family.,politifact.com,Journalistic source,
81,E,Video shows a US soldier crying and saying she misses home and her family.,politifact.com,Journalistic source,
81,E,Video shows a US soldier crying and saying she misses home and her family.,nytimes.com,Journalistic source,
81,E,Video shows a US soldier crying and saying she misses home and her family.,time.com,Journalistic source,
81,E,Video shows a US soldier crying and saying she misses home and her family.,theguardian.com,Journalistic source,
81,E,Video shows a US soldier crying and saying she misses home and her family.,thequint.com,Journalistic source,
81,E,Video shows a US soldier crying and saying she misses home and her family.,boomlive.in,Journalistic source,
81,E,Video shows a US soldier crying and saying she misses home and her family.,wpbf.com,Journalistic source,
81,E,Video shows a US soldier crying and saying she misses home and her family.,beautifulbetween.com,International organization,Out of context
81,E,Video shows a US soldier crying and saying she misses home and her family.,newnoisemagazine.com,Intermediate media,
81,E,Video shows a US soldier crying and saying she misses home and her family.,livingcompass.org,Intermediate media,
81,E,Video shows a US soldier crying and saying she misses home and her family.,bcgavel.com,Intermediate media,
81,E,Video shows a US soldier crying and saying she misses home and her family.,san.com,Journalistic source,
81,E,Video shows a US soldier crying and saying she misses home and her family.,vpm.org,Intermediate media,
81,E,Video shows a US soldier crying and saying she misses home and her family.,prisonjournalismproject.org...,Unclear website,Out of context
81,E,Video shows a US soldier crying and saying she misses home and her family.,americanveteranscenter.org,Unclear website,Out of context
81,E,Video shows a US soldier crying and saying she misses home and her family.,theboot.com,Intermediate media,
82,F,"Une vidéo montrerait une soldate américaine en pleurs, disant que sa famille et son pays lui manquent.",correspondent.afp.com,Journalistic source,
82,F,"Une vidéo montrerait une soldate américaine en pleurs, disant que sa famille et son pays lui manquent.",bbc.com,Journalistic source,
82,F,"Une vidéo montrerait une soldate américaine en pleurs, disant que sa famille et son pays lui manquent.",ledevoir.com,Journalistic source,
82,F,"Une vidéo montrerait une soldate américaine en pleurs, disant que sa famille et son pays lui manquent.",crisisgroup.org,International organization,Out of context
82,F,"Une vidéo montrerait une soldate américaine en pleurs, disant que sa famille et son pays lui manquent.",20minutes.fr,Journalistic source,
82,F,"Une vidéo montrerait une soldate américaine en pleurs, disant que sa famille et son pays lui manquent.",cnews.fr,Journalistic source,
82,F,"Une vidéo montrerait une soldate américaine en pleurs, disant que sa famille et son pays lui manquent.",tf1info.fr,Journalistic source,
82,F,"Une vidéo montrerait une soldate américaine en pleurs, disant que sa famille et son pays lui manquent.",tf1info.fr,Journalistic source,
82,F,"Une vidéo montrerait une soldate américaine en pleurs, disant que sa famille et son pays lui manquent.",tf1info.fr,Journalistic source,
82,F,"Une vidéo montrerait une soldate américaine en pleurs, disant que sa famille et son pays lui manquent.",bfmtv.com,Journalistic source,
82,F,"Une vidéo montrerait une soldate américaine en pleurs, disant que sa famille et son pays lui manquent.",acrimed.org,Intermediate media,
82,F,"Une vidéo montrerait une soldate américaine en pleurs, disant que sa famille et son pays lui manquent.",translate.google.co.il,Unclear website,Out of context
82,F,"Une vidéo montrerait une soldate américaine en pleurs, disant que sa famille et son pays lui manquent.",rts.ch,Journalistic source,
82,F,"Une vidéo montrerait une soldate américaine en pleurs, disant que sa famille et son pays lui manquent.",inspe.univ-lyon1.fr,Intermediate media,
82,F,"Une vidéo montrerait une soldate américaine en pleurs, disant que sa famille et son pays lui manquent.",nvo.fr,Intermediate media,
82,F,"Une vidéo montrerait une soldate américaine en pleurs, disant que sa famille et son pays lui manquent.",franceinfo.fr,Journalistic source,
82,F,"Une vidéo montrerait une soldate américaine en pleurs, disant que sa famille et son pays lui manquent.",rts.ch,Journalistic source,
83,E,Video shows ICE agent removing US citizen on a plane for being Latino.,carbajal.house.gov,Local organization,
83,E,Video shows ICE agent removing US citizen on a plane for being Latino.,pbs.org,Intermediate media,
83,E,Video shows ICE agent removing US citizen on a plane for being Latino.,migrationpolicy.org,Local organization,
83,E,Video shows ICE agent removing US citizen on a plane for being Latino.,hrw.org,International organization,Out of context
83,E,Video shows ICE agent removing US citizen on a plane for being Latino.,americanimmigrationcoun...,Local organization,
83,E,Video shows ICE agent removing US citizen on a plane for being Latino.,aclu.org,Local organization,
83,E,Video shows ICE agent removing US citizen on a plane for being Latino.,yahoo.com,Intermediate media,
83,E,Video shows ICE agent removing US citizen on a plane for being Latino.,abc7news.com,Journalistic source,
83,E,Video shows ICE agent removing US citizen on a plane for being Latino.,ice.gov,International organization,Out of context
83,E,Video shows ICE agent removing US citizen on a plane for being Latino.,hsgac.senate.gov,Local organization,
83,E,Video shows ICE agent removing US citizen on a plane for being Latino.,dhs.gov,Local organization,
83,E,Video shows ICE agent removing US citizen on a plane for being Latino.,newjerseymonitor.com,Journalistic source,
83,E,Video shows ICE agent removing US citizen on a plane for being Latino.,acf.gov,Scientific source,Out of context
83,E,Video shows ICE agent removing US citizen on a plane for being Latino.,ice.gov,Government / public institution,Out of context
83,E,Video shows ICE agent removing US citizen on a plane for being Latino.,ofac.treasury.gov,Unclear website,Out of context
83,E,Video shows ICE agent removing US citizen on a plane for being Latino.,cbp.gov,Local organization,
83,E,Video shows ICE agent removing US citizen on a plane for being Latino.,tsa.gov,Government / public institution,Out of context
83,E,Video shows ICE agent removing US citizen on a plane for being Latino.,uscirf.gov,Local organization,
83,E,Video shows ICE agent removing US citizen on a plane for being Latino.,ice.gov,Journalistic source,Partially relevant
83,E,Video shows ICE agent removing US citizen on a plane for being Latino.,ice.gov,Government / public institution,Out of context
83,E,Video shows ICE agent removing US citizen on a plane for being Latino.,dhs.gov,Local organization,
84,F,Une vidéo montrerait un agent de l'ICE faisant descendre d'un avion un citoyen américain parce qu'il est latino.,crisisgroup.org,Government / public institution,Out of context
84,F,Une vidéo montrerait un agent de l'ICE faisant descendre d'un avion un citoyen américain parce qu'il est latino.,hrw.org,Mondial organization,
84,F,Une vidéo montrerait un agent de l'ICE faisant descendre d'un avion un citoyen américain parce qu'il est latino.,fr.wikipedia.org,Journalistic source,Out of context
84,F,Une vidéo montrerait un agent de l'ICE faisant descendre d'un avion un citoyen américain parce qu'il est latino.,ici.radio-canada.ca,Local organization,
84,F,Une vidéo montrerait un agent de l'ICE faisant descendre d'un avion un citoyen américain parce qu'il est latino.,tf1info.fr,Journalistic source,
84,F,Une vidéo montrerait un agent de l'ICE faisant descendre d'un avion un citoyen américain parce qu'il est latino.,translate.google.com,Unclear website,Partially relevant
84,F,Une vidéo montrerait un agent de l'ICE faisant descendre d'un avion un citoyen américain parce qu'il est latino.,lincoln.edu,Scientific source,
84,F,Une vidéo montrerait un agent de l'ICE faisant descendre d'un avion un citoyen américain parce qu'il est latino.,unis.unvienna.org,Intermediate media,
84,F,Une vidéo montrerait un agent de l'ICE faisant descendre d'un avion un citoyen américain parce qu'il est latino.,ndl.ethernet.edu.et,Journalistic source,Out of context
84,F,Une vidéo montrerait un agent de l'ICE faisant descendre d'un avion un citoyen américain parce qu'il est latino.,unesdoc.unesco.org,Mondial organization,
84,F,Une vidéo montrerait un agent de l'ICE faisant descendre d'un avion un citoyen américain parce qu'il est latino.,theses.hal.science,Unclear website,Partially relevant
84,F,Une vidéo montrerait un agent de l'ICE faisant descendre d'un avion un citoyen américain parce qu'il est latino.,theses.hal.science,Scientific source,
84,F,Une vidéo montrerait un agent de l'ICE faisant descendre d'un avion un citoyen américain parce qu'il est latino.,legrandcontinent.eu,Journalistic source,Out of context
84,F,Une vidéo montrerait un agent de l'ICE faisant descendre d'un avion un citoyen américain parce qu'il est latino.,collectionscanada.gc.ca,Local organization,
84,F,Une vidéo montrerait un agent de l'ICE faisant descendre d'un avion un citoyen américain parce qu'il est latino.,assemblee-nationale.fr,Journalistic source,Partially relevant
84,F,Une vidéo montrerait un agent de l'ICE faisant descendre d'un avion un citoyen américain parce qu'il est latino.,climateandhealthalliance.or...,Unclear website,Out of context
84,F,Une vidéo montrerait un agent de l'ICE faisant descendre d'un avion un citoyen américain parce qu'il est latino.,theses.hal.science,Unclear website,Partially relevant
84,F,Une vidéo montrerait un agent de l'ICE faisant descendre d'un avion un citoyen américain parce qu'il est latino.,wcoomd.org,Mondial organization,
84,F,Une vidéo montrerait un agent de l'ICE faisant descendre d'un avion un citoyen américain parce qu'il est latino.,ilo.org,Unclear website,Partially relevant
84,F,Une vidéo montrerait un agent de l'ICE faisant descendre d'un avion un citoyen américain parce qu'il est latino.,icj-cij.org,Mondial organization,
84,F,Une vidéo montrerait un agent de l'ICE faisant descendre d'un avion un citoyen américain parce qu'il est latino.,europol.europa.eu,Unclear website,Partially relevant
85,E,Image shows President Donald Trump asked Florida Gov. Ron DeSantis on Truth Social to pardon Tiger Woods following a DUI charge.,snopes.com,Journalistic source,
85,E,Image shows President Donald Trump asked Florida Gov. Ron DeSantis on Truth Social to pardon Tiger Woods following a DUI charge.,politifact.com,Journalistic source,
85,E,Image shows President Donald Trump asked Florida Gov. Ron DeSantis on Truth Social to pardon Tiger Woods following a DUI charge.,aol.com,Intermediate media,
85,E,Image shows President Donald Trump asked Florida Gov. Ron DeSantis on Truth Social to pardon Tiger Woods following a DUI charge.,hindustantimes.com,Journalistic source,
85,E,Image shows President Donald Trump asked Florida Gov. Ron DeSantis on Truth Social to pardon Tiger Woods following a DUI charge.,10news.com,Intermediate media,
85,E,Image shows President Donald Trump asked Florida Gov. Ron DeSantis on Truth Social to pardon Tiger Woods following a DUI charge.,yahoo.com,Intermediate media,
85,E,Image shows President Donald Trump asked Florida Gov. Ron DeSantis on Truth Social to pardon Tiger Woods following a DUI charge.,sports.yahoo.com,Intermediate media,
85,E,Image shows President Donald Trump asked Florida Gov. Ron DeSantis on Truth Social to pardon Tiger Woods following a DUI charge.,sports.yahoo.com,Intermediate media,
85,E,Image shows President Donald Trump asked Florida Gov. Ron DeSantis on Truth Social to pardon Tiger Woods following a DUI charge.,uk.sports.yahoo.com,Intermediate media,
85,E,Image shows President Donald Trump asked Florida Gov. Ron DeSantis on Truth Social to pardon Tiger Woods following a DUI charge.,nymag.com,Journalistic source,
85,E,Image shows President Donald Trump asked Florida Gov. Ron DeSantis on Truth Social to pardon Tiger Woods following a DUI charge.,thespun.com,Journalistic source,
85,E,Image shows President Donald Trump asked Florida Gov. Ron DeSantis on Truth Social to pardon Tiger Woods following a DUI charge.,robshuter.substack.com,Intermediate media,
86,F,"Une image montrerait que le président Trump a demandé au gouverneur de Floride Ron DeSantis, sur Truth Social, de gracier Tiger Woods après une accusation de conduite en état d'ivresse.",slate.fr,Journalistic source,
86,F,"Une image montrerait que le président Trump a demandé au gouverneur de Floride Ron DeSantis, sur Truth Social, de gracier Tiger Woods après une accusation de conduite en état d'ivresse.",voltairenet.org,Unclear website,Partially relevant
86,F,"Une image montrerait que le président Trump a demandé au gouverneur de Floride Ron DeSantis, sur Truth Social, de gracier Tiger Woods après une accusation de conduite en état d'ivresse.",confidintel.com,Intermediate media,
86,F,"Une image montrerait que le président Trump a demandé au gouverneur de Floride Ron DeSantis, sur Truth Social, de gracier Tiger Woods après une accusation de conduite en état d'ivresse.",svn.spraakdata.gu.se,Intermediate media,
86,F,"Une image montrerait que le président Trump a demandé au gouverneur de Floride Ron DeSantis, sur Truth Social, de gracier Tiger Woods après une accusation de conduite en état d'ivresse.",tumblr.com,Social media,
86,F,"Une image montrerait que le président Trump a demandé au gouverneur de Floride Ron DeSantis, sur Truth Social, de gracier Tiger Woods après une accusation de conduite en état d'ivresse.",dokumen.pub,Unclear website,Partially relevant
86,F,"Une image montrerait que le président Trump a demandé au gouverneur de Floride Ron DeSantis, sur Truth Social, de gracier Tiger Woods après une accusation de conduite en état d'ivresse.",fr.scribd.com,Intermediate media,
86,F,"Une image montrerait que le président Trump a demandé au gouverneur de Floride Ron DeSantis, sur Truth Social, de gracier Tiger Woods après une accusation de conduite en état d'ivresse.",fr.scribd.com,Unclear website,Out of context
86,F,"Une image montrerait que le président Trump a demandé au gouverneur de Floride Ron DeSantis, sur Truth Social, de gracier Tiger Woods après une accusation de conduite en état d'ivresse.",theses.hal.science,Scientific source,
86,F,"Une image montrerait que le président Trump a demandé au gouverneur de Floride Ron DeSantis, sur Truth Social, de gracier Tiger Woods après une accusation de conduite en état d'ivresse.",festival-larochelle.org,Intermediate media,
86,F,"Une image montrerait que le président Trump a demandé au gouverneur de Floride Ron DeSantis, sur Truth Social, de gracier Tiger Woods après une accusation de conduite en état d'ivresse.",daynewsworld.com,Unclear website,Out of context
87,E,Video shows Israelis fleeing to Cyprus.,reuters.com,Journalistic source,
87,E,Video shows Israelis fleeing to Cyprus.,bbc.com,Journalistic source,
87,E,Video shows Israelis fleeing to Cyprus.,bbc.com,Journalistic source,
87,E,Video shows Israelis fleeing to Cyprus.,pbs.org,Intermediate media,
87,E,Video shows Israelis fleeing to Cyprus.,politifact.com,Journalistic source,
87,E,Video shows Israelis fleeing to Cyprus.,nytimes.com,Journalistic source,
87,E,Video shows Israelis fleeing to Cyprus.,nbcnews.com,Journalistic source,
87,E,Video shows Israelis fleeing to Cyprus.,hrw.org,Mondial organization,
87,E,Video shows Israelis fleeing to Cyprus.,cbc.ca,Journalistic source,
87,E,Video shows Israelis fleeing to Cyprus.,aljazeera.com,Journalistic source,
87,E,Video shows Israelis fleeing to Cyprus.,theguardian.com,Journalistic source,
87,E,Video shows Israelis fleeing to Cyprus.,yahoo.com,Intermediate media,
87,E,Video shows Israelis fleeing to Cyprus.,israelhayom.com,Journalistic source,
87,E,Video shows Israelis fleeing to Cyprus.,palestinechronicle.com,Journalistic source,
87,E,Video shows Israelis fleeing to Cyprus.,palestinechronicle.com,Journalistic source,
87,E,Video shows Israelis fleeing to Cyprus.,newarab.com,Journalistic source,
87,E,Video shows Israelis fleeing to Cyprus.,unhcr.org,Mondial organization,
87,E,Video shows Israelis fleeing to Cyprus.,il.usembassy.gov,Local organization,
87,E,Video shows Israelis fleeing to Cyprus.,thecradle.co,Journalistic source,
87,E,Video shows Israelis fleeing to Cyprus.,misbar.com,Journalistic source,
88,F,Une vidéo montrerait des Israéliens fuyant vers Chypre.,bbc.com,Journalistic source,
88,F,Une vidéo montrerait des Israéliens fuyant vers Chypre.,amnesty.org,Mondial organization,
88,F,Une vidéo montrerait des Israéliens fuyant vers Chypre.,hrw.org,Mondial organization,
88,F,Une vidéo montrerait des Israéliens fuyant vers Chypre.,fr.wikipedia.org,Intermediate media,
88,F,Une vidéo montrerait des Israéliens fuyant vers Chypre.,fr.euronews.com,Journalistic source,
88,F,Une vidéo montrerait des Israéliens fuyant vers Chypre.,fr.euronews.com,Journalistic source,
88,F,Une vidéo montrerait des Israéliens fuyant vers Chypre.,lemonde.fr,Journalistic source,
88,F,Une vidéo montrerait des Israéliens fuyant vers Chypre.,bfmtv.com,Journalistic source,
88,F,Une vidéo montrerait des Israéliens fuyant vers Chypre.,lamontagne.fr,Intermediate media,
88,F,Une vidéo montrerait des Israéliens fuyant vers Chypre.,digitallibrary.un.org,Mondial organization,
88,F,Une vidéo montrerait des Israéliens fuyant vers Chypre.,lascam.fr,Intermediate media,
88,F,Une vidéo montrerait des Israéliens fuyant vers Chypre.,corteidh.or.cr,Intermediate media,
88,F,Une vidéo montrerait des Israéliens fuyant vers Chypre.,unesdoc.unesco.org,Mondial organization,
88,F,Une vidéo montrerait des Israéliens fuyant vers Chypre.,assemblee-nationale.fr,Local organization,
88,F,Une vidéo montrerait des Israéliens fuyant vers Chypre.,amnesty.fr,Intermediate media,
88,F,Une vidéo montrerait des Israéliens fuyant vers Chypre.,institutkurde.org,Intermediate media,
88,F,Une vidéo montrerait des Israéliens fuyant vers Chypre.,icibeyrouth.com,Journalistic source,
88,F,Une vidéo montrerait des Israéliens fuyant vers Chypre.,meretmarine.com,Intermediate media,
88,F,Une vidéo montrerait des Israéliens fuyant vers Chypre.,franceinfo.fr,Journalistic source,
88,F,Une vidéo montrerait des Israéliens fuyant vers Chypre.,lorientlejour.com,Journalistic source,
88,F,Une vidéo montrerait des Israéliens fuyant vers Chypre.,theses.hal.science,Scientific source,
88,F,Une vidéo montrerait des Israéliens fuyant vers Chypre.,theses.hal.science,Unclear website,Out of context
88,F,Une vidéo montrerait des Israéliens fuyant vers Chypre.,hdr.undp.org,Journalistic source,Relevant
88,F,Une vidéo montrerait des Israéliens fuyant vers Chypre.,creationartistique.cfwb.be,Intermediate media,
88,F,Une vidéo montrerait des Israéliens fuyant vers Chypre.,theses.fr,Scientific source,
88,F,Une vidéo montrerait des Israéliens fuyant vers Chypre.,histoire-immigration.fr...,Intermediate media,
88,F,Une vidéo montrerait des Israéliens fuyant vers Chypre.,awf.world,Journalistic source,Partially relevant
88,F,Une vidéo montrerait des Israéliens fuyant vers Chypre.,fmes-france.org,Intermediate media,
88,F,Une vidéo montrerait des Israéliens fuyant vers Chypre.,openarchive.icomos.org,Intermediate media,
88,F,Une vidéo montrerait des Israéliens fuyant vers Chypre.,svn.spraakdata.gu.se,Intermediate media,
88,F,Une vidéo montrerait des Israéliens fuyant vers Chypre.,scholar.lib.vt.edu,Journalistic source,Relevant
88,F,Une vidéo montrerait des Israéliens fuyant vers Chypre.,iro.umontreal.ca,Journalistic source,Partially relevant
88,F,Une vidéo montrerait des Israéliens fuyant vers Chypre.,docnum.univ-lorraine.fr,Unclear website,Partially relevant
88,F,Une vidéo montrerait des Israéliens fuyant vers Chypre.,unesdoc.unesco.org,Unclear website,Out of context
88,F,Une vidéo montrerait des Israéliens fuyant vers Chypre.,calameo.com,Unclear website,Partially relevant
88,F,Une vidéo montrerait des Israéliens fuyant vers Chypre.,lorientlejour.com,Journalistic source,
88,F,Une vidéo montrerait des Israéliens fuyant vers Chypre.,chroniquepalestine.com,Intermediate media,
88,F,Une vidéo montrerait des Israéliens fuyant vers Chypre.,infomigrants.net,Government / public institution,Partially relevant
89,E,Youth underemployment for college grads is 70% nationwide.,csmonitor.com,Journalistic source,
89,E,Youth underemployment for college grads is 70% nationwide.,pmc.ncbi.nlm.nih.gov,Scientific source,
89,E,Youth underemployment for college grads is 70% nationwide.,cbpp.org,Local organization,
89,E,Youth underemployment for college grads is 70% nationwide.,cnbc.com,Journalistic source,
89,E,Youth underemployment for college grads is 70% nationwide.,forbes.com,Journalistic source,
89,E,Youth underemployment for college grads is 70% nationwide.,epi.org,Local organization,
89,E,Youth underemployment for college grads is 70% nationwide.,epi.org,Local organization,
89,E,Youth underemployment for college grads is 70% nationwide.,newyorkfed.org,Intermediate media,
89,E,Youth underemployment for college grads is 70% nationwide.,libertystreeteconomics.newy...,Intermediate media,
89,E,Youth underemployment for college grads is 70% nationwide.,ibisworld.com,Intermediate media,
89,E,Youth underemployment for college grads is 70% nationwide.,hiringlab.org,Intermediate media,
89,E,Youth underemployment for college grads is 70% nationwide.,clevelandfed.org,Intermediate media,
89,E,Youth underemployment for college grads is 70% nationwide.,osc.ny.gov,Local organization,
89,E,Youth underemployment for college grads is 70% nationwide.,fred.stlouisfed.,Unclear website,Partially relevant
89,E,Youth underemployment for college grads is 70% nationwide.,fred.stlouisfed.org,Intermediate media,
89,E,Youth underemployment for college grads is 70% nationwide.,bluestarfam.org,Unclear website,Partially relevant
89,E,Youth underemployment for college grads is 70% nationwide.,blogs.worldbank.org,Mondial organization,
89,E,Youth underemployment for college grads is 70% nationwide.,rba.gov.au,Unclear website,Out of context
89,E,Youth underemployment for college grads is 70% nationwide.,bls.gov,Local organization,
89,E,Youth underemployment for college grads is 70% nationwide.,nces.ed.gov,Local organization,
89,E,Youth underemployment for college grads is 70% nationwide.,clevelandfed.org,Intermediate media,Out of context
90,F,Le sous-emploi des jeunes diplômés universitaires serait de 70 % à l'échelle nationale.,challenges.fr,Journalistic source,
90,F,Le sous-emploi des jeunes diplômés universitaires serait de 70 % à l'échelle nationale.,french.news.cn,Journalistic source,
90,F,Le sous-emploi des jeunes diplômés universitaires serait de 70 % à l'échelle nationale.,french.xinhuanet.com,Journalistic source,
90,F,Le sous-emploi des jeunes diplômés universitaires serait de 70 % à l'échelle nationale.,ilo.org,Mondial organization,
90,F,Le sous-emploi des jeunes diplômés universitaires serait de 70 % à l'échelle nationale.,psychologie.univ-nantes.fr,Intermediate media,
90,F,Le sous-emploi des jeunes diplômés universitaires serait de 70 % à l'échelle nationale.,libnanews.com,Intermediate media,
90,F,Le sous-emploi des jeunes diplômés universitaires serait de 70 % à l'échelle nationale.,dares.travail-emploi.gouv.f...,Intermediate media,
90,F,Le sous-emploi des jeunes diplômés universitaires serait de 70 % à l'échelle nationale.,enseignementsup-recherc...,Intermediate media,Out of context
90,F,Le sous-emploi des jeunes diplômés universitaires serait de 70 % à l'échelle nationale.,enseignementsup-recherc...,Intermediate media,
90,F,Le sous-emploi des jeunes diplômés universitaires serait de 70 % à l'échelle nationale.,insee.fr,Local organization,
90,F,Le sous-emploi des jeunes diplômés universitaires serait de 70 % à l'échelle nationale.,canada.ca,Local organization,
90,F,Le sous-emploi des jeunes diplômés universitaires serait de 70 % à l'échelle nationale.,ansd.sn,Intermediate media,
90,F,Le sous-emploi des jeunes diplômés universitaires serait de 70 % à l'échelle nationale.,strategie-plan.gouv.fr,Local organization,
90,F,Le sous-emploi des jeunes diplômés universitaires serait de 70 % à l'échelle nationale.,ch-fr.indeed.com,Intermediate media,
90,F,Le sous-emploi des jeunes diplômés universitaires serait de 70 % à l'échelle nationale.,letemps.ch,Journalistic source,
90,F,Le sous-emploi des jeunes diplômés universitaires serait de 70 % à l'échelle nationale.,africarrieres.com,Intermediate media,
90,F,Le sous-emploi des jeunes diplômés universitaires serait de 70 % à l'échelle nationale.,univcan.ca,Intermediate media,
90,F,Le sous-emploi des jeunes diplômés universitaires serait de 70 % à l'échelle nationale.,ilo.org,Mondial organization,
90,F,Le sous-emploi des jeunes diplômés universitaires serait de 70 % à l'échelle nationale.,www150.statcan.gc.ca,Local organization,
90,F,Le sous-emploi des jeunes diplômés universitaires serait de 70 % à l'échelle nationale.,sorbonne-nouvelle.fr,Intermediate media,Out of context
90,F,Le sous-emploi des jeunes diplômés universitaires serait de 70 % à l'échelle nationale.,tresor.economie.gouv.fr...,Local organization,
91,E,Video shows toddler crying over casket of American service member killed in Iran.,npr.org,Journalistic source,
91,E,Video shows toddler crying over casket of American service member killed in Iran.,npr.org,Journalistic source,
91,E,Video shows toddler crying over casket of American service member killed in Iran.,poynter.org,Local organization,
91,E,Video shows toddler crying over casket of American service member killed in Iran.,pbs.org,Intermediate media,
91,E,Video shows toddler crying over casket of American service member killed in Iran.,politifact.com,Journalistic source,
91,E,Video shows toddler crying over casket of American service member killed in Iran.,nytimes.com,Journalistic source,
91,E,Video shows toddler crying over casket of American service member killed in Iran.,time.com,Journalistic source,
91,E,Video shows toddler crying over casket of American service member killed in Iran.,aljazeera.com,Journalistic source,
91,E,Video shows toddler crying over casket of American service member killed in Iran.,theguardian.com,Journalistic source,
91,E,Video shows toddler crying over casket of American service member killed in Iran.,whitehouse.gov,Local organization,
91,E,Video shows toddler crying over casket of American service member killed in Iran.,abcnews.com,Journalistic source,
91,E,Video shows toddler crying over casket of American service member killed in Iran.,abcnews.com,Journalistic source,
91,E,Video shows toddler crying over casket of American service member killed in Iran.,wbaltv.com,Journalistic source,
91,E,Video shows toddler crying over casket of American service member killed in Iran.,news.meaww.com,Intermediate media,
91,E,Video shows toddler crying over casket of American service member killed in Iran.,china.usembassy-china.org.c...,Local organization,
91,E,Video shows toddler crying over casket of American service member killed in Iran.,ischool.berkeley.edu,Scientific source,
92,F,Une vidéo montrerait un tout-petit pleurant devant le cercueil d'un militaire américain tué en Iran.,bbc.com,Journalistic source,
92,F,Une vidéo montrerait un tout-petit pleurant devant le cercueil d'un militaire américain tué en Iran.,ledevoir.com,Journalistic source,
92,F,Une vidéo montrerait un tout-petit pleurant devant le cercueil d'un militaire américain tué en Iran.,amnesty.org,Mondial organization,
92,F,Une vidéo montrerait un tout-petit pleurant devant le cercueil d'un militaire américain tué en Iran.,amnesty.org,Mondial organization,
92,F,Une vidéo montrerait un tout-petit pleurant devant le cercueil d'un militaire américain tué en Iran.,fr.euronews.com,Journalistic source,Partially relevant
92,F,Une vidéo montrerait un tout-petit pleurant devant le cercueil d'un militaire américain tué en Iran.,nouvelobs.com,Journalistic source,
92,F,Une vidéo montrerait un tout-petit pleurant devant le cercueil d'un militaire américain tué en Iran.,20minutes.fr,Journalistic source,
92,F,Une vidéo montrerait un tout-petit pleurant devant le cercueil d'un militaire américain tué en Iran.,noovo.info,Journalistic source,
92,F,Une vidéo montrerait un tout-petit pleurant devant le cercueil d'un militaire américain tué en Iran.,tf1info.fr,Journalistic source,
92,F,Une vidéo montrerait un tout-petit pleurant devant le cercueil d'un militaire américain tué en Iran.,rfi.fr,Journalistic source,
92,F,Une vidéo montrerait un tout-petit pleurant devant le cercueil d'un militaire américain tué en Iran.,ledauphine.com,Journalistic source,
92,F,Une vidéo montrerait un tout-petit pleurant devant le cercueil d'un militaire américain tué en Iran.,bfmtv.com,Journalistic source,
92,F,Une vidéo montrerait un tout-petit pleurant devant le cercueil d'un militaire américain tué en Iran.,hal.science,Scientific source,
92,F,Une vidéo montrerait un tout-petit pleurant devant le cercueil d'un militaire américain tué en Iran.,letemps.ch,Journalistic source,
92,F,Une vidéo montrerait un tout-petit pleurant devant le cercueil d'un militaire américain tué en Iran.,hal.science,Scientific source,
92,F,Une vidéo montrerait un tout-petit pleurant devant le cercueil d'un militaire américain tué en Iran.,lascam.fr,Intermediate media,
92,F,Une vidéo montrerait un tout-petit pleurant devant le cercueil d'un militaire américain tué en Iran.,amnesty.fr,Intermediate media,
92,F,Une vidéo montrerait un tout-petit pleurant devant le cercueil d'un militaire américain tué en Iran.,rts.ch,Journalistic source,
92,F,Une vidéo montrerait un tout-petit pleurant devant le cercueil d'un militaire américain tué en Iran.,orientxxi.info,Intermediate media,
93,E,North Korean leader Kim Jong Un said that no god can protect the United States from our new weapons.,npr.org,Journalistic source,
93,E,North Korean leader Kim Jong Un said that no god can protect the United States from our new weapons.,bbc.com,Journalistic source,
93,E,North Korean leader Kim Jong Un said that no god can protect the United States from our new weapons.,bbc.com,Journalistic source,
93,E,North Korean leader Kim Jong Un said that no god can protect the United States from our new weapons.,brookings.edu,Scientific source,
93,E,North Korean leader Kim Jong Un said that no god can protect the United States from our new weapons.,38north.org,Intermediate media,
93,E,North Korean leader Kim Jong Un said that no god can protect the United States from our new weapons.,armscontrol.org,Local organization,
93,E,North Korean leader Kim Jong Un said that no god can protect the United States from our new weapons.,politico.com,Journalistic source,
93,E,North Korean leader Kim Jong Un said that no god can protect the United States from our new weapons.,abc7ny.com,Journalistic source,
93,E,North Korean leader Kim Jong Un said that no god can protect the United States from our new weapons.,cnbc.com,Journalistic source,
93,E,North Korean leader Kim Jong Un said that no god can protect the United States from our new weapons.,nbcnews.com,Journalistic source,
93,E,North Korean leader Kim Jong Un said that no god can protect the United States from our new weapons.,time.com,Journalistic source,
93,E,North Korean leader Kim Jong Un said that no god can protect the United States from our new weapons.,aljazeera.com,Journalistic source,
93,E,North Korean leader Kim Jong Un said that no god can protect the United States from our new weapons.,atlanticcouncil.org,Local organization,
93,E,North Korean leader Kim Jong Un said that no god can protect the United States from our new weapons.,ncnk.org,Intermediate media,
93,E,North Korean leader Kim Jong Un said that no god can protect the United States from our new weapons.,tandfonline.com,Scientific source,
93,E,North Korean leader Kim Jong Un said that no god can protect the United States from our new weapons.,mei.edu,Scientific source,
93,E,North Korean leader Kim Jong Un said that no god can protect the United States from our new weapons.,opennuclear.org,Intermediate media,
94,F,Le dirigeant nord-coréen Kim Jong Un aurait dit qu'aucun Dieu ne pourra protéger les États-Unis de leurs nouvelles armes.,sciencedirect.com,Scientific source,
94,F,Le dirigeant nord-coréen Kim Jong Un aurait dit qu'aucun Dieu ne pourra protéger les États-Unis de leurs nouvelles armes.,bbc.com,Journalistic source,
94,F,Le dirigeant nord-coréen Kim Jong Un aurait dit qu'aucun Dieu ne pourra protéger les États-Unis de leurs nouvelles armes.,bbc.com,Journalistic source,
94,F,Le dirigeant nord-coréen Kim Jong Un aurait dit qu'aucun Dieu ne pourra protéger les États-Unis de leurs nouvelles armes.,fr.wikipedia.org,Unclear website,Partially relevant
94,F,Le dirigeant nord-coréen Kim Jong Un aurait dit qu'aucun Dieu ne pourra protéger les États-Unis de leurs nouvelles armes.,20minutes.fr,Journalistic source,
94,F,Le dirigeant nord-coréen Kim Jong Un aurait dit qu'aucun Dieu ne pourra protéger les États-Unis de leurs nouvelles armes.,lemonde.fr,Journalistic source,
94,F,Le dirigeant nord-coréen Kim Jong Un aurait dit qu'aucun Dieu ne pourra protéger les États-Unis de leurs nouvelles armes.,aa.com.tr,Journalistic source,
94,F,Le dirigeant nord-coréen Kim Jong Un aurait dit qu'aucun Dieu ne pourra protéger les États-Unis de leurs nouvelles armes.,lexpress.fr,Journalistic source,
94,F,Le dirigeant nord-coréen Kim Jong Un aurait dit qu'aucun Dieu ne pourra protéger les États-Unis de leurs nouvelles armes.,nato.int,Mondial organization,
94,F,Le dirigeant nord-coréen Kim Jong Un aurait dit qu'aucun Dieu ne pourra protéger les États-Unis de leurs nouvelles armes.,lactualite.com,Journalistic source,
94,F,Le dirigeant nord-coréen Kim Jong Un aurait dit qu'aucun Dieu ne pourra protéger les États-Unis de leurs nouvelles armes.,perspective.usherbrooke.ca,Scientific source,
94,F,Le dirigeant nord-coréen Kim Jong Un aurait dit qu'aucun Dieu ne pourra protéger les États-Unis de leurs nouvelles armes.,iris-france.org,Local organization,
94,F,Le dirigeant nord-coréen Kim Jong Un aurait dit qu'aucun Dieu ne pourra protéger les États-Unis de leurs nouvelles armes.,diploweb.com,Intermediate media,
94,F,Le dirigeant nord-coréen Kim Jong Un aurait dit qu'aucun Dieu ne pourra protéger les États-Unis de leurs nouvelles armes.,diploweb.com,Intermediate media,
94,F,Le dirigeant nord-coréen Kim Jong Un aurait dit qu'aucun Dieu ne pourra protéger les États-Unis de leurs nouvelles armes.,hal.science,Journalistic source,Partially relevant
94,F,Le dirigeant nord-coréen Kim Jong Un aurait dit qu'aucun Dieu ne pourra protéger les États-Unis de leurs nouvelles armes.,itfglobal.org,Intermediate media,
95,E,"BREAKING: So the Israeli media reports Itamar Ben-Gvir died in a car crash, while in fact he's been obliterated by an Iranian missile strike on his home.",reuters.com,Journalistic source,
95,E,"BREAKING: So the Israeli media reports Itamar Ben-Gvir died in a car crash, while in fact he's been obliterated by an Iranian missile strike on his home.",snopes.com,Journalistic source,
95,E,"BREAKING: So the Israeli media reports Itamar Ben-Gvir died in a car crash, while in fact he's been obliterated by an Iranian missile strike on his home.",bbc.com,Journalistic source,
95,E,"BREAKING: So the Israeli media reports Itamar Ben-Gvir died in a car crash, while in fact he's been obliterated by an Iranian missile strike on his home.",pbs.org,Intermediate media,
95,E,"BREAKING: So the Israeli media reports Itamar Ben-Gvir died in a car crash, while in fact he's been obliterated by an Iranian missile strike on his home.",politifact.com,Journalistic source,
95,E,"BREAKING: So the Israeli media reports Itamar Ben-Gvir died in a car crash, while in fact he's been obliterated by an Iranian missile strike on his home.",jpost.com,Journalistic source,
95,E,"BREAKING: So the Israeli media reports Itamar Ben-Gvir died in a car crash, while in fact he's been obliterated by an Iranian missile strike on his home.",aljazeera.com,Journalistic source,
95,E,"BREAKING: So the Israeli media reports Itamar Ben-Gvir died in a car crash, while in fact he's been obliterated by an Iranian missile strike on his home.",aljazeera.com,Journalistic source,
95,E,"BREAKING: So the Israeli media reports Itamar Ben-Gvir died in a car crash, while in fact he's been obliterated by an Iranian missile strike on his home.",yahoo.com,Intermediate media,
95,E,"BREAKING: So the Israeli media reports Itamar Ben-Gvir died in a car crash, while in fact he's been obliterated by an Iranian missile strike on his home.",electronicintifada.net,Journalistic source,
95,E,"BREAKING: So the Israeli media reports Itamar Ben-Gvir died in a car crash, while in fact he's been obliterated by an Iranian missile strike on his home.",trtworld.com,Journalistic source,
95,E,"BREAKING: So the Israeli media reports Itamar Ben-Gvir died in a car crash, while in fact he's been obliterated by an Iranian missile strike on his home.",spectrumlocalnews.com,Journalistic source,
95,E,"BREAKING: So the Israeli media reports Itamar Ben-Gvir died in a car crash, while in fact he's been obliterated by an Iranian missile strike on his home.",aa.com.tr,Journalistic source,
95,E,"BREAKING: So the Israeli media reports Itamar Ben-Gvir died in a car crash, while in fact he's been obliterated by an Iranian missile strike on his home.",aa.com.tr,Journalistic source,
95,E,"BREAKING: So the Israeli media reports Itamar Ben-Gvir died in a car crash, while in fact he's been obliterated by an Iranian missile strike on his home.",osvnews.com,Intermediate media,
95,E,"BREAKING: So the Israeli media reports Itamar Ben-Gvir died in a car crash, while in fact he's been obliterated by an Iranian missile strike on his home.",europeaninterest.eu,Intermediate media,
96,F,"DERNIÈRE HEURE : Les médias israéliens rapportent qu'Itamar Ben-Gvir est mort dans un accident de voiture, alors qu'en réalité il aurait été anéanti par une frappe de missile iranien sur sa maison.",bbc.com,Journalistic source,
96,F,"DERNIÈRE HEURE : Les médias israéliens rapportent qu'Itamar Ben-Gvir est mort dans un accident de voiture, alors qu'en réalité il aurait été anéanti par une frappe de missile iranien sur sa maison.",france24.com,Journalistic source,
96,F,"DERNIÈRE HEURE : Les médias israéliens rapportent qu'Itamar Ben-Gvir est mort dans un accident de voiture, alors qu'en réalité il aurait été anéanti par une frappe de missile iranien sur sa maison.",fr.timesofisrael.com,Journalistic source,
96,F,"DERNIÈRE HEURE : Les médias israéliens rapportent qu'Itamar Ben-Gvir est mort dans un accident de voiture, alors qu'en réalité il aurait été anéanti par une frappe de missile iranien sur sa maison.",mediapart.fr,Journalistic source,
96,F,"DERNIÈRE HEURE : Les médias israéliens rapportent qu'Itamar Ben-Gvir est mort dans un accident de voiture, alors qu'en réalité il aurait été anéanti par une frappe de missile iranien sur sa maison.",leparisien.fr,Journalistic source,
96,F,"DERNIÈRE HEURE : Les médias israéliens rapportent qu'Itamar Ben-Gvir est mort dans un accident de voiture, alors qu'en réalité il aurait été anéanti par une frappe de missile iranien sur sa maison.",lemonde.fr,Journalistic source,
96,F,"DERNIÈRE HEURE : Les médias israéliens rapportent qu'Itamar Ben-Gvir est mort dans un accident de voiture, alors qu'en réalité il aurait été anéanti par une frappe de missile iranien sur sa maison.",lemonde.fr,Journalistic source,
96,F,"DERNIÈRE HEURE : Les médias israéliens rapportent qu'Itamar Ben-Gvir est mort dans un accident de voiture, alors qu'en réalité il aurait été anéanti par une frappe de missile iranien sur sa maison.",radiofrance.fr,Intermediate media,
96,F,"DERNIÈRE HEURE : Les médias israéliens rapportent qu'Itamar Ben-Gvir est mort dans un accident de voiture, alors qu'en réalité il aurait été anéanti par une frappe de missile iranien sur sa maison.",aa.com.tr,Journalistic source,
96,F,"DERNIÈRE HEURE : Les médias israéliens rapportent qu'Itamar Ben-Gvir est mort dans un accident de voiture, alors qu'en réalité il aurait été anéanti par une frappe de missile iranien sur sa maison.",humanite.fr,Journalistic source,
96,F,"DERNIÈRE HEURE : Les médias israéliens rapportent qu'Itamar Ben-Gvir est mort dans un accident de voiture, alors qu'en réalité il aurait été anéanti par une frappe de missile iranien sur sa maison.",zamin.uz,Intermediate media,
96,F,"DERNIÈRE HEURE : Les médias israéliens rapportent qu'Itamar Ben-Gvir est mort dans un accident de voiture, alors qu'en réalité il aurait été anéanti par une frappe de missile iranien sur sa maison.",lactualite.com,Journalistic source,
96,F,"DERNIÈRE HEURE : Les médias israéliens rapportent qu'Itamar Ben-Gvir est mort dans un accident de voiture, alors qu'en réalité il aurait été anéanti par une frappe de missile iranien sur sa maison.",icibeyrouth.com,Journalistic source,
96,F,"DERNIÈRE HEURE : Les médias israéliens rapportent qu'Itamar Ben-Gvir est mort dans un accident de voiture, alors qu'en réalité il aurait été anéanti par une frappe de missile iranien sur sa maison.",franceinfo.fr,Journalistic source,
96,F,"DERNIÈRE HEURE : Les médias israéliens rapportent qu'Itamar Ben-Gvir est mort dans un accident de voiture, alors qu'en réalité il aurait été anéanti par une frappe de missile iranien sur sa maison.",lorientlejour.com,Journalistic source,
96,F,"DERNIÈRE HEURE : Les médias israéliens rapportent qu'Itamar Ben-Gvir est mort dans un accident de voiture, alors qu'en réalité il aurait été anéanti par une frappe de missile iranien sur sa maison.",franceinfo.fr,Journalistic source,
96,F,"DERNIÈRE HEURE : Les médias israéliens rapportent qu'Itamar Ben-Gvir est mort dans un accident de voiture, alors qu'en réalité il aurait été anéanti par une frappe de missile iranien sur sa maison.",24heures.ch,Journalistic source,
96,F,"DERNIÈRE HEURE : Les médias israéliens rapportent qu'Itamar Ben-Gvir est mort dans un accident de voiture, alors qu'en réalité il aurait été anéanti par une frappe de missile iranien sur sa maison.",rts.ch,Journalistic source,
97,E,Iran also has some Tomahawks.,militarytimes.com,Journalistic source,
97,E,Iran also has some Tomahawks.,factcheck.org,Journalistic source,
97,E,Iran also has some Tomahawks.,csis.org,Local organization,
97,E,Iran also has some Tomahawks.,csis.org,Local organization,
97,E,Iran also has some Tomahawks.,csis.org,Local organization,
97,E,Iran also has some Tomahawks.,thehill.com,Journalistic source,
97,E,Iran also has some Tomahawks.,pbs.org,Intermediate media,
97,E,Iran also has some Tomahawks.,politico.com,Journalistic source,
97,E,Iran also has some Tomahawks.,nytimes.com,Journalistic source,
97,E,Iran also has some Tomahawks.,nytimes.com,Journalistic source,
97,E,Iran also has some Tomahawks.,amnesty.org,Mondial organization,
97,E,Iran also has some Tomahawks.,amnesty.org,Mondial organization,
97,E,Iran also has some Tomahawks.,aljazeera.com,Journalistic source,
97,E,Iran also has some Tomahawks.,abcnews.com,Journalistic source,
97,E,Iran also has some Tomahawks.,aa.com.tr,Journalistic source,
97,E,Iran also has some Tomahawks.,aoav.org.uk,Intermediate media,
97,E,Iran also has some Tomahawks.,iranwatch.org,Intermediate media,
98,F,L'Iran « possède aussi des missiles Tomahawk ».,theconversation.com,Intermediate media,
98,F,L'Iran « possède aussi des missiles Tomahawk ».,bbc.com,Journalistic source,
98,F,L'Iran « possède aussi des missiles Tomahawk ».,bbc.com,Journalistic source,
98,F,L'Iran « possède aussi des missiles Tomahawk ».,fr.euronews.com,Journalistic source,
98,F,L'Iran « possède aussi des missiles Tomahawk ».,cnews.fr,Journalistic source,
98,F,L'Iran « possède aussi des missiles Tomahawk ».,geo.fr,Journalistic source,
98,F,L'Iran « possède aussi des missiles Tomahawk ».,tf1info.fr,Journalistic source,
98,F,L'Iran « possède aussi des missiles Tomahawk ».,tf1info.fr,Journalistic source,
98,F,L'Iran « possède aussi des missiles Tomahawk ».,publicsenat.fr,Local organization,
98,F,L'Iran « possède aussi des missiles Tomahawk ».,bfmtv.com,Journalistic source,
98,F,L'Iran « possède aussi des missiles Tomahawk ».,idn-france.org,Intermediate media,
98,F,L'Iran « possède aussi des missiles Tomahawk ».,nepassubir.fr,Journalistic source,Partially relevant
98,F,L'Iran « possède aussi des missiles Tomahawk ».,atalayar.com,Intermediate media,
98,F,L'Iran « possède aussi des missiles Tomahawk ».,fmes-france.org,Intermediate media,
98,F,L'Iran « possède aussi des missiles Tomahawk ».,icrc.org,Unclear website,Out of context
98,F,L'Iran « possède aussi des missiles Tomahawk ».,airuniversity.af.edu,Unclear website,Out of context
98,F,L'Iran « possède aussi des missiles Tomahawk ».,senat.fr,Local organization,
98,F,L'Iran « possède aussi des missiles Tomahawk ».,svn.spraakdata.gu.se,Government / public institution,Out of context
98,F,L'Iran « possède aussi des missiles Tomahawk ».,livre21.com,Scientific source,Out of context
99,E,The Iranian regime has confessed that the Islamic Revolutionary Guard Corps mistakenly bombed an Iranian school on February 28.,factcheck.org,Journalistic source,
99,E,The Iranian regime has confessed that the Islamic Revolutionary Guard Corps mistakenly bombed an Iranian school on February 28.,homeland.house.gov,Local organization,
99,E,The Iranian regime has confessed that the Islamic Revolutionary Guard Corps mistakenly bombed an Iranian school on February 28.,cfr.org,Local organization,
99,E,The Iranian regime has confessed that the Islamic Revolutionary Guard Corps mistakenly bombed an Iranian school on February 28.,politifact.com,Journalistic source,
99,E,The Iranian regime has confessed that the Islamic Revolutionary Guard Corps mistakenly bombed an Iranian school on February 28.,amnesty.org,Mondial organization,
99,E,The Iranian regime has confessed that the Islamic Revolutionary Guard Corps mistakenly bombed an Iranian school on February 28.,amnesty.org,Mondial organization,
99,E,The Iranian regime has confessed that the Islamic Revolutionary Guard Corps mistakenly bombed an Iranian school on February 28.,amnesty.org,Mondial organization,
99,E,The Iranian regime has confessed that the Islamic Revolutionary Guard Corps mistakenly bombed an Iranian school on February 28.,hrw.org,Mondial organization,
99,E,The Iranian regime has confessed that the Islamic Revolutionary Guard Corps mistakenly bombed an Iranian school on February 28.,aljazeera.com,Journalistic source,
99,E,The Iranian regime has confessed that the Islamic Revolutionary Guard Corps mistakenly bombed an Iranian school on February 28.,theguardian.com,Journalistic source,
99,E,The Iranian regime has confessed that the Islamic Revolutionary Guard Corps mistakenly bombed an Iranian school on February 28.,aei.org,Local organization,
99,E,The Iranian regime has confessed that the Islamic Revolutionary Guard Corps mistakenly bombed an Iranian school on February 28.,meforum.org,Intermediate media,
99,E,The Iranian regime has confessed that the Islamic Revolutionary Guard Corps mistakenly bombed an Iranian school on February 28.,newlinesmag.com,Journalistic source,
99,E,The Iranian regime has confessed that the Islamic Revolutionary Guard Corps mistakenly bombed an Iranian school on February 28.,tnsr.org,Intermediate media,
99,E,The Iranian regime has confessed that the Islamic Revolutionary Guard Corps mistakenly bombed an Iranian school on February 28.,state.gov,Local organization,
99,E,The Iranian regime has confessed that the Islamic Revolutionary Guard Corps mistakenly bombed an Iranian school on February 28.,ctc.westpoint.edu,Scientific source,
99,E,The Iranian regime has confessed that the Islamic Revolutionary Guard Corps mistakenly bombed an Iranian school on February 28.,justice.gov,Local organization,
99,E,The Iranian regime has confessed that the Islamic Revolutionary Guard Corps mistakenly bombed an Iranian school on February 28.,ctc.westpoint.edu,Scientific source,
99,E,The Iranian regime has confessed that the Islamic Revolutionary Guard Corps mistakenly bombed an Iranian school on February 28.,institute.global,Local organization,
99,E,The Iranian regime has confessed that the Islamic Revolutionary Guard Corps mistakenly bombed an Iranian school on February 28.,dfat.gov.au,Local organization,
100,F,Le régime iranien aurait avoué que le Corps des gardiens de la révolution islamique a bombardé par erreur une école iranienne le 28 février.,france24.com,Journalistic source,
100,F,Le régime iranien aurait avoué que le Corps des gardiens de la révolution islamique a bombardé par erreur une école iranienne le 28 février.,ledevoir.com,Journalistic source,
100,F,Le régime iranien aurait avoué que le Corps des gardiens de la révolution islamique a bombardé par erreur une école iranienne le 28 février.,ledevoir.com,Journalistic source,
100,F,Le régime iranien aurait avoué que le Corps des gardiens de la révolution islamique a bombardé par erreur une école iranienne le 28 février.,amnesty.org,Mondial organization,
100,F,Le régime iranien aurait avoué que le Corps des gardiens de la révolution islamique a bombardé par erreur une école iranienne le 28 février.,fr.wikipedia.org,Intermediate media,
100,F,Le régime iranien aurait avoué que le Corps des gardiens de la révolution islamique a bombardé par erreur une école iranienne le 28 février.,la-croix.com,Social media,
100,F,Le régime iranien aurait avoué que le Corps des gardiens de la révolution islamique a bombardé par erreur une école iranienne le 28 février.,ici.radio-canada.ca,Local organization,
100,F,Le régime iranien aurait avoué que le Corps des gardiens de la révolution islamique a bombardé par erreur une école iranienne le 28 février.,noovo.info,Journalistic source,
100,F,Le régime iranien aurait avoué que le Corps des gardiens de la révolution islamique a bombardé par erreur une école iranienne le 28 février.,tf1info.fr,Journalistic source,
100,F,Le régime iranien aurait avoué que le Corps des gardiens de la révolution islamique a bombardé par erreur une école iranienne le 28 février.,tf1info.fr,Journalistic source,
100,F,Le régime iranien aurait avoué que le Corps des gardiens de la révolution islamique a bombardé par erreur une école iranienne le 28 février.,rtbf.be,Journalistic source,
100,F,Le régime iranien aurait avoué que le Corps des gardiens de la révolution islamique a bombardé par erreur une école iranienne le 28 février.,information.tv5monde.com,Intermediate media,
100,F,Le régime iranien aurait avoué que le Corps des gardiens de la révolution islamique a bombardé par erreur une école iranienne le 28 février.,publicsenat.fr,Local organization,
100,F,Le régime iranien aurait avoué que le Corps des gardiens de la révolution islamique a bombardé par erreur une école iranienne le 28 février.,bfmtv.com,Journalistic source,
100,F,Le régime iranien aurait avoué que le Corps des gardiens de la révolution islamique a bombardé par erreur une école iranienne le 28 février.,wsws.org,Intermediate media,
100,F,Le régime iranien aurait avoué que le Corps des gardiens de la révolution islamique a bombardé par erreur une école iranienne le 28 février.,wsws.org,Intermediate media,
100,F,Le régime iranien aurait avoué que le Corps des gardiens de la révolution islamique a bombardé par erreur une école iranienne le 28 février.,ks.echr.coe.int,Mondial organization,
100,F,Le régime iranien aurait avoué que le Corps des gardiens de la révolution islamique a bombardé par erreur une école iranienne le 28 février.,echr.coe.int,Mondial organization,
100,F,Le régime iranien aurait avoué que le Corps des gardiens de la révolution islamique a bombardé par erreur une école iranienne le 28 février.,legal.un.org,Scientific source,Out of context
100,F,Le régime iranien aurait avoué que le Corps des gardiens de la révolution islamique a bombardé par erreur une école iranienne le 28 février.,icrc.org,Mondial organization,
100,F,Le régime iranien aurait avoué que le Corps des gardiens de la révolution islamique a bombardé par erreur une école iranienne le 28 février.,cnda.fr,Local organization,
100,F,Le régime iranien aurait avoué que le Corps des gardiens de la révolution islamique a bombardé par erreur une école iranienne le 28 février.,major-prepa.com,Intermediate media,
100,F,Le régime iranien aurait avoué que le Corps des gardiens de la révolution islamique a bombardé par erreur une école iranienne le 28 février.,securitycouncilreport.o...,Intermediate media,
100,F,Le régime iranien aurait avoué que le Corps des gardiens de la révolution islamique a bombardé par erreur une école iranienne le 28 février.,rts.ch,Journalistic source,
101,E,Iran released a list of U.S. cities it will target.,abc7chicago.com,Journalistic source,
101,E,Iran released a list of U.S. cities it will target.,snopes.com,Journalistic source,
101,E,Iran released a list of U.S. cities it will target.,docs.house.gov,Local organization,
101,E,Iran released a list of U.S. cities it will target.,poynter.org,Local organization,
101,E,Iran released a list of U.S. cities it will target.,bbc.com,Journalistic source,
101,E,Iran released a list of U.S. cities it will target.,pbs.org,Intermediate media,
101,E,Iran released a list of U.S. cities it will target.,pbs.org,Intermediate media,
101,E,Iran released a list of U.S. cities it will target.,crisisgroup.org,Mondial organization,
101,E,Iran released a list of U.S. cities it will target.,abc7ny.com,Journalistic source,
101,E,Iran released a list of U.S. cities it will target.,nbcnews.com,Journalistic source,
101,E,Iran released a list of U.S. cities it will target.,aljazeera.com,Journalistic source,
101,E,Iran released a list of U.S. cities it will target.,10news.com,Intermediate media,
101,E,Iran released a list of U.S. cities it will target.,home.treasury.gov,Local organization,
101,E,Iran released a list of U.S. cities it will target.,dhs.gov,Local organization,
101,E,Iran released a list of U.S. cities it will target.,fbi.gov,Local organization,
101,E,Iran released a list of U.S. cities it will target.,justice.gov,International organization,Out of context
101,E,Iran released a list of U.S. cities it will target.,war.gov,Local organization,
101,E,Iran released a list of U.S. cities it will target.,centcom.mil,Intermediate media,
102,F,L'Iran aurait publié une liste de villes américaines qu'il ciblera.,bbc.com,Journalistic source,
102,F,L'Iran aurait publié une liste de villes américaines qu'il ciblera.,crisisgroup.org,Government / public institution,Out of context
102,F,L'Iran aurait publié une liste de villes américaines qu'il ciblera.,fr.euronews.com,Journalistic source,
102,F,L'Iran aurait publié une liste de villes américaines qu'il ciblera.,20minutes.fr,Journalistic source,
102,F,L'Iran aurait publié une liste de villes américaines qu'il ciblera.,tf1info.fr,Journalistic source,
102,F,L'Iran aurait publié une liste de villes américaines qu'il ciblera.,lemonde.fr,Journalistic source,
102,F,L'Iran aurait publié une liste de villes américaines qu'il ciblera.,lefigaro.fr,Journalistic source,
102,F,L'Iran aurait publié une liste de villes américaines qu'il ciblera.,voyage.gc.ca,Local organization,
102,F,L'Iran aurait publié une liste de villes américaines qu'il ciblera.,us.diplomatie.gouv.fr,Local organization,
102,F,L'Iran aurait publié une liste de villes américaines qu'il ciblera.,tresor.economie.gouv.fr...,Unclear website,Out of context
102,F,L'Iran aurait publié une liste de villes américaines qu'il ciblera.,rts.ch,Journalistic source,
102,F,L'Iran aurait publié une liste de villes américaines qu'il ciblera.,press.un.org,Scientific source,Out of context
102,F,L'Iran aurait publié une liste de villes américaines qu'il ciblera.,undp.org,Unclear website,Out of context
102,F,L'Iran aurait publié une liste de villes américaines qu'il ciblera.,hal.science,Scientific source,
102,F,L'Iran aurait publié une liste de villes américaines qu'il ciblera.,consilium.europa.eu,Unclear website,Out of context
102,F,L'Iran aurait publié une liste de villes américaines qu'il ciblera.,fondapol.org,Local organization,
102,F,L'Iran aurait publié une liste de villes américaines qu'il ciblera.,unis.unvienna.org,International organization,Out of context
102,F,L'Iran aurait publié une liste de villes américaines qu'il ciblera.,rts.ch,Journalistic source,
102,F,L'Iran aurait publié une liste de villes américaines qu'il ciblera.,libnanews.com,Intermediate media,
102,F,L'Iran aurait publié une liste de villes américaines qu'il ciblera.,press.un.org,Mondial organization,
102,F,L'Iran aurait publié une liste de villes américaines qu'il ciblera.,libnanews.com,Intermediate media,
103,E,The Biden administration reversed a policy of deporting people in the country illegally who have committed felonies.,congress.gov,Local organization,
103,E,The Biden administration reversed a policy of deporting people in the country illegally who have committed felonies.,mikekennedy.house.gov,Local organization,
103,E,The Biden administration reversed a policy of deporting people in the country illegally who have committed felonies.,pbs.org,Intermediate media,
103,E,The Biden administration reversed a policy of deporting people in the country illegally who have committed felonies.,politifact.com,Journalistic source,
103,E,The Biden administration reversed a policy of deporting people in the country illegally who have committed felonies.,piie.com,Intermediate media,
103,E,The Biden administration reversed a policy of deporting people in the country illegally who have committed felonies.,texastribune.org,Journalistic source,
103,E,The Biden administration reversed a policy of deporting people in the country illegally who have committed felonies.,migrationpolicy.org,Local organization,
103,E,The Biden administration reversed a policy of deporting people in the country illegally who have committed felonies.,migrationpolicy.org,Local organization,
103,E,The Biden administration reversed a policy of deporting people in the country illegally who have committed felonies.,migrationpolicy.org,Local organization,
103,E,The Biden administration reversed a policy of deporting people in the country illegally who have committed felonies.,bipartisanpolicy.org,Local organization,
103,E,The Biden administration reversed a policy of deporting people in the country illegally who have committed felonies.,americanimmigrationcoun...,Local organization,
103,E,The Biden administration reversed a policy of deporting people in the country illegally who have committed felonies.,americanimmigrationcoun...,Local organization,
103,E,The Biden administration reversed a policy of deporting people in the country illegally who have committed felonies.,brennancenter.org,Local organization,
103,E,The Biden administration reversed a policy of deporting people in the country illegally who have committed felonies.,cato.org,Local organization,
103,E,The Biden administration reversed a policy of deporting people in the country illegally who have committed felonies.,cis.org,Local organization,
103,E,The Biden administration reversed a policy of deporting people in the country illegally who have committed felonies.,cis.org,Local organization,
103,E,The Biden administration reversed a policy of deporting people in the country illegally who have committed felonies.,nilc.org,Local organization,
103,E,The Biden administration reversed a policy of deporting people in the country illegally who have committed felonies.,forumtogether.org,Unclear website,Out of context
103,E,The Biden administration reversed a policy of deporting people in the country illegally who have committed felonies.,cmsny.org,Intermediate media,
103,E,The Biden administration reversed a policy of deporting people in the country illegally who have committed felonies.,wlrn.org,Journalistic source,
103,E,The Biden administration reversed a policy of deporting people in the country illegally who have committed felonies.,texasattorneygeneral.go...,Journalistic source,
103,E,The Biden administration reversed a policy of deporting people in the country illegally who have committed felonies.,dhs.gov,Local organization,
103,E,The Biden administration reversed a policy of deporting people in the country illegally who have committed felonies.,dhs.gov,Local organization,
103,E,The Biden administration reversed a policy of deporting people in the country illegally who have committed felonies.,deportationdata.org,Intermediate media,
103,E,The Biden administration reversed a policy of deporting people in the country illegally who have committed felonies.,dhs.gov,Local organization,
103,E,The Biden administration reversed a policy of deporting people in the country illegally who have committed felonies.,deportationdata.org,Intermediate media,
104,F,L'administration Biden aurait annulé une politique d'expulsion des personnes en situation irrégulière ayant commis des crimes graves.,amnesty.org,Mondial organization,
104,F,L'administration Biden aurait annulé une politique d'expulsion des personnes en situation irrégulière ayant commis des crimes graves.,amnesty.org,Mondial organization,
104,F,L'administration Biden aurait annulé une politique d'expulsion des personnes en situation irrégulière ayant commis des crimes graves.,hrw.org,Mondial organization,
104,F,L'administration Biden aurait annulé une politique d'expulsion des personnes en situation irrégulière ayant commis des crimes graves.,information.tv5monde.com,Intermediate media,
104,F,L'administration Biden aurait annulé une politique d'expulsion des personnes en situation irrégulière ayant commis des crimes graves.,europarl.europa.eu,Unclear website,Out of context
104,F,L'administration Biden aurait annulé une politique d'expulsion des personnes en situation irrégulière ayant commis des crimes graves.,hal.science,Scientific source,Out of context
104,F,L'administration Biden aurait annulé une politique d'expulsion des personnes en situation irrégulière ayant commis des crimes graves.,diploweb.com,Scientific source,Out of context
104,F,L'administration Biden aurait annulé une politique d'expulsion des personnes en situation irrégulière ayant commis des crimes graves.,oecd.org,Scientific source,Out of context
104,F,L'administration Biden aurait annulé une politique d'expulsion des personnes en situation irrégulière ayant commis des crimes graves.,www2.assemblee-nationale.fr...,Local organization,
104,F,L'administration Biden aurait annulé une politique d'expulsion des personnes en situation irrégulière ayant commis des crimes graves.,assemblee-nationale.fr,Scientific source,Out of context
104,F,L'administration Biden aurait annulé une politique d'expulsion des personnes en situation irrégulière ayant commis des crimes graves.,senat.fr,Government / public institution,Out of context
104,F,L'administration Biden aurait annulé une politique d'expulsion des personnes en situation irrégulière ayant commis des crimes graves.,senat.fr,Government / public institution,Out of context
104,F,L'administration Biden aurait annulé une politique d'expulsion des personnes en situation irrégulière ayant commis des crimes graves.,www2.assemblee-nationale.fr...,Government / public institution,Out of context
104,F,L'administration Biden aurait annulé une politique d'expulsion des personnes en situation irrégulière ayant commis des crimes graves.,eur-lex.europa.eu,Government / public institution,Out of context
104,F,L'administration Biden aurait annulé une politique d'expulsion des personnes en situation irrégulière ayant commis des crimes graves.,eur-lex.europa.eu,Government / public institution,Out of context
104,F,L'administration Biden aurait annulé une politique d'expulsion des personnes en situation irrégulière ayant commis des crimes graves.,cbsa-asfc.gc.ca,Local organization,
104,F,L'administration Biden aurait annulé une politique d'expulsion des personnes en situation irrégulière ayant commis des crimes graves.,ohchr.org,Mondial organization,
104,F,L'administration Biden aurait annulé une politique d'expulsion des personnes en situation irrégulière ayant commis des crimes graves.,haitiantimes.com,Journalistic source,
104,F,L'administration Biden aurait annulé une politique d'expulsion des personnes en situation irrégulière ayant commis des crimes graves.,ourcommons.ca,Local organization,
104,F,L'administration Biden aurait annulé une politique d'expulsion des personnes en situation irrégulière ayant commis des crimes graves.,amnesty.fr,Intermediate media,
104,F,L'administration Biden aurait annulé une politique d'expulsion des personnes en situation irrégulière ayant commis des crimes graves.,franceinfo.fr,Journalistic source,
104,F,L'administration Biden aurait annulé une politique d'expulsion des personnes en situation irrégulière ayant commis des crimes graves.,sciencespo.hal.science,Scientific source,
105,E,The 2015 Iran nuclear agreement gave Iran the right to have top-of-the-line nuclear weapons.,rand.org,Local organization,
105,E,The 2015 Iran nuclear agreement gave Iran the right to have top-of-the-line nuclear weapons.,congress.gov,Local organization,
105,E,The 2015 Iran nuclear agreement gave Iran the right to have top-of-the-line nuclear weapons.,bbc.com,Journalistic source,
105,E,The 2015 Iran nuclear agreement gave Iran the right to have top-of-the-line nuclear weapons.,cfr.org,Local organization,
105,E,The 2015 Iran nuclear agreement gave Iran the right to have top-of-the-line nuclear weapons.,armscontrol.org,Local organization,
105,E,The 2015 Iran nuclear agreement gave Iran the right to have top-of-the-line nuclear weapons.,commonslibrary.parliament.u...,Intermediate media,
105,E,The 2015 Iran nuclear agreement gave Iran the right to have top-of-the-line nuclear weapons.,foreign.senate.gov,Local organization,
105,E,The 2015 Iran nuclear agreement gave Iran the right to have top-of-the-line nuclear weapons.,trumpwhitehouse.archives.go...,Intermediate media,
105,E,The 2015 Iran nuclear agreement gave Iran the right to have top-of-the-line nuclear weapons.,main.un.org,Mondial organization,
105,E,The 2015 Iran nuclear agreement gave Iran the right to have top-of-the-line nuclear weapons.,armscontrolcenter.org,Local organization,
105,E,The 2015 Iran nuclear agreement gave Iran the right to have top-of-the-line nuclear weapons.,obamawhitehouse.archives.go...,Intermediate media,
105,E,The 2015 Iran nuclear agreement gave Iran the right to have top-of-the-line nuclear weapons.,europarl.europa.eu,Mondial organization,
105,E,The 2015 Iran nuclear agreement gave Iran the right to have top-of-the-line nuclear weapons.,quora.com,Intermediate media,
105,E,The 2015 Iran nuclear agreement gave Iran the right to have top-of-the-line nuclear weapons.,quora.com,Intermediate media,
105,E,The 2015 Iran nuclear agreement gave Iran the right to have top-of-the-line nuclear weapons.,iranprimer.usip.org,Local organization,
105,E,The 2015 Iran nuclear agreement gave Iran the right to have top-of-the-line nuclear weapons.,isis-online.org,Intermediate media,
105,E,The 2015 Iran nuclear agreement gave Iran the right to have top-of-the-line nuclear weapons.,2009-2017.state.gov,Local organization,
106,F,L'accord nucléaire iranien de 2015 aurait donné à l'Iran le droit de posséder des armes nucléaires de pointe.,bbc.com,Journalistic source,
106,F,L'accord nucléaire iranien de 2015 aurait donné à l'Iran le droit de posséder des armes nucléaires de pointe.,fr.wikipedia.org,Intermediate media,
106,F,L'accord nucléaire iranien de 2015 aurait donné à l'Iran le droit de posséder des armes nucléaires de pointe.,fr.wikipedia.org,Intermediate media,
106,F,L'accord nucléaire iranien de 2015 aurait donné à l'Iran le droit de posséder des armes nucléaires de pointe.,assemblee-nationale.fr,Local organization,
106,F,L'accord nucléaire iranien de 2015 aurait donné à l'Iran le droit de posséder des armes nucléaires de pointe.,reliefweb.int,Mondial organization,
106,F,L'accord nucléaire iranien de 2015 aurait donné à l'Iran le droit de posséder des armes nucléaires de pointe.,icj-cij.org,Mondial organization,
106,F,L'accord nucléaire iranien de 2015 aurait donné à l'Iran le droit de posséder des armes nucléaires de pointe.,shs.hal.science,Scientific source,
106,F,L'accord nucléaire iranien de 2015 aurait donné à l'Iran le droit de posséder des armes nucléaires de pointe.,frstrategie.org,Local organization,
106,F,L'accord nucléaire iranien de 2015 aurait donné à l'Iran le droit de posséder des armes nucléaires de pointe.,hal.science,Scientific source,
106,F,L'accord nucléaire iranien de 2015 aurait donné à l'Iran le droit de posséder des armes nucléaires de pointe.,eprints.whiterose.ac.uk,Scientific source,
106,F,L'accord nucléaire iranien de 2015 aurait donné à l'Iran le droit de posséder des armes nucléaires de pointe.,theses.hal.science,Scientific source,
106,F,L'accord nucléaire iranien de 2015 aurait donné à l'Iran le droit de posséder des armes nucléaires de pointe.,shs.hal.science,Scientific source,
106,F,L'accord nucléaire iranien de 2015 aurait donné à l'Iran le droit de posséder des armes nucléaires de pointe.,shs.hal.science,Scientific source,
106,F,L'accord nucléaire iranien de 2015 aurait donné à l'Iran le droit de posséder des armes nucléaires de pointe.,press.un.org,Mondial organization,
106,F,L'accord nucléaire iranien de 2015 aurait donné à l'Iran le droit de posséder des armes nucléaires de pointe.,sipri.org,Mondial organization,
106,F,L'accord nucléaire iranien de 2015 aurait donné à l'Iran le droit de posséder des armes nucléaires de pointe.,vie-publique.fr,Intermediate media,
106,F,L'accord nucléaire iranien de 2015 aurait donné à l'Iran le droit de posséder des armes nucléaires de pointe.,sipri.org,Mondial organization,
107,E,"Video shows a US air base in Riyadh, Saudi Arabia, being destroyed by Iran.",npr.org,Journalistic source,
107,E,"Video shows a US air base in Riyadh, Saudi Arabia, being destroyed by Iran.",npr.org,Journalistic source,
107,E,"Video shows a US air base in Riyadh, Saudi Arabia, being destroyed by Iran.",bbc.com,Journalistic source,
107,E,"Video shows a US air base in Riyadh, Saudi Arabia, being destroyed by Iran.",bbc.com,Journalistic source,
107,E,"Video shows a US air base in Riyadh, Saudi Arabia, being destroyed by Iran.",pbs.org,Intermediate media,
107,E,"Video shows a US air base in Riyadh, Saudi Arabia, being destroyed by Iran.",nbcnews.com,Journalistic source,
107,E,"Video shows a US air base in Riyadh, Saudi Arabia, being destroyed by Iran.",longwarjournal.org,Intermediate media,
107,E,"Video shows a US air base in Riyadh, Saudi Arabia, being destroyed by Iran.",jpost.com,Journalistic source,
107,E,"Video shows a US air base in Riyadh, Saudi Arabia, being destroyed by Iran.",aljazeera.com,Journalistic source,
107,E,"Video shows a US air base in Riyadh, Saudi Arabia, being destroyed by Iran.",theguardian.com,Journalistic source,
107,E,"Video shows a US air base in Riyadh, Saudi Arabia, being destroyed by Iran.",theguardian.com,Journalistic source,
107,E,"Video shows a US air base in Riyadh, Saudi Arabia, being destroyed by Iran.",airandspaceforces.com,Journalistic source,
108,F,"Une vidéo montrerait l'Iran détruisant une base aérienne américaine à Riyad, en Arabie saoudite.",fr.wikipedia.org,Intermediate media,
108,F,"Une vidéo montrerait l'Iran détruisant une base aérienne américaine à Riyad, en Arabie saoudite.",fr.euronews.com,Journalistic source,
108,F,"Une vidéo montrerait l'Iran détruisant une base aérienne américaine à Riyad, en Arabie saoudite.",fr.euronews.com,Journalistic source,
108,F,"Une vidéo montrerait l'Iran détruisant une base aérienne américaine à Riyad, en Arabie saoudite.",fr.euronews.com,Journalistic source,
108,F,"Une vidéo montrerait l'Iran détruisant une base aérienne américaine à Riyad, en Arabie saoudite.",lesechos.fr,Journalistic source,
108,F,"Une vidéo montrerait l'Iran détruisant une base aérienne américaine à Riyad, en Arabie saoudite.",20minutes.fr,Journalistic source,
108,F,"Une vidéo montrerait l'Iran détruisant une base aérienne américaine à Riyad, en Arabie saoudite.",ouest-france.fr,Journalistic source,
108,F,"Une vidéo montrerait l'Iran détruisant une base aérienne américaine à Riyad, en Arabie saoudite.",noovo.info,Journalistic source,
108,F,"Une vidéo montrerait l'Iran détruisant une base aérienne américaine à Riyad, en Arabie saoudite.",tf1info.fr,Journalistic source,
108,F,"Une vidéo montrerait l'Iran détruisant une base aérienne américaine à Riyad, en Arabie saoudite.",tf1info.fr,Journalistic source,
108,F,"Une vidéo montrerait l'Iran détruisant une base aérienne américaine à Riyad, en Arabie saoudite.",lemonde.fr,Journalistic source,
108,F,"Une vidéo montrerait l'Iran détruisant une base aérienne américaine à Riyad, en Arabie saoudite.",tvanouvelles.ca,Journalistic source,
108,F,"Une vidéo montrerait l'Iran détruisant une base aérienne américaine à Riyad, en Arabie saoudite.",lefigaro.fr,Journalistic source,
108,F,"Une vidéo montrerait l'Iran détruisant une base aérienne américaine à Riyad, en Arabie saoudite.",boursorama.com,Intermediate media,
108,F,"Une vidéo montrerait l'Iran détruisant une base aérienne américaine à Riyad, en Arabie saoudite.",libnanews.com,Intermediate media,
108,F,"Une vidéo montrerait l'Iran détruisant une base aérienne américaine à Riyad, en Arabie saoudite.",heidi.news,Intermediate media,
108,F,"Une vidéo montrerait l'Iran détruisant une base aérienne américaine à Riyad, en Arabie saoudite.",rts.ch,Journalistic source,
108,F,"Une vidéo montrerait l'Iran détruisant une base aérienne américaine à Riyad, en Arabie saoudite.",lorientlejour.com,Journalistic source,
108,F,"Une vidéo montrerait l'Iran détruisant une base aérienne américaine à Riyad, en Arabie saoudite.",palestine-studies.org,Journalistic source,Relevant
108,F,"Une vidéo montrerait l'Iran détruisant une base aérienne américaine à Riyad, en Arabie saoudite.",theses.hal.science,Scientific source,
108,F,"Une vidéo montrerait l'Iran détruisant une base aérienne américaine à Riyad, en Arabie saoudite.",erudit.org,Scientific source,
108,F,"Une vidéo montrerait l'Iran détruisant une base aérienne américaine à Riyad, en Arabie saoudite.",publications.ut-capitole.fr...,Intermediate media,
108,F,"Une vidéo montrerait l'Iran détruisant une base aérienne américaine à Riyad, en Arabie saoudite.",canada.ca,Local organization,
108,F,"Une vidéo montrerait l'Iran détruisant une base aérienne américaine à Riyad, en Arabie saoudite.",assemblee-nationale.fr,Local organization,
109,E,The regime in Iran has now confessed that the Islamic Revolutionary Guard Corps mistakenly bombed an Iranian school yesterday.,brookings.edu,Scientific source,
109,E,The regime in Iran has now confessed that the Islamic Revolutionary Guard Corps mistakenly bombed an Iranian school yesterday.,pbs.org,Intermediate media,
109,E,The regime in Iran has now confessed that the Islamic Revolutionary Guard Corps mistakenly bombed an Iranian school yesterday.,politifact.com,Journalistic source,
109,E,The regime in Iran has now confessed that the Islamic Revolutionary Guard Corps mistakenly bombed an Iranian school yesterday.,insidehighered.com,Intermediate media,
109,E,The regime in Iran has now confessed that the Islamic Revolutionary Guard Corps mistakenly bombed an Iranian school yesterday.,nytimes.com,Journalistic source,
109,E,The regime in Iran has now confessed that the Islamic Revolutionary Guard Corps mistakenly bombed an Iranian school yesterday.,amnesty.org,Mondial organization,
109,E,The regime in Iran has now confessed that the Islamic Revolutionary Guard Corps mistakenly bombed an Iranian school yesterday.,adl.org,Local organization,
109,E,The regime in Iran has now confessed that the Islamic Revolutionary Guard Corps mistakenly bombed an Iranian school yesterday.,meforum.org,Intermediate media,
109,E,The regime in Iran has now confessed that the Islamic Revolutionary Guard Corps mistakenly bombed an Iranian school yesterday.,home.treasury.gov,Local organization,
109,E,The regime in Iran has now confessed that the Islamic Revolutionary Guard Corps mistakenly bombed an Iranian school yesterday.,ncr-iran.org,Intermediate media,
109,E,The regime in Iran has now confessed that the Islamic Revolutionary Guard Corps mistakenly bombed an Iranian school yesterday.,timeskuwait.com,Intermediate media,
109,E,The regime in Iran has now confessed that the Islamic Revolutionary Guard Corps mistakenly bombed an Iranian school yesterday.,mei.edu,Scientific source,
109,E,The regime in Iran has now confessed that the Islamic Revolutionary Guard Corps mistakenly bombed an Iranian school yesterday.,iranfocus.com,Intermediate media,
109,E,The regime in Iran has now confessed that the Islamic Revolutionary Guard Corps mistakenly bombed an Iranian school yesterday.,newlinesmag.com,Journalistic source,
109,E,The regime in Iran has now confessed that the Islamic Revolutionary Guard Corps mistakenly bombed an Iranian school yesterday.,ctc.westpoint.edu,Scientific source,
109,E,The regime in Iran has now confessed that the Islamic Revolutionary Guard Corps mistakenly bombed an Iranian school yesterday.,ctc.westpoint.edu,Scientific source,
109,E,The regime in Iran has now confessed that the Islamic Revolutionary Guard Corps mistakenly bombed an Iranian school yesterday.,ncr-iran.org,Intermediate media,
109,E,The regime in Iran has now confessed that the Islamic Revolutionary Guard Corps mistakenly bombed an Iranian school yesterday.,home.treasury.gov,Local organization,
110,F,Le régime iranien aurait avoué que le Corps des gardiens de la révolution islamique a bombardé par erreur une école iranienne hier.,bbc.com,Journalistic source,
110,F,Le régime iranien aurait avoué que le Corps des gardiens de la révolution islamique a bombardé par erreur une école iranienne hier.,la-croix.com,Social media,
110,F,Le régime iranien aurait avoué que le Corps des gardiens de la révolution islamique a bombardé par erreur une école iranienne hier.,la-croix.com,Social media,
110,F,Le régime iranien aurait avoué que le Corps des gardiens de la révolution islamique a bombardé par erreur une école iranienne hier.,journaldemontreal.com,Journalistic source,
110,F,Le régime iranien aurait avoué que le Corps des gardiens de la révolution islamique a bombardé par erreur une école iranienne hier.,journaldemontreal.com,Journalistic source,
110,F,Le régime iranien aurait avoué que le Corps des gardiens de la révolution islamique a bombardé par erreur une école iranienne hier.,ici.radio-canada.ca,Local organization,
110,F,Le régime iranien aurait avoué que le Corps des gardiens de la révolution islamique a bombardé par erreur une école iranienne hier.,ici.radio-canada.ca,Local organization,
110,F,Le régime iranien aurait avoué que le Corps des gardiens de la révolution islamique a bombardé par erreur une école iranienne hier.,leparisien.fr,Journalistic source,
110,F,Le régime iranien aurait avoué que le Corps des gardiens de la révolution islamique a bombardé par erreur une école iranienne hier.,noovo.info,Journalistic source,
110,F,Le régime iranien aurait avoué que le Corps des gardiens de la révolution islamique a bombardé par erreur une école iranienne hier.,noovo.info,Journalistic source,
110,F,Le régime iranien aurait avoué que le Corps des gardiens de la révolution islamique a bombardé par erreur une école iranienne hier.,tvanouvelles.ca,Journalistic source,
110,F,Le régime iranien aurait avoué que le Corps des gardiens de la révolution islamique a bombardé par erreur une école iranienne hier.,tvanouvelles.ca,Journalistic source,
110,F,Le régime iranien aurait avoué que le Corps des gardiens de la révolution islamique a bombardé par erreur une école iranienne hier.,tvanouvelles.ca,Journalistic source,
110,F,Le régime iranien aurait avoué que le Corps des gardiens de la révolution islamique a bombardé par erreur une école iranienne hier.,ledauphine.com,Journalistic source,
110,F,Le régime iranien aurait avoué que le Corps des gardiens de la révolution islamique a bombardé par erreur une école iranienne hier.,ledauphine.com,Journalistic source,
110,F,Le régime iranien aurait avoué que le Corps des gardiens de la révolution islamique a bombardé par erreur une école iranienne hier.,chroniquepalestine.com,Intermediate media,
110,F,Le régime iranien aurait avoué que le Corps des gardiens de la révolution islamique a bombardé par erreur une école iranienne hier.,france.mfa.ir,Intermediate media,
110,F,Le régime iranien aurait avoué que le Corps des gardiens de la révolution islamique a bombardé par erreur une école iranienne hier.,lesclesdumoyenorient.co...,Intermediate media,
110,F,Le régime iranien aurait avoué que le Corps des gardiens de la révolution islamique a bombardé par erreur une école iranienne hier.,libnanews.com,Unclear website,Out of context
110,F,Le régime iranien aurait avoué que le Corps des gardiens de la révolution islamique a bombardé par erreur une école iranienne hier.,libnanews.com,Unclear website,Out of context
110,F,Le régime iranien aurait avoué que le Corps des gardiens de la révolution islamique a bombardé par erreur une école iranienne hier.,maliweb.net,Journalistic source,
110,F,Le régime iranien aurait avoué que le Corps des gardiens de la révolution islamique a bombardé par erreur une école iranienne hier.,francais.news-pravda.com,Unclear website,Partially relevant
110,F,Le régime iranien aurait avoué que le Corps des gardiens de la révolution islamique a bombardé par erreur une école iranienne hier.,euro-synergies.hautetfort.co...,Intermediate media,
110,F,Le régime iranien aurait avoué que le Corps des gardiens de la révolution islamique a bombardé par erreur une école iranienne hier.,libnanews.com,Intermediate media,
110,F,Le régime iranien aurait avoué que le Corps des gardiens de la révolution islamique a bombardé par erreur une école iranienne hier.,numerique.banq.qc.ca,Intermediate media,
110,F,Le régime iranien aurait avoué que le Corps des gardiens de la révolution islamique a bombardé par erreur une école iranienne hier.,lopinion.com,Unclear website,Relevant
111,E,"Israeli shooter opened fire inside an Austin, Texas bar on March 1, 2026.",bbc.com,Journalistic source,
111,E,"Israeli shooter opened fire inside an Austin, Texas bar on March 1, 2026.",cbsnews.com,Journalistic source,
111,E,"Israeli shooter opened fire inside an Austin, Texas bar on March 1, 2026.",pbs.org,Intermediate media,
111,E,"Israeli shooter opened fire inside an Austin, Texas bar on March 1, 2026.",en.wikipedia.org,Intermediate media,
111,E,"Israeli shooter opened fire inside an Austin, Texas bar on March 1, 2026.",forbes.com,Journalistic source,
111,E,"Israeli shooter opened fire inside an Austin, Texas bar on March 1, 2026.",statesman.com,Journalistic source,
111,E,"Israeli shooter opened fire inside an Austin, Texas bar on March 1, 2026.",statesman.com,Journalistic source,
111,E,"Israeli shooter opened fire inside an Austin, Texas bar on March 1, 2026.",aljazeera.com,Journalistic source,
111,E,"Israeli shooter opened fire inside an Austin, Texas bar on March 1, 2026.",kxan.com,Journalistic source,
111,E,"Israeli shooter opened fire inside an Austin, Texas bar on March 1, 2026.",cbsaustin.com,Journalistic source,
111,E,"Israeli shooter opened fire inside an Austin, Texas bar on March 1, 2026.",abcnews.com,Journalistic source,
111,E,"Israeli shooter opened fire inside an Austin, Texas bar on March 1, 2026.",abcnews.com,Journalistic source,
111,E,"Israeli shooter opened fire inside an Austin, Texas bar on March 1, 2026.",cnn.com,Journalistic source,
111,E,"Israeli shooter opened fire inside an Austin, Texas bar on March 1, 2026.",cnn.com,Journalistic source,
111,E,"Israeli shooter opened fire inside an Austin, Texas bar on March 1, 2026.",abc7news.com,Journalistic source,
111,E,"Israeli shooter opened fire inside an Austin, Texas bar on March 1, 2026.",cis.org,Local organization,
111,E,"Israeli shooter opened fire inside an Austin, Texas bar on March 1, 2026.",fbi.gov,Local organization,
111,E,"Israeli shooter opened fire inside an Austin, Texas bar on March 1, 2026.",austincurrent.org,Intermediate media,
112,F,"Un tireur israélien aurait ouvert le feu dans un bar d'Austin, au Texas, le 1er mars 2026.",ledevoir.com,Journalistic source,
112,F,"Un tireur israélien aurait ouvert le feu dans un bar d'Austin, au Texas, le 1er mars 2026.",fr.wikipedia.org,Unclear website,Relevant
112,F,"Un tireur israélien aurait ouvert le feu dans un bar d'Austin, au Texas, le 1er mars 2026.",fr.wikipedia.org,Intermediate media,
112,F,"Un tireur israélien aurait ouvert le feu dans un bar d'Austin, au Texas, le 1er mars 2026.",fr.wikipedia.org,Unclear website,Relevant
112,F,"Un tireur israélien aurait ouvert le feu dans un bar d'Austin, au Texas, le 1er mars 2026.",ladepeche.fr,Journalistic source,
112,F,"Un tireur israélien aurait ouvert le feu dans un bar d'Austin, au Texas, le 1er mars 2026.",20minutes.fr,Journalistic source,
112,F,"Un tireur israélien aurait ouvert le feu dans un bar d'Austin, au Texas, le 1er mars 2026.",20minutes.fr,Journalistic source,
112,F,"Un tireur israélien aurait ouvert le feu dans un bar d'Austin, au Texas, le 1er mars 2026.",ouest-france.fr,Journalistic source,
112,F,"Un tireur israélien aurait ouvert le feu dans un bar d'Austin, au Texas, le 1er mars 2026.",noovo.info,Journalistic source,
112,F,"Un tireur israélien aurait ouvert le feu dans un bar d'Austin, au Texas, le 1er mars 2026.",tf1info.fr,Journalistic source,
112,F,"Un tireur israélien aurait ouvert le feu dans un bar d'Austin, au Texas, le 1er mars 2026.",tvanouvelles.ca,Journalistic source,
112,F,"Un tireur israélien aurait ouvert le feu dans un bar d'Austin, au Texas, le 1er mars 2026.",liberation.fr,Journalistic source,
112,F,"Un tireur israélien aurait ouvert le feu dans un bar d'Austin, au Texas, le 1er mars 2026.",humanite.fr,Journalistic source,
112,F,"Un tireur israélien aurait ouvert le feu dans un bar d'Austin, au Texas, le 1er mars 2026.",courrierinternational.c...,Intermediate media,
112,F,"Un tireur israélien aurait ouvert le feu dans un bar d'Austin, au Texas, le 1er mars 2026.",iro.umontreal.ca,Scientific source,
112,F,"Un tireur israélien aurait ouvert le feu dans un bar d'Austin, au Texas, le 1er mars 2026.",100-paroles.fr,Intermediate media,
112,F,"Un tireur israélien aurait ouvert le feu dans un bar d'Austin, au Texas, le 1er mars 2026.",huggingface.co,Unclear website,Relevant
112,F,"Un tireur israélien aurait ouvert le feu dans un bar d'Austin, au Texas, le 1er mars 2026.",svn.spraakdata.gu.se,Intermediate media,
112,F,"Un tireur israélien aurait ouvert le feu dans un bar d'Austin, au Texas, le 1er mars 2026.",linfo.re,Unclear website,Relevant
112,F,"Un tireur israélien aurait ouvert le feu dans un bar d'Austin, au Texas, le 1er mars 2026.",fr.scribd.com,Unclear website,Out of context
112,F,"Un tireur israélien aurait ouvert le feu dans un bar d'Austin, au Texas, le 1er mars 2026.",numerique.banq.qc.ca,Unclear website,Out of context
112,F,"Un tireur israélien aurait ouvert le feu dans un bar d'Austin, au Texas, le 1er mars 2026.",irsem.fr,Local organization,
112,F,"Un tireur israélien aurait ouvert le feu dans un bar d'Austin, au Texas, le 1er mars 2026.",franceinfo.fr,Journalistic source,
112,F,"Un tireur israélien aurait ouvert le feu dans un bar d'Austin, au Texas, le 1er mars 2026.",7sur7.be,Journalistic source,
112,F,"Un tireur israélien aurait ouvert le feu dans un bar d'Austin, au Texas, le 1er mars 2026.",francegenocidetutsi.org,Intermediate media,
113,E,An Instagram video shows a New York City man sculpting a car out of snow.,sciencedirect.com,Government / public institution,Out of context
113,E,An Instagram video shows a New York City man sculpting a car out of snow.,pmc.ncbi.nlm.nih.gov,Unclear website,Out of context
113,E,An Instagram video shows a New York City man sculpting a car out of snow.,pmc.ncbi.nlm.nih.gov,Unclear website,Out of context
113,E,An Instagram video shows a New York City man sculpting a car out of snow.,politifact.com,Journalistic source,
113,E,An Instagram video shows a New York City man sculpting a car out of snow.,apps.apple.com,App,
113,E,An Instagram video shows a New York City man sculpting a car out of snow.,fox5ny.com,Journalistic source,
113,E,An Instagram video shows a New York City man sculpting a car out of snow.,goodhousekeeping.com,Journalistic source,
113,E,An Instagram video shows a New York City man sculpting a car out of snow.,newmuseum.org,Unclear website,Out of context
113,E,An Instagram video shows a New York City man sculpting a car out of snow.,denverartmuseum.org,Scientific source,Out of context
113,E,An Instagram video shows a New York City man sculpting a car out of snow.,cityofwhiteplains.com,Scientific source,Out of context
113,E,An Instagram video shows a New York City man sculpting a car out of snow.,nybg.org,Intermediate media,
113,E,An Instagram video shows a New York City man sculpting a car out of snow.,confident-ai.com,Scientific source,Out of context
113,E,An Instagram video shows a New York City man sculpting a car out of snow.,uspto.gov,Unclear website,Out of context
113,E,An Instagram video shows a New York City man sculpting a car out of snow.,circleci.com,Unclear website,Out of context
113,E,An Instagram video shows a New York City man sculpting a car out of snow.,arxiv.org,Government / public institution,Out of context
113,E,An Instagram video shows a New York City man sculpting a car out of snow.,federalregister.gov,Unclear website,Out of context
113,E,An Instagram video shows a New York City man sculpting a car out of snow.,jkms.org,Government / public institution,Out of context
113,E,An Instagram video shows a New York City man sculpting a car out of snow.,learn.microsoft.com,Unclear website,Out of context
114,F,Une vidéo Instagram montrerait un homme de New York sculptant une voiture dans la neige.,tf1info.fr,Journalistic source,
114,F,Une vidéo Instagram montrerait un homme de New York sculptant une voiture dans la neige.,fr.mcny.org,Intermediate media,
114,F,Une vidéo Instagram montrerait un homme de New York sculptant une voiture dans la neige.,franceinfo.fr,Journalistic source,
114,F,Une vidéo Instagram montrerait un homme de New York sculptant une voiture dans la neige.,hellotickets.fr,Intermediate media,
114,F,Une vidéo Instagram montrerait un homme de New York sculptant une voiture dans la neige.,lostintheusa.fr,Intermediate media,
114,F,Une vidéo Instagram montrerait un homme de New York sculptant une voiture dans la neige.,maathiildee.com,Intermediate media,
114,F,Une vidéo Instagram montrerait un homme de New York sculptant une voiture dans la neige.,fr.washington.org,Intermediate media,
114,F,Une vidéo Instagram montrerait un homme de New York sculptant une voiture dans la neige.,nyctourism.com,Intermediate media,
114,F,Une vidéo Instagram montrerait un homme de New York sculptant une voiture dans la neige.,itu.int,Unclear website,Out of context
114,F,Une vidéo Instagram montrerait un homme de New York sculptant une voiture dans la neige.,we-love-new-york.com,Intermediate media,
114,F,Une vidéo Instagram montrerait un homme de New York sculptant une voiture dans la neige.,theartofthebrickexpo.com,Intermediate media,
115,E,Says Sam Page got busted calling Trump's immigration plan unrealistic.,factcheck.org,Journalistic source,
115,E,Says Sam Page got busted calling Trump's immigration plan unrealistic.,congress.gov,Local organization,
115,E,Says Sam Page got busted calling Trump's immigration plan unrealistic.,congress.gov,Local organization,
115,E,Says Sam Page got busted calling Trump's immigration plan unrealistic.,house.gov,Unclear website,Out of context
115,E,Says Sam Page got busted calling Trump's immigration plan unrealistic.,wral.com,Journalistic source,
115,E,Says Sam Page got busted calling Trump's immigration plan unrealistic.,scotusblog.com,Local organization,
115,E,Says Sam Page got busted calling Trump's immigration plan unrealistic.,scotusblog.com,Local organization,
115,E,Says Sam Page got busted calling Trump's immigration plan unrealistic.,politifact.com,Journalistic source,
115,E,Says Sam Page got busted calling Trump's immigration plan unrealistic.,nytimes.com,Journalistic source,
115,E,Says Sam Page got busted calling Trump's immigration plan unrealistic.,hrw.org,Mondial organization,
115,E,Says Sam Page got busted calling Trump's immigration plan unrealistic.,washingtonpost.com,Journalistic source,
115,E,Says Sam Page got busted calling Trump's immigration plan unrealistic.,americanimmigrationcoun...,Local organization,
115,E,Says Sam Page got busted calling Trump's immigration plan unrealistic.,aclu.org,Local organization,
115,E,Says Sam Page got busted calling Trump's immigration plan unrealistic.,americanprogress.org,Local organization,
115,E,Says Sam Page got busted calling Trump's immigration plan unrealistic.,americanprogress.org,Local organization,
115,E,Says Sam Page got busted calling Trump's immigration plan unrealistic.,wfae.org,Journalistic source,
115,E,Says Sam Page got busted calling Trump's immigration plan unrealistic.,wfae.org,Journalistic source,
115,E,Says Sam Page got busted calling Trump's immigration plan unrealistic.,ice.gov,Local organization,
115,E,Says Sam Page got busted calling Trump's immigration plan unrealistic.,federalregister.gov,Local organization,
115,E,Says Sam Page got busted calling Trump's immigration plan unrealistic.,supremecourt.gov,Local organization,
115,E,Says Sam Page got busted calling Trump's immigration plan unrealistic.,theassemblync.com,Intermediate media,
115,E,Says Sam Page got busted calling Trump's immigration plan unrealistic.,employmentlawworldview....,Intermediate media,
115,E,Says Sam Page got busted calling Trump's immigration plan unrealistic.,samhsa.gov,Local organization,
115,E,Says Sam Page got busted calling Trump's immigration plan unrealistic.,dhcs.ca.gov,Unclear website,Out of context
115,E,Says Sam Page got busted calling Trump's immigration plan unrealistic.,scharprelaw.gmu.edu,Scientific source,
115,E,Says Sam Page got busted calling Trump's immigration plan unrealistic.,amicacenter.org,Intermediate media,
115,E,Says Sam Page got busted calling Trump's immigration plan unrealistic.,sciencespo.hal.science,Scientific source,
115,E,Says Sam Page got busted calling Trump's immigration plan unrealistic.,supremecourt.gov,Unclear website,Out of context
115,E,Says Sam Page got busted calling Trump's immigration plan unrealistic.,files.simpler.grants.gov,Local organization,
115,E,Says Sam Page got busted calling Trump's immigration plan unrealistic.,federalregister.gov,Government / public institution,Out of context
116,F,Sam Page aurait été pris en flagrant délit à qualifier le plan d'immigration de Trump d'irréaliste.,ledevoir.com,Journalistic source,
116,F,Sam Page aurait été pris en flagrant délit à qualifier le plan d'immigration de Trump d'irréaliste.,translate.google.com,Intermediate media,
116,F,Sam Page aurait été pris en flagrant délit à qualifier le plan d'immigration de Trump d'irréaliste.,lemonde.fr,Journalistic source,
116,F,Sam Page aurait été pris en flagrant délit à qualifier le plan d'immigration de Trump d'irréaliste.,theses.hal.science,Scientific source,
116,F,Sam Page aurait été pris en flagrant délit à qualifier le plan d'immigration de Trump d'irréaliste.,international.canada.ca,Unclear website,Out of context
116,F,Sam Page aurait été pris en flagrant délit à qualifier le plan d'immigration de Trump d'irréaliste.,assemblee-nationale.fr,Local organization,
116,F,Sam Page aurait été pris en flagrant délit à qualifier le plan d'immigration de Trump d'irréaliste.,assemblee-nationale.fr,Local organization,
116,F,Sam Page aurait été pris en flagrant délit à qualifier le plan d'immigration de Trump d'irréaliste.,unige.ch,Scientific source,
116,F,Sam Page aurait été pris en flagrant délit à qualifier le plan d'immigration de Trump d'irréaliste.,legrandcontinent.eu,Local organization,
116,F,Sam Page aurait été pris en flagrant délit à qualifier le plan d'immigration de Trump d'irréaliste.,touteleurope.eu,Intermediate media,
116,F,Sam Page aurait été pris en flagrant délit à qualifier le plan d'immigration de Trump d'irréaliste.,fr.usembassy.gov,Unclear website,Out of context
116,F,Sam Page aurait été pris en flagrant délit à qualifier le plan d'immigration de Trump d'irréaliste.,journals.openedition.org,Scientific source,
116,F,Sam Page aurait été pris en flagrant délit à qualifier le plan d'immigration de Trump d'irréaliste.,mpra.ub.uni-muenchen.de,Scientific source,
116,F,Sam Page aurait été pris en flagrant délit à qualifier le plan d'immigration de Trump d'irréaliste.,shs.cairn.info,Scientific source,
116,F,Sam Page aurait été pris en flagrant délit à qualifier le plan d'immigration de Trump d'irréaliste.,monacodc.org,Intermediate media,
116,F,Sam Page aurait été pris en flagrant délit à qualifier le plan d'immigration de Trump d'irréaliste.,unodc.org,Mondial organization,
116,F,Sam Page aurait été pris en flagrant délit à qualifier le plan d'immigration de Trump d'irréaliste.,un.org,Unclear website,Out of context
116,F,Sam Page aurait été pris en flagrant délit à qualifier le plan d'immigration de Trump d'irréaliste.,icj-cij.org,Mondial organization,
117,E,"Image shows Puerto Vallarta, Mexico, after the death of Nemesio ""El Mencho"" Oseguera Cervantes, the leader of the Jalisco New Generation Cartel.",apnews.com,Journalistic source,
117,E,"Image shows Puerto Vallarta, Mexico, after the death of Nemesio ""El Mencho"" Oseguera Cervantes, the leader of the Jalisco New Generation Cartel.",apnews.com,Journalistic source,
117,E,"Image shows Puerto Vallarta, Mexico, after the death of Nemesio ""El Mencho"" Oseguera Cervantes, the leader of the Jalisco New Generation Cartel.",npr.org,Journalistic source,
117,E,"Image shows Puerto Vallarta, Mexico, after the death of Nemesio ""El Mencho"" Oseguera Cervantes, the leader of the Jalisco New Generation Cartel.",bbc.com,Journalistic source,
117,E,"Image shows Puerto Vallarta, Mexico, after the death of Nemesio ""El Mencho"" Oseguera Cervantes, the leader of the Jalisco New Generation Cartel.",bbc.com,Journalistic source,
117,E,"Image shows Puerto Vallarta, Mexico, after the death of Nemesio ""El Mencho"" Oseguera Cervantes, the leader of the Jalisco New Generation Cartel.",cbsnews.com,Journalistic source,
117,E,"Image shows Puerto Vallarta, Mexico, after the death of Nemesio ""El Mencho"" Oseguera Cervantes, the leader of the Jalisco New Generation Cartel.",pbs.org,Intermediate media,
117,E,"Image shows Puerto Vallarta, Mexico, after the death of Nemesio ""El Mencho"" Oseguera Cervantes, the leader of the Jalisco New Generation Cartel.",dw.com,Journalistic source,
117,E,"Image shows Puerto Vallarta, Mexico, after the death of Nemesio ""El Mencho"" Oseguera Cervantes, the leader of the Jalisco New Generation Cartel.",nytimes.com,Journalistic source,
117,E,"Image shows Puerto Vallarta, Mexico, after the death of Nemesio ""El Mencho"" Oseguera Cervantes, the leader of the Jalisco New Generation Cartel.",nbcnews.com,Journalistic source,
117,E,"Image shows Puerto Vallarta, Mexico, after the death of Nemesio ""El Mencho"" Oseguera Cervantes, the leader of the Jalisco New Generation Cartel.",statesman.com,Journalistic source,
117,E,"Image shows Puerto Vallarta, Mexico, after the death of Nemesio ""El Mencho"" Oseguera Cervantes, the leader of the Jalisco New Generation Cartel.",cnn.com,Journalistic source,
117,E,"Image shows Puerto Vallarta, Mexico, after the death of Nemesio ""El Mencho"" Oseguera Cervantes, the leader of the Jalisco New Generation Cartel.",abc7.com,Journalistic source,
117,E,"Image shows Puerto Vallarta, Mexico, after the death of Nemesio ""El Mencho"" Oseguera Cervantes, the leader of the Jalisco New Generation Cartel.",abc7.com,Journalistic source,
117,E,"Image shows Puerto Vallarta, Mexico, after the death of Nemesio ""El Mencho"" Oseguera Cervantes, the leader of the Jalisco New Generation Cartel.",abc7news.com,Journalistic source,
117,E,"Image shows Puerto Vallarta, Mexico, after the death of Nemesio ""El Mencho"" Oseguera Cervantes, the leader of the Jalisco New Generation Cartel.",abc7news.com,Journalistic source,
117,E,"Image shows Puerto Vallarta, Mexico, after the death of Nemesio ""El Mencho"" Oseguera Cervantes, the leader of the Jalisco New Generation Cartel.",abc7news.com,Journalistic source,
117,E,"Image shows Puerto Vallarta, Mexico, after the death of Nemesio ""El Mencho"" Oseguera Cervantes, the leader of the Jalisco New Generation Cartel.",livenowfox.com,Social media,
117,E,"Image shows Puerto Vallarta, Mexico, after the death of Nemesio ""El Mencho"" Oseguera Cervantes, the leader of the Jalisco New Generation Cartel.",lataco.com,Intermediate media,
117,E,"Image shows Puerto Vallarta, Mexico, after the death of Nemesio ""El Mencho"" Oseguera Cervantes, the leader of the Jalisco New Generation Cartel.",solaceglobal.com,Intermediate media,
117,E,"Image shows Puerto Vallarta, Mexico, after the death of Nemesio ""El Mencho"" Oseguera Cervantes, the leader of the Jalisco New Generation Cartel.",quorumreport.com,Government / public institution,Out of context
117,E,"Image shows Puerto Vallarta, Mexico, after the death of Nemesio ""El Mencho"" Oseguera Cervantes, the leader of the Jalisco New Generation Cartel.",theses.hal.science,Scientific source,
117,E,"Image shows Puerto Vallarta, Mexico, after the death of Nemesio ""El Mencho"" Oseguera Cervantes, the leader of the Jalisco New Generation Cartel.",justiceinmexico.org,Intermediate media,
117,E,"Image shows Puerto Vallarta, Mexico, after the death of Nemesio ""El Mencho"" Oseguera Cervantes, the leader of the Jalisco New Generation Cartel.",justiceinmexico.org,Intermediate media,
118,F,"Une image montrerait Puerto Vallarta, au Mexique, après la mort de Nemesio « El Mencho » Oseguera Cervantes, chef du cartel Jalisco Nouvelle Génération.",factuel.afp.com,Journalistic source,
118,F,"Une image montrerait Puerto Vallarta, au Mexique, après la mort de Nemesio « El Mencho » Oseguera Cervantes, chef du cartel Jalisco Nouvelle Génération.",bbc.com,Journalistic source,
118,F,"Une image montrerait Puerto Vallarta, au Mexique, après la mort de Nemesio « El Mencho » Oseguera Cervantes, chef du cartel Jalisco Nouvelle Génération.",france24.com,Journalistic source,
118,F,"Une image montrerait Puerto Vallarta, au Mexique, après la mort de Nemesio « El Mencho » Oseguera Cervantes, chef du cartel Jalisco Nouvelle Génération.",france24.com,Journalistic source,
118,F,"Une image montrerait Puerto Vallarta, au Mexique, après la mort de Nemesio « El Mencho » Oseguera Cervantes, chef du cartel Jalisco Nouvelle Génération.",ledevoir.com,Journalistic source,
118,F,"Une image montrerait Puerto Vallarta, au Mexique, après la mort de Nemesio « El Mencho » Oseguera Cervantes, chef du cartel Jalisco Nouvelle Génération.",fr.wikipedia.org,Intermediate media,
118,F,"Une image montrerait Puerto Vallarta, au Mexique, après la mort de Nemesio « El Mencho » Oseguera Cervantes, chef du cartel Jalisco Nouvelle Génération.",fr.euronews.com,Journalistic source,
118,F,"Une image montrerait Puerto Vallarta, au Mexique, après la mort de Nemesio « El Mencho » Oseguera Cervantes, chef du cartel Jalisco Nouvelle Génération.",mediapart.fr,Journalistic source,
118,F,"Une image montrerait Puerto Vallarta, au Mexique, après la mort de Nemesio « El Mencho » Oseguera Cervantes, chef du cartel Jalisco Nouvelle Génération.",ici.radio-canada.ca,Local organization,
118,F,"Une image montrerait Puerto Vallarta, au Mexique, après la mort de Nemesio « El Mencho » Oseguera Cervantes, chef du cartel Jalisco Nouvelle Génération.",noovo.info,Journalistic source,
118,F,"Une image montrerait Puerto Vallarta, au Mexique, après la mort de Nemesio « El Mencho » Oseguera Cervantes, chef du cartel Jalisco Nouvelle Génération.",noovo.info,Journalistic source,
118,F,"Une image montrerait Puerto Vallarta, au Mexique, après la mort de Nemesio « El Mencho » Oseguera Cervantes, chef du cartel Jalisco Nouvelle Génération.",rfi.fr,Journalistic source,
118,F,"Une image montrerait Puerto Vallarta, au Mexique, après la mort de Nemesio « El Mencho » Oseguera Cervantes, chef du cartel Jalisco Nouvelle Génération.",lemonde.fr,Journalistic source,
118,F,"Une image montrerait Puerto Vallarta, au Mexique, après la mort de Nemesio « El Mencho » Oseguera Cervantes, chef du cartel Jalisco Nouvelle Génération.",travelpulsequebec.ca,Intermediate media,
119,E,"After U.S. vessel strikes in the Caribbean Sea and Pacific Ocean, drugs entering our country by sea are down 97%.",factcheck.org,Journalistic source,
119,E,"After U.S. vessel strikes in the Caribbean Sea and Pacific Ocean, drugs entering our country by sea are down 97%.",csis.org,Local organization,
119,E,"After U.S. vessel strikes in the Caribbean Sea and Pacific Ocean, drugs entering our country by sea are down 97%.",congress.gov,Local organization,
119,E,"After U.S. vessel strikes in the Caribbean Sea and Pacific Ocean, drugs entering our country by sea are down 97%.",congress.gov,Local organization,
119,E,"After U.S. vessel strikes in the Caribbean Sea and Pacific Ocean, drugs entering our country by sea are down 97%.",congress.gov,Local organization,
119,E,"After U.S. vessel strikes in the Caribbean Sea and Pacific Ocean, drugs entering our country by sea are down 97%.",oversight.house.gov,Local organization,
119,E,"After U.S. vessel strikes in the Caribbean Sea and Pacific Ocean, drugs entering our country by sea are down 97%.",docs.house.gov,International organization,Out of context
119,E,"After U.S. vessel strikes in the Caribbean Sea and Pacific Ocean, drugs entering our country by sea are down 97%.",homeland.house.gov,Unclear website,Out of context
119,E,"After U.S. vessel strikes in the Caribbean Sea and Pacific Ocean, drugs entering our country by sea are down 97%.",pmc.ncbi.nlm.nih.gov,Scientific source,
119,E,"After U.S. vessel strikes in the Caribbean Sea and Pacific Ocean, drugs entering our country by sea are down 97%.",gao.gov,Local organization,
119,E,"After U.S. vessel strikes in the Caribbean Sea and Pacific Ocean, drugs entering our country by sea are down 97%.",files.gao.gov,Local organization,
119,E,"After U.S. vessel strikes in the Caribbean Sea and Pacific Ocean, drugs entering our country by sea are down 97%.",gao.gov,Local organization,
119,E,"After U.S. vessel strikes in the Caribbean Sea and Pacific Ocean, drugs entering our country by sea are down 97%.",files.gao.gov,Local organization,
119,E,"After U.S. vessel strikes in the Caribbean Sea and Pacific Ocean, drugs entering our country by sea are down 97%.",gao.gov,Local organization,
119,E,"After U.S. vessel strikes in the Caribbean Sea and Pacific Ocean, drugs entering our country by sea are down 97%.",gao.gov,Unclear website,Out of context
119,E,"After U.S. vessel strikes in the Caribbean Sea and Pacific Ocean, drugs entering our country by sea are down 97%.",gao.gov,Local organization,
119,E,"After U.S. vessel strikes in the Caribbean Sea and Pacific Ocean, drugs entering our country by sea are down 97%.",pbs.org,Intermediate media,
119,E,"After U.S. vessel strikes in the Caribbean Sea and Pacific Ocean, drugs entering our country by sea are down 97%.",aljazeera.com,Journalistic source,
119,E,"After U.S. vessel strikes in the Caribbean Sea and Pacific Ocean, drugs entering our country by sea are down 97%.",whitehouse.gov,Unclear website,Out of context
119,E,"After U.S. vessel strikes in the Caribbean Sea and Pacific Ocean, drugs entering our country by sea are down 97%.",americanprogress.org,Local organization,
119,E,"After U.S. vessel strikes in the Caribbean Sea and Pacific Ocean, drugs entering our country by sea are down 97%.",uscg.mil,Unclear website,Out of context
119,E,"After U.S. vessel strikes in the Caribbean Sea and Pacific Ocean, drugs entering our country by sea are down 97%.",state.gov,Local organization,
119,E,"After U.S. vessel strikes in the Caribbean Sea and Pacific Ocean, drugs entering our country by sea are down 97%.",uscg.mil,Intermediate media,
119,E,"After U.S. vessel strikes in the Caribbean Sea and Pacific Ocean, drugs entering our country by sea are down 97%.",state.gov,Local organization,
119,E,"After U.S. vessel strikes in the Caribbean Sea and Pacific Ocean, drugs entering our country by sea are down 97%.",wola.org,Local organization,
119,E,"After U.S. vessel strikes in the Caribbean Sea and Pacific Ocean, drugs entering our country by sea are down 97%.",oig.dhs.gov,Local organization,
119,E,"After U.S. vessel strikes in the Caribbean Sea and Pacific Ocean, drugs entering our country by sea are down 97%.",2009-2017.state.gov,Local organization,
119,E,"After U.S. vessel strikes in the Caribbean Sea and Pacific Ocean, drugs entering our country by sea are down 97%.",comptroller.war.gov,Unclear website,Out of context
119,E,"After U.S. vessel strikes in the Caribbean Sea and Pacific Ocean, drugs entering our country by sea are down 97%.",obamawhitehouse.archives.go...,Intermediate media,
119,E,"After U.S. vessel strikes in the Caribbean Sea and Pacific Ocean, drugs entering our country by sea are down 97%.",unodc.org,Scientific source,Out of context
119,E,"After U.S. vessel strikes in the Caribbean Sea and Pacific Ocean, drugs entering our country by sea are down 97%.",dhs.gov,Unclear website,Out of context
119,E,"After U.S. vessel strikes in the Caribbean Sea and Pacific Ocean, drugs entering our country by sea are down 97%.",governor.sc.gov,Unclear website,Out of context
119,E,"After U.S. vessel strikes in the Caribbean Sea and Pacific Ocean, drugs entering our country by sea are down 97%.",cbp.gov,Local organization,
119,E,"After U.S. vessel strikes in the Caribbean Sea and Pacific Ocean, drugs entering our country by sea are down 97%.",news.uscg.mil,Intermediate media,
119,E,"After U.S. vessel strikes in the Caribbean Sea and Pacific Ocean, drugs entering our country by sea are down 97%.",news.uscg.mil,Intermediate media,
119,E,"After U.S. vessel strikes in the Caribbean Sea and Pacific Ocean, drugs entering our country by sea are down 97%.",usni.org,Journalistic source,
119,E,"After U.S. vessel strikes in the Caribbean Sea and Pacific Ocean, drugs entering our country by sea are down 97%.",wola.org,Local organization,
120,F,"Après les frappes de navires américains dans la mer des Caraïbes et l'océan Pacifique, l'entrée de drogue par voie maritime aurait chuté de 97 %.",theconversation.com,Intermediate media,
120,F,"Après les frappes de navires américains dans la mer des Caraïbes et l'océan Pacifique, l'entrée de drogue par voie maritime aurait chuté de 97 %.",bbc.com,Journalistic source,
120,F,"Après les frappes de navires américains dans la mer des Caraïbes et l'océan Pacifique, l'entrée de drogue par voie maritime aurait chuté de 97 %.",hrw.org,Mondial organization,
120,F,"Après les frappes de navires américains dans la mer des Caraïbes et l'océan Pacifique, l'entrée de drogue par voie maritime aurait chuté de 97 %.",fr.wikipedia.org,Intermediate media,
120,F,"Après les frappes de navires américains dans la mer des Caraïbes et l'océan Pacifique, l'entrée de drogue par voie maritime aurait chuté de 97 %.",lapresse.ca,Journalistic source,
120,F,"Après les frappes de navires américains dans la mer des Caraïbes et l'océan Pacifique, l'entrée de drogue par voie maritime aurait chuté de 97 %.",mediapart.fr,Journalistic source,
120,F,"Après les frappes de navires américains dans la mer des Caraïbes et l'océan Pacifique, l'entrée de drogue par voie maritime aurait chuté de 97 %.",20min.ch,Journalistic source,
120,F,"Après les frappes de navires américains dans la mer des Caraïbes et l'océan Pacifique, l'entrée de drogue par voie maritime aurait chuté de 97 %.",ici.radio-canada.ca,Local organization,
120,F,"Après les frappes de navires américains dans la mer des Caraïbes et l'océan Pacifique, l'entrée de drogue par voie maritime aurait chuté de 97 %.",ici.radio-canada.ca,Local organization,
120,F,"Après les frappes de navires américains dans la mer des Caraïbes et l'océan Pacifique, l'entrée de drogue par voie maritime aurait chuté de 97 %.",unis.unvienna.org,Intermediate media,
120,F,"Après les frappes de navires américains dans la mer des Caraïbes et l'océan Pacifique, l'entrée de drogue par voie maritime aurait chuté de 97 %.",senat.fr,Local organization,
120,F,"Après les frappes de navires américains dans la mer des Caraïbes et l'océan Pacifique, l'entrée de drogue par voie maritime aurait chuté de 97 %.",cnes.fr,Intermediate media,
120,F,"Après les frappes de navires américains dans la mer des Caraïbes et l'océan Pacifique, l'entrée de drogue par voie maritime aurait chuté de 97 %.",incb.org,Intermediate media,
120,F,"Après les frappes de navires américains dans la mer des Caraïbes et l'océan Pacifique, l'entrée de drogue par voie maritime aurait chuté de 97 %.",enhancedif.org,International organization,Out of context
120,F,"Après les frappes de navires américains dans la mer des Caraïbes et l'océan Pacifique, l'entrée de drogue par voie maritime aurait chuté de 97 %.",unodc.org,Mondial organization,
120,F,"Après les frappes de navires américains dans la mer des Caraïbes et l'océan Pacifique, l'entrée de drogue par voie maritime aurait chuté de 97 %.",senat.fr,Local organization,
120,F,"Après les frappes de navires américains dans la mer des Caraïbes et l'océan Pacifique, l'entrée de drogue par voie maritime aurait chuté de 97 %.",wcoomd.org,Mondial organization,
120,F,"Après les frappes de navires américains dans la mer des Caraïbes et l'océan Pacifique, l'entrée de drogue par voie maritime aurait chuté de 97 %.",incb.org,Intermediate media,
120,F,"Après les frappes de navires américains dans la mer des Caraïbes et l'océan Pacifique, l'entrée de drogue par voie maritime aurait chuté de 97 %.",theses.hal.science,Scientific source,
120,F,"Après les frappes de navires américains dans la mer des Caraïbes et l'océan Pacifique, l'entrée de drogue par voie maritime aurait chuté de 97 %.",unodc.org,Mondial organization,
120,F,"Après les frappes de navires américains dans la mer des Caraïbes et l'océan Pacifique, l'entrée de drogue par voie maritime aurait chuté de 97 %.",iucn.org,Scientific source,Out of context
120,F,"Après les frappes de navires américains dans la mer des Caraïbes et l'océan Pacifique, l'entrée de drogue par voie maritime aurait chuté de 97 %.",news.un.org,Mondial organization,
121,E,"Image shows Puerto Vallarta, Mexico, after the killing of Nemesio El Mencho Oseguera Cervantes, the head of Jalisco New Generation Cartel.",reuters.com,Journalistic source,
121,E,"Image shows Puerto Vallarta, Mexico, after the killing of Nemesio El Mencho Oseguera Cervantes, the head of Jalisco New Generation Cartel.",reuters.com,Journalistic source,
121,E,"Image shows Puerto Vallarta, Mexico, after the killing of Nemesio El Mencho Oseguera Cervantes, the head of Jalisco New Generation Cartel.",apnews.com,Journalistic source,
121,E,"Image shows Puerto Vallarta, Mexico, after the killing of Nemesio El Mencho Oseguera Cervantes, the head of Jalisco New Generation Cartel.",npr.org,Journalistic source,
121,E,"Image shows Puerto Vallarta, Mexico, after the killing of Nemesio El Mencho Oseguera Cervantes, the head of Jalisco New Generation Cartel.",npr.org,Journalistic source,
121,E,"Image shows Puerto Vallarta, Mexico, after the killing of Nemesio El Mencho Oseguera Cervantes, the head of Jalisco New Generation Cartel.",theconversation.com,Intermediate media,
121,E,"Image shows Puerto Vallarta, Mexico, after the killing of Nemesio El Mencho Oseguera Cervantes, the head of Jalisco New Generation Cartel.",abc7chicago.com,Journalistic source,
121,E,"Image shows Puerto Vallarta, Mexico, after the killing of Nemesio El Mencho Oseguera Cervantes, the head of Jalisco New Generation Cartel.",snopes.com,Journalistic source,
121,E,"Image shows Puerto Vallarta, Mexico, after the killing of Nemesio El Mencho Oseguera Cervantes, the head of Jalisco New Generation Cartel.",axios.com,Intermediate media,
121,E,"Image shows Puerto Vallarta, Mexico, after the killing of Nemesio El Mencho Oseguera Cervantes, the head of Jalisco New Generation Cartel.",bbc.com,Journalistic source,
121,E,"Image shows Puerto Vallarta, Mexico, after the killing of Nemesio El Mencho Oseguera Cervantes, the head of Jalisco New Generation Cartel.",bbc.com,Journalistic source,
121,E,"Image shows Puerto Vallarta, Mexico, after the killing of Nemesio El Mencho Oseguera Cervantes, the head of Jalisco New Generation Cartel.",pbs.org,Intermediate media,
121,E,"Image shows Puerto Vallarta, Mexico, after the killing of Nemesio El Mencho Oseguera Cervantes, the head of Jalisco New Generation Cartel.",abc7ny.com,Journalistic source,
121,E,"Image shows Puerto Vallarta, Mexico, after the killing of Nemesio El Mencho Oseguera Cervantes, the head of Jalisco New Generation Cartel.",newsweek.com,Journalistic source,
121,E,"Image shows Puerto Vallarta, Mexico, after the killing of Nemesio El Mencho Oseguera Cervantes, the head of Jalisco New Generation Cartel.",cbc.ca,Journalistic source,
121,E,"Image shows Puerto Vallarta, Mexico, after the killing of Nemesio El Mencho Oseguera Cervantes, the head of Jalisco New Generation Cartel.",cbc.ca,Journalistic source,
121,E,"Image shows Puerto Vallarta, Mexico, after the killing of Nemesio El Mencho Oseguera Cervantes, the head of Jalisco New Generation Cartel.",statesman.com,Journalistic source,
121,E,"Image shows Puerto Vallarta, Mexico, after the killing of Nemesio El Mencho Oseguera Cervantes, the head of Jalisco New Generation Cartel.",aljazeera.com,Journalistic source,
121,E,"Image shows Puerto Vallarta, Mexico, after the killing of Nemesio El Mencho Oseguera Cervantes, the head of Jalisco New Generation Cartel.",theguardian.com,Journalistic source,
121,E,"Image shows Puerto Vallarta, Mexico, after the killing of Nemesio El Mencho Oseguera Cervantes, the head of Jalisco New Generation Cartel.",foxcarolina.com,Journalistic source,
121,E,"Image shows Puerto Vallarta, Mexico, after the killing of Nemesio El Mencho Oseguera Cervantes, the head of Jalisco New Generation Cartel.",cnn.com,Journalistic source,
121,E,"Image shows Puerto Vallarta, Mexico, after the killing of Nemesio El Mencho Oseguera Cervantes, the head of Jalisco New Generation Cartel.",abc7news.com,Journalistic source,
121,E,"Image shows Puerto Vallarta, Mexico, after the killing of Nemesio El Mencho Oseguera Cervantes, the head of Jalisco New Generation Cartel.",abc7news.com,Journalistic source,
121,E,"Image shows Puerto Vallarta, Mexico, after the killing of Nemesio El Mencho Oseguera Cervantes, the head of Jalisco New Generation Cartel.",abc7news.com,Journalistic source,
122,F,"Une image montrerait Puerto Vallarta, au Mexique, après la mort de Nemesio « El Mencho » Oseguera Cervantes, chef du cartel Jalisco Nouvelle Génération.",bbc.com,Journalistic source,
122,F,"Une image montrerait Puerto Vallarta, au Mexique, après la mort de Nemesio « El Mencho » Oseguera Cervantes, chef du cartel Jalisco Nouvelle Génération.",france24.com,Journalistic source,
122,F,"Une image montrerait Puerto Vallarta, au Mexique, après la mort de Nemesio « El Mencho » Oseguera Cervantes, chef du cartel Jalisco Nouvelle Génération.",ledevoir.com,Journalistic source,
122,F,"Une image montrerait Puerto Vallarta, au Mexique, après la mort de Nemesio « El Mencho » Oseguera Cervantes, chef du cartel Jalisco Nouvelle Génération.",ledevoir.com,Journalistic source,
122,F,"Une image montrerait Puerto Vallarta, au Mexique, après la mort de Nemesio « El Mencho » Oseguera Cervantes, chef du cartel Jalisco Nouvelle Génération.",fr.euronews.com,Journalistic source,
122,F,"Une image montrerait Puerto Vallarta, au Mexique, après la mort de Nemesio « El Mencho » Oseguera Cervantes, chef du cartel Jalisco Nouvelle Génération.",fr.euronews.com,Journalistic source,
122,F,"Une image montrerait Puerto Vallarta, au Mexique, après la mort de Nemesio « El Mencho » Oseguera Cervantes, chef du cartel Jalisco Nouvelle Génération.",ici.radio-canada.ca,Local organization,
122,F,"Une image montrerait Puerto Vallarta, au Mexique, après la mort de Nemesio « El Mencho » Oseguera Cervantes, chef du cartel Jalisco Nouvelle Génération.",ici.radio-canada.ca,Local organization,
122,F,"Une image montrerait Puerto Vallarta, au Mexique, après la mort de Nemesio « El Mencho » Oseguera Cervantes, chef du cartel Jalisco Nouvelle Génération.",ouest-france.fr,Journalistic source,
122,F,"Une image montrerait Puerto Vallarta, au Mexique, après la mort de Nemesio « El Mencho » Oseguera Cervantes, chef du cartel Jalisco Nouvelle Génération.",leparisien.fr,Journalistic source,
122,F,"Une image montrerait Puerto Vallarta, au Mexique, après la mort de Nemesio « El Mencho » Oseguera Cervantes, chef du cartel Jalisco Nouvelle Génération.",noovo.info,Journalistic source,
122,F,"Une image montrerait Puerto Vallarta, au Mexique, après la mort de Nemesio « El Mencho » Oseguera Cervantes, chef du cartel Jalisco Nouvelle Génération.",noovo.info,Journalistic source,
122,F,"Une image montrerait Puerto Vallarta, au Mexique, après la mort de Nemesio « El Mencho » Oseguera Cervantes, chef du cartel Jalisco Nouvelle Génération.",noovo.info,Journalistic source,
122,F,"Une image montrerait Puerto Vallarta, au Mexique, après la mort de Nemesio « El Mencho » Oseguera Cervantes, chef du cartel Jalisco Nouvelle Génération.",lemonde.fr,Journalistic source,
122,F,"Une image montrerait Puerto Vallarta, au Mexique, après la mort de Nemesio « El Mencho » Oseguera Cervantes, chef du cartel Jalisco Nouvelle Génération.",985fm.ca,Journalistic source,
123,E,Says 90% of health care spending treats chronic disease.,cdc.gov,Local organization,
123,E,Says 90% of health care spending treats chronic disease.,cdc.gov,Local organization,
123,E,Says 90% of health care spending treats chronic disease.,cdc.gov,Local organization,
123,E,Says 90% of health care spending treats chronic disease.,cdc.gov,Local organization,
123,E,Says 90% of health care spending treats chronic disease.,sciencedirect.com,Scientific source,
123,E,Says 90% of health care spending treats chronic disease.,pmc.ncbi.nlm.nih.gov,Scientific source,
123,E,Says 90% of health care spending treats chronic disease.,pmc.ncbi.nlm.nih.gov,Scientific source,
123,E,Says 90% of health care spending treats chronic disease.,pmc.ncbi.nlm.nih.gov,Scientific source,
123,E,Says 90% of health care spending treats chronic disease.,pmc.ncbi.nlm.nih.gov,Scientific source,
123,E,Says 90% of health care spending treats chronic disease.,ncbi.nlm.nih.gov,Scientific source,
123,E,Says 90% of health care spending treats chronic disease.,kff.org,Local organization,
123,E,Says 90% of health care spending treats chronic disease.,who.int,Mondial organization,
123,E,Says 90% of health care spending treats chronic disease.,commonwealthfund.org,Local organization,
123,E,Says 90% of health care spending treats chronic disease.,commonwealthfund.org,Local organization,
123,E,Says 90% of health care spending treats chronic disease.,americanactionforum.org...,Local organization,
123,E,Says 90% of health care spending treats chronic disease.,jmcp.org,Intermediate media,
123,E,Says 90% of health care spending treats chronic disease.,tuftsfoodismedicine.org,Intermediate media,
123,E,Says 90% of health care spending treats chronic disease.,shadac.org,Intermediate media,
123,E,Says 90% of health care spending treats chronic disease.,milbank.org,Intermediate media,
123,E,Says 90% of health care spending treats chronic disease.,aha.org,Intermediate media,
123,E,Says 90% of health care spending treats chronic disease.,cms.gov,Local organization,
123,E,Says 90% of health care spending treats chronic disease.,cms.gov,Local organization,
123,E,Says 90% of health care spending treats chronic disease.,ahajournals.org,Scientific source,
124,F,90 % des dépenses de santé serviraient à traiter des maladies chroniques.,pmc.ncbi.nlm.nih.gov,Scientific source,
124,F,91 % des dépenses de santé serviraient à traiter des maladies chroniques.,aho.afro.who.int,Mondial organization,
124,F,92 % des dépenses de santé serviraient à traiter des maladies chroniques.,afro.who.int,Mondial organization,
124,F,93 % des dépenses de santé serviraient à traiter des maladies chroniques.,iris.who.int,Mondial organization,
124,F,94 % des dépenses de santé serviraient à traiter des maladies chroniques.,extranet.who.int,Mondial organization,
124,F,95 % des dépenses de santé serviraient à traiter des maladies chroniques.,who.int,Scientific source,Out of context
124,F,96 % des dépenses de santé serviraient à traiter des maladies chroniques.,iris.who.int,Mondial organization,
124,F,97 % des dépenses de santé serviraient à traiter des maladies chroniques.,extranet.who.int,Mondial organization,
124,F,98 % des dépenses de santé serviraient à traiter des maladies chroniques.,iris.who.int,Mondial organization,
124,F,99 % des dépenses de santé serviraient à traiter des maladies chroniques.,iris.who.int,Mondial organization,
124,F,100 % des dépenses de santé serviraient à traiter des maladies chroniques.,cdn.who.int,Mondial organization,
124,F,101 % des dépenses de santé serviraient à traiter des maladies chroniques.,apps.who.int,Mondial organization,
124,F,102 % des dépenses de santé serviraient à traiter des maladies chroniques.,who.int,Mondial organization,
124,F,103 % des dépenses de santé serviraient à traiter des maladies chroniques.,unhcr.org,Mondial organization,
124,F,104 % des dépenses de santé serviraient à traiter des maladies chroniques.,iccp-portal.org,Intermediate media,
124,F,105 % des dépenses de santé serviraient à traiter des maladies chroniques.,oecd.org,Mondial organization,
124,F,106 % des dépenses de santé serviraient à traiter des maladies chroniques.,issa.int,Mondial organization,
124,F,107 % des dépenses de santé serviraient à traiter des maladies chroniques.,iccp-portal.org,Intermediate media,
124,F,108 % des dépenses de santé serviraient à traiter des maladies chroniques.,documents1.worldbank.org,Mondial organization,
124,F,109 % des dépenses de santé serviraient à traiter des maladies chroniques.,globalnutritionreport.org,Intermediate media,Out of context
124,F,110 % des dépenses de santé serviraient à traiter des maladies chroniques.,fip.org,Intermediate media,
124,F,111 % des dépenses de santé serviraient à traiter des maladies chroniques.,oecd.org,Mondial organization,
124,F,112 % des dépenses de santé serviraient à traiter des maladies chroniques.,theses.hal.science,Scientific source,
124,F,113 % des dépenses de santé serviraient à traiter des maladies chroniques.,endocrine.org,Intermediate media,
124,F,114 % des dépenses de santé serviraient à traiter des maladies chroniques.,iccp-portal.org,Intermediate media,
124,F,115 % des dépenses de santé serviraient à traiter des maladies chroniques.,afenet-journal.org,Intermediate media,
124,F,116 % des dépenses de santé serviraient à traiter des maladies chroniques.,iccp-portal.org,Intermediate media,
124,F,117 % des dépenses de santé serviraient à traiter des maladies chroniques.,oecd.org,Mondial organization,
124,F,118 % des dépenses de santé serviraient à traiter des maladies chroniques.,unstats.un.org,Mondial organization,
124,F,119 % des dépenses de santé serviraient à traiter des maladies chroniques.,ilo.org,Mondial organization,
124,F,120 % des dépenses de santé serviraient à traiter des maladies chroniques.,undp.org,Intermediate media,Out of context
124,F,121 % des dépenses de santé serviraient à traiter des maladies chroniques.,agenda-2030.fr,Intermediate media,
124,F,122 % des dépenses de santé serviraient à traiter des maladies chroniques.,documents1.worldbank.org,Mondial organization,
124,F,123 % des dépenses de santé serviraient à traiter des maladies chroniques.,unstats.un.org,Journalistic source,Relevant
124,F,124 % des dépenses de santé serviraient à traiter des maladies chroniques.,iccp-portal.org,Intermediate media,
124,F,125 % des dépenses de santé serviraient à traiter des maladies chroniques.,thoracic.org,Intermediate media,
124,F,126 % des dépenses de santé serviraient à traiter des maladies chroniques.,iccp-portal.org,Intermediate media,
125,E,"Savannah Guthrie's husband's company is listed as a co conspirator in the Epstein files, in case you're wondering why now of all times for her mother to be kidnapped.",npr.org,Journalistic source,
125,E,"Savannah Guthrie's husband's company is listed as a co conspirator in the Epstein files, in case you're wondering why now of all times for her mother to be kidnapped.",npr.org,Journalistic source,
125,E,"Savannah Guthrie's husband's company is listed as a co conspirator in the Epstein files, in case you're wondering why now of all times for her mother to be kidnapped.",npr.org,Journalistic source,
125,E,"Savannah Guthrie's husband's company is listed as a co conspirator in the Epstein files, in case you're wondering why now of all times for her mother to be kidnapped.",snopes.com,Journalistic source,
125,E,"Savannah Guthrie's husband's company is listed as a co conspirator in the Epstein files, in case you're wondering why now of all times for her mother to be kidnapped.",khanna.house.gov,Local organization,
125,E,"Savannah Guthrie's husband's company is listed as a co conspirator in the Epstein files, in case you're wondering why now of all times for her mother to be kidnapped.",axios.com,Intermediate media,
125,E,"Savannah Guthrie's husband's company is listed as a co conspirator in the Epstein files, in case you're wondering why now of all times for her mother to be kidnapped.",bbc.com,Journalistic source,
125,E,"Savannah Guthrie's husband's company is listed as a co conspirator in the Epstein files, in case you're wondering why now of all times for her mother to be kidnapped.",cbsnews.com,Journalistic source,
125,E,"Savannah Guthrie's husband's company is listed as a co conspirator in the Epstein files, in case you're wondering why now of all times for her mother to be kidnapped.",wral.com,Journalistic source,
125,E,"Savannah Guthrie's husband's company is listed as a co conspirator in the Epstein files, in case you're wondering why now of all times for her mother to be kidnapped.",wral.com,Journalistic source,
125,E,"Savannah Guthrie's husband's company is listed as a co conspirator in the Epstein files, in case you're wondering why now of all times for her mother to be kidnapped.",pbs.org,Intermediate media,
125,E,"Savannah Guthrie's husband's company is listed as a co conspirator in the Epstein files, in case you're wondering why now of all times for her mother to be kidnapped.",pbs.org,Intermediate media,
125,E,"Savannah Guthrie's husband's company is listed as a co conspirator in the Epstein files, in case you're wondering why now of all times for her mother to be kidnapped.",pbs.org,Intermediate media,
125,E,"Savannah Guthrie's husband's company is listed as a co conspirator in the Epstein files, in case you're wondering why now of all times for her mother to be kidnapped.",pbs.org,Intermediate media,
125,E,"Savannah Guthrie's husband's company is listed as a co conspirator in the Epstein files, in case you're wondering why now of all times for her mother to be kidnapped.",politifact.com,Journalistic source,
125,E,"Savannah Guthrie's husband's company is listed as a co conspirator in the Epstein files, in case you're wondering why now of all times for her mother to be kidnapped.",politifact.com,Journalistic source,
125,E,"Savannah Guthrie's husband's company is listed as a co conspirator in the Epstein files, in case you're wondering why now of all times for her mother to be kidnapped.",politico.com,Journalistic source,
125,E,"Savannah Guthrie's husband's company is listed as a co conspirator in the Epstein files, in case you're wondering why now of all times for her mother to be kidnapped.",nbcnews.com,Journalistic source,
125,E,"Savannah Guthrie's husband's company is listed as a co conspirator in the Epstein files, in case you're wondering why now of all times for her mother to be kidnapped.",spectrumnews1.com,Journalistic source,
125,E,"Savannah Guthrie's husband's company is listed as a co conspirator in the Epstein files, in case you're wondering why now of all times for her mother to be kidnapped.",hindustantimes.com,Journalistic source,
125,E,"Savannah Guthrie's husband's company is listed as a co conspirator in the Epstein files, in case you're wondering why now of all times for her mother to be kidnapped.",abcnews.com,Journalistic source,
125,E,"Savannah Guthrie's husband's company is listed as a co conspirator in the Epstein files, in case you're wondering why now of all times for her mother to be kidnapped.",abcnews.com,Journalistic source,
125,E,"Savannah Guthrie's husband's company is listed as a co conspirator in the Epstein files, in case you're wondering why now of all times for her mother to be kidnapped.",cnn.com,Journalistic source,
125,E,"Savannah Guthrie's husband's company is listed as a co conspirator in the Epstein files, in case you're wondering why now of all times for her mother to be kidnapped.",nmdoj.gov,Local organization,
125,E,"Savannah Guthrie's husband's company is listed as a co conspirator in the Epstein files, in case you're wondering why now of all times for her mother to be kidnapped.",dallasrapecrisis.org,Intermediate media,
125,E,"Savannah Guthrie's husband's company is listed as a co conspirator in the Epstein files, in case you're wondering why now of all times for her mother to be kidnapped.",newsguardrealitycheck.c...,Intermediate media,
126,F,"L'entreprise du mari de Savannah Guthrie serait citée comme « co-conspirateur » dans les dossiers Epstein, ce qui expliquerait pourquoi sa mère aurait été « kidnappée » précisément maintenant.",onscreen.fr,Intermediate media,
126,F,"L'entreprise du mari de Savannah Guthrie serait citée comme « co-conspirateur » dans les dossiers Epstein, ce qui expliquerait pourquoi sa mère aurait été « kidnappée » précisément maintenant.",svn.spraakdata.gu.se,Journalistic source,Partially relevant
126,F,"L'entreprise du mari de Savannah Guthrie serait citée comme « co-conspirateur » dans les dossiers Epstein, ce qui expliquerait pourquoi sa mère aurait été « kidnappée » précisément maintenant.",numerique.banq.qc.ca,Journalistic source,Partially relevant
126,F,"L'entreprise du mari de Savannah Guthrie serait citée comme « co-conspirateur » dans les dossiers Epstein, ce qui expliquerait pourquoi sa mère aurait été « kidnappée » précisément maintenant.",archimer.ifremer.fr,Journalistic source,Partially relevant
126,F,"L'entreprise du mari de Savannah Guthrie serait citée comme « co-conspirateur » dans les dossiers Epstein, ce qui expliquerait pourquoi sa mère aurait été « kidnappée » précisément maintenant.",academia.edu,Journalistic source,Partially relevant
126,F,"L'entreprise du mari de Savannah Guthrie serait citée comme « co-conspirateur » dans les dossiers Epstein, ce qui expliquerait pourquoi sa mère aurait été « kidnappée » précisément maintenant.",fr.scribd.com,Journalistic source,Partially relevant
126,F,"L'entreprise du mari de Savannah Guthrie serait citée comme « co-conspirateur » dans les dossiers Epstein, ce qui expliquerait pourquoi sa mère aurait été « kidnappée » précisément maintenant.",hal.science,Journalistic source,Partially relevant
126,F,"L'entreprise du mari de Savannah Guthrie serait citée comme « co-conspirateur » dans les dossiers Epstein, ce qui expliquerait pourquoi sa mère aurait été « kidnappée » précisément maintenant.",festival-larochelle.org,Journalistic source,Relevant
126,F,"L'entreprise du mari de Savannah Guthrie serait citée comme « co-conspirateur » dans les dossiers Epstein, ce qui expliquerait pourquoi sa mère aurait été « kidnappée » précisément maintenant.",actudirect24.fr,Intermediate media,
126,F,"L'entreprise du mari de Savannah Guthrie serait citée comme « co-conspirateur » dans les dossiers Epstein, ce qui expliquerait pourquoi sa mère aurait été « kidnappée » précisément maintenant.",fr.scribd.com,Journalistic source,Partially relevant
126,F,"L'entreprise du mari de Savannah Guthrie serait citée comme « co-conspirateur » dans les dossiers Epstein, ce qui expliquerait pourquoi sa mère aurait été « kidnappée » précisément maintenant.",onscreen.fr,Intermediate media,
127,E,"During his performance at the Super Bowl, Bad Bunny gave his Grammy award to Liam Conejo Ramos, the 5-year-old boy who was detained by ICE.",reuters.com,Journalistic source,
127,E,"During his performance at the Super Bowl, Bad Bunny gave his Grammy award to Liam Conejo Ramos, the 5-year-old boy who was detained by ICE.",npr.org,Journalistic source,
127,E,"During his performance at the Super Bowl, Bad Bunny gave his Grammy award to Liam Conejo Ramos, the 5-year-old boy who was detained by ICE.",snopes.com,Journalistic source,
127,E,"During his performance at the Super Bowl, Bad Bunny gave his Grammy award to Liam Conejo Ramos, the 5-year-old boy who was detained by ICE.",usatoday.com,Journalistic source,
127,E,"During his performance at the Super Bowl, Bad Bunny gave his Grammy award to Liam Conejo Ramos, the 5-year-old boy who was detained by ICE.",cbsnews.com,Journalistic source,
127,E,"During his performance at the Super Bowl, Bad Bunny gave his Grammy award to Liam Conejo Ramos, the 5-year-old boy who was detained by ICE.",nytimes.com,Journalistic source,
127,E,"During his performance at the Super Bowl, Bad Bunny gave his Grammy award to Liam Conejo Ramos, the 5-year-old boy who was detained by ICE.",mprnews.org,Intermediate media,
127,E,"During his performance at the Super Bowl, Bad Bunny gave his Grammy award to Liam Conejo Ramos, the 5-year-old boy who was detained by ICE.",variety.com,Journalistic source,
127,E,"During his performance at the Super Bowl, Bad Bunny gave his Grammy award to Liam Conejo Ramos, the 5-year-old boy who was detained by ICE.",hollywoodreporter.com,Journalistic source,
127,E,"During his performance at the Super Bowl, Bad Bunny gave his Grammy award to Liam Conejo Ramos, the 5-year-old boy who was detained by ICE.",nbclosangeles.com,Journalistic source,
127,E,"During his performance at the Super Bowl, Bad Bunny gave his Grammy award to Liam Conejo Ramos, the 5-year-old boy who was detained by ICE.",wvtm13.com,Journalistic source,
127,E,"During his performance at the Super Bowl, Bad Bunny gave his Grammy award to Liam Conejo Ramos, the 5-year-old boy who was detained by ICE.",fox8live.com,Journalistic source,
127,E,"During his performance at the Super Bowl, Bad Bunny gave his Grammy award to Liam Conejo Ramos, the 5-year-old boy who was detained by ICE.",abcnews.com,Journalistic source,
127,E,"During his performance at the Super Bowl, Bad Bunny gave his Grammy award to Liam Conejo Ramos, the 5-year-old boy who was detained by ICE.",abcnews.com,Journalistic source,
127,E,"During his performance at the Super Bowl, Bad Bunny gave his Grammy award to Liam Conejo Ramos, the 5-year-old boy who was detained by ICE.",people.com,Journalistic source,
127,E,"During his performance at the Super Bowl, Bad Bunny gave his Grammy award to Liam Conejo Ramos, the 5-year-old boy who was detained by ICE.",houstonpublicmedia.org,Journalistic source,
127,E,"During his performance at the Super Bowl, Bad Bunny gave his Grammy award to Liam Conejo Ramos, the 5-year-old boy who was detained by ICE.",thenationaldesk.com,Intermediate media,
127,E,"During his performance at the Super Bowl, Bad Bunny gave his Grammy award to Liam Conejo Ramos, the 5-year-old boy who was detained by ICE.",nbc.com,Intermediate media,
127,E,"During his performance at the Super Bowl, Bad Bunny gave his Grammy award to Liam Conejo Ramos, the 5-year-old boy who was detained by ICE.",livenowfox.com,Social media,
128,F,"Pendant sa performance au Super Bowl, Bad Bunny aurait offert son trophée Grammy à Liam Conejo Ramos, l'enfant de 5 ans détenu par l'ICE.",factuel.afp.com,Journalistic source,
128,F,"Pendant sa performance au Super Bowl, Bad Bunny aurait offert son trophée Grammy à Liam Conejo Ramos, l'enfant de 5 ans détenu par l'ICE.",lesoir.be,Journalistic source,
128,F,"Pendant sa performance au Super Bowl, Bad Bunny aurait offert son trophée Grammy à Liam Conejo Ramos, l'enfant de 5 ans détenu par l'ICE.",rtl.fr,Journalistic source,
128,F,"Pendant sa performance au Super Bowl, Bad Bunny aurait offert son trophée Grammy à Liam Conejo Ramos, l'enfant de 5 ans détenu par l'ICE.",ici.radio-canada.ca,Local organization,
128,F,"Pendant sa performance au Super Bowl, Bad Bunny aurait offert son trophée Grammy à Liam Conejo Ramos, l'enfant de 5 ans détenu par l'ICE.",noovo.info,Journalistic source,
128,F,"Pendant sa performance au Super Bowl, Bad Bunny aurait offert son trophée Grammy à Liam Conejo Ramos, l'enfant de 5 ans détenu par l'ICE.",rtbf.be,Journalistic source,
128,F,"Pendant sa performance au Super Bowl, Bad Bunny aurait offert son trophée Grammy à Liam Conejo Ramos, l'enfant de 5 ans détenu par l'ICE.",parismatch.com,Journalistic source,
128,F,"Pendant sa performance au Super Bowl, Bad Bunny aurait offert son trophée Grammy à Liam Conejo Ramos, l'enfant de 5 ans détenu par l'ICE.",liberation.fr,Journalistic source,
128,F,"Pendant sa performance au Super Bowl, Bad Bunny aurait offert son trophée Grammy à Liam Conejo Ramos, l'enfant de 5 ans détenu par l'ICE.",liberation.fr,Journalistic source,
128,F,"Pendant sa performance au Super Bowl, Bad Bunny aurait offert son trophée Grammy à Liam Conejo Ramos, l'enfant de 5 ans détenu par l'ICE.",liberation.fr,Journalistic source,
128,F,"Pendant sa performance au Super Bowl, Bad Bunny aurait offert son trophée Grammy à Liam Conejo Ramos, l'enfant de 5 ans détenu par l'ICE.",podcasts.apple.com,Podcast description,
128,F,"Pendant sa performance au Super Bowl, Bad Bunny aurait offert son trophée Grammy à Liam Conejo Ramos, l'enfant de 5 ans détenu par l'ICE.",mediaconnect.com,Intermediate media,
128,F,"Pendant sa performance au Super Bowl, Bad Bunny aurait offert son trophée Grammy à Liam Conejo Ramos, l'enfant de 5 ans détenu par l'ICE.",defacto-observatoire.fr,Intermediate media,
128,F,"Pendant sa performance au Super Bowl, Bad Bunny aurait offert son trophée Grammy à Liam Conejo Ramos, l'enfant de 5 ans détenu par l'ICE.",constcourt.tj,Intermediate media,
128,F,"Pendant sa performance au Super Bowl, Bad Bunny aurait offert son trophée Grammy à Liam Conejo Ramos, l'enfant de 5 ans détenu par l'ICE.",rollingstone.fr,Journalistic source,
129,E,"During the Super Bowl halftime show, Bad Bunny brought Liam Conejo Ramos onto the stage, the 5-year-old detained by Immigration and Customs Enforcement in Minneapolis.",npr.org,Journalistic source,
129,E,"During the Super Bowl halftime show, Bad Bunny brought Liam Conejo Ramos onto the stage, the 5-year-old detained by Immigration and Customs Enforcement in Minneapolis.",bbc.com,Journalistic source,
129,E,"During the Super Bowl halftime show, Bad Bunny brought Liam Conejo Ramos onto the stage, the 5-year-old detained by Immigration and Customs Enforcement in Minneapolis.",cbsnews.com,Journalistic source,
129,E,"During the Super Bowl halftime show, Bad Bunny brought Liam Conejo Ramos onto the stage, the 5-year-old detained by Immigration and Customs Enforcement in Minneapolis.",pbs.org,Intermediate media,
129,E,"During the Super Bowl halftime show, Bad Bunny brought Liam Conejo Ramos onto the stage, the 5-year-old detained by Immigration and Customs Enforcement in Minneapolis.",mprnews.org,Intermediate media,
129,E,"During the Super Bowl halftime show, Bad Bunny brought Liam Conejo Ramos onto the stage, the 5-year-old detained by Immigration and Customs Enforcement in Minneapolis.",forbes.com,Journalistic source,
129,E,"During the Super Bowl halftime show, Bad Bunny brought Liam Conejo Ramos onto the stage, the 5-year-old detained by Immigration and Customs Enforcement in Minneapolis.",hollywoodreporter.com,Journalistic source,
129,E,"During the Super Bowl halftime show, Bad Bunny brought Liam Conejo Ramos onto the stage, the 5-year-old detained by Immigration and Customs Enforcement in Minneapolis.",elpasotimes.com,Journalistic source,
129,E,"During the Super Bowl halftime show, Bad Bunny brought Liam Conejo Ramos onto the stage, the 5-year-old detained by Immigration and Customs Enforcement in Minneapolis.",nbclosangeles.com,Journalistic source,
129,E,"During the Super Bowl halftime show, Bad Bunny brought Liam Conejo Ramos onto the stage, the 5-year-old detained by Immigration and Customs Enforcement in Minneapolis.",buzzfeed.com,Journalistic source,
129,E,"During the Super Bowl halftime show, Bad Bunny brought Liam Conejo Ramos onto the stage, the 5-year-old detained by Immigration and Customs Enforcement in Minneapolis.",wvtm13.com,Journalistic source,
129,E,"During the Super Bowl halftime show, Bad Bunny brought Liam Conejo Ramos onto the stage, the 5-year-old detained by Immigration and Customs Enforcement in Minneapolis.",fox8live.com,Journalistic source,
129,E,"During the Super Bowl halftime show, Bad Bunny brought Liam Conejo Ramos onto the stage, the 5-year-old detained by Immigration and Customs Enforcement in Minneapolis.",abcnews.com,Journalistic source,
129,E,"During the Super Bowl halftime show, Bad Bunny brought Liam Conejo Ramos onto the stage, the 5-year-old detained by Immigration and Customs Enforcement in Minneapolis.",houstonpublicmedia.org,Journalistic source,
129,E,"During the Super Bowl halftime show, Bad Bunny brought Liam Conejo Ramos onto the stage, the 5-year-old detained by Immigration and Customs Enforcement in Minneapolis.",livenowfox.com,Social media,
129,E,"During the Super Bowl halftime show, Bad Bunny brought Liam Conejo Ramos onto the stage, the 5-year-old detained by Immigration and Customs Enforcement in Minneapolis.",nbc.com,Intermediate media,
130,F,"Pendant le spectacle de la mi-temps du Super Bowl, Bad Bunny aurait fait monter sur scène Liam Conejo Ramos, l'enfant de 5 ans détenu par l'ICE à Minneapolis.",factuel.afp.com,Journalistic source,
130,F,"Pendant le spectacle de la mi-temps du Super Bowl, Bad Bunny aurait fait monter sur scène Liam Conejo Ramos, l'enfant de 5 ans détenu par l'ICE à Minneapolis.",lesoir.be,Journalistic source,
130,F,"Pendant le spectacle de la mi-temps du Super Bowl, Bad Bunny aurait fait monter sur scène Liam Conejo Ramos, l'enfant de 5 ans détenu par l'ICE à Minneapolis.",lapresse.ca,Journalistic source,
130,F,"Pendant le spectacle de la mi-temps du Super Bowl, Bad Bunny aurait fait monter sur scène Liam Conejo Ramos, l'enfant de 5 ans détenu par l'ICE à Minneapolis.",ici.radio-canada.ca,Local organization,
130,F,"Pendant le spectacle de la mi-temps du Super Bowl, Bad Bunny aurait fait monter sur scène Liam Conejo Ramos, l'enfant de 5 ans détenu par l'ICE à Minneapolis.",noovo.info,Journalistic source,
130,F,"Pendant le spectacle de la mi-temps du Super Bowl, Bad Bunny aurait fait monter sur scène Liam Conejo Ramos, l'enfant de 5 ans détenu par l'ICE à Minneapolis.",tf1info.fr,Journalistic source,
130,F,"Pendant le spectacle de la mi-temps du Super Bowl, Bad Bunny aurait fait monter sur scène Liam Conejo Ramos, l'enfant de 5 ans détenu par l'ICE à Minneapolis.",rtbf.be,Journalistic source,
130,F,"Pendant le spectacle de la mi-temps du Super Bowl, Bad Bunny aurait fait monter sur scène Liam Conejo Ramos, l'enfant de 5 ans détenu par l'ICE à Minneapolis.",parismatch.com,Journalistic source,
130,F,"Pendant le spectacle de la mi-temps du Super Bowl, Bad Bunny aurait fait monter sur scène Liam Conejo Ramos, l'enfant de 5 ans détenu par l'ICE à Minneapolis.",lesacdechips.com,Intermediate media,
130,F,"Pendant le spectacle de la mi-temps du Super Bowl, Bad Bunny aurait fait monter sur scène Liam Conejo Ramos, l'enfant de 5 ans détenu par l'ICE à Minneapolis.",rollingstone.fr,Journalistic source,
130,F,"Pendant le spectacle de la mi-temps du Super Bowl, Bad Bunny aurait fait monter sur scène Liam Conejo Ramos, l'enfant de 5 ans détenu par l'ICE à Minneapolis.",mediaconnect.com,Intermediate media,
130,F,"Pendant le spectacle de la mi-temps du Super Bowl, Bad Bunny aurait fait monter sur scène Liam Conejo Ramos, l'enfant de 5 ans détenu par l'ICE à Minneapolis.",purebreak.com,Intermediate media,
130,F,"Pendant le spectacle de la mi-temps du Super Bowl, Bad Bunny aurait fait monter sur scène Liam Conejo Ramos, l'enfant de 5 ans détenu par l'ICE à Minneapolis.",franceinfo.fr,Journalistic source,
131,E,Right now we're focused on Minneapolis because that's where we have the highest concentration of people who have violated our immigration laws.,factcheck.org,Journalistic source,
131,E,Right now we're focused on Minneapolis because that's where we have the highest concentration of people who have violated our immigration laws.,brookings.edu,Scientific source,
131,E,Right now we're focused on Minneapolis because that's where we have the highest concentration of people who have violated our immigration laws.,pbs.org,Intermediate media,
131,E,Right now we're focused on Minneapolis because that's where we have the highest concentration of people who have violated our immigration laws.,migrationpolicy.org,Local organization,
131,E,Right now we're focused on Minneapolis because that's where we have the highest concentration of people who have violated our immigration laws.,migrationpolicy.org,Local organization,
131,E,Right now we're focused on Minneapolis because that's where we have the highest concentration of people who have violated our immigration laws.,americanimmigrationcoun...,Local organization,
131,E,Right now we're focused on Minneapolis because that's where we have the highest concentration of people who have violated our immigration laws.,americanimmigrationcoun...,Local organization,
131,E,Right now we're focused on Minneapolis because that's where we have the highest concentration of people who have violated our immigration laws.,aclu.org,Local organization,
131,E,Right now we're focused on Minneapolis because that's where we have the highest concentration of people who have violated our immigration laws.,calmatters.org,Journalistic source,
131,E,Right now we're focused on Minneapolis because that's where we have the highest concentration of people who have violated our immigration laws.,americanprogress.org,Local organization,
131,E,Right now we're focused on Minneapolis because that's where we have the highest concentration of people who have violated our immigration laws.,tracreports.org,Intermediate media,
131,E,Right now we're focused on Minneapolis because that's where we have the highest concentration of people who have violated our immigration laws.,ohss.dhs.gov,Local organization,
131,E,Right now we're focused on Minneapolis because that's where we have the highest concentration of people who have violated our immigration laws.,ice.gov,Local organization,
131,E,Right now we're focused on Minneapolis because that's where we have the highest concentration of people who have violated our immigration laws.,nelp.org,Intermediate media,
131,E,Right now we're focused on Minneapolis because that's where we have the highest concentration of people who have violated our immigration laws.,leg.colorado.gov,Local organization,
131,E,Right now we're focused on Minneapolis because that's where we have the highest concentration of people who have violated our immigration laws.,dol.gov,Local organization,
131,E,Right now we're focused on Minneapolis because that's where we have the highest concentration of people who have violated our immigration laws.,prisonpolicy.org,Local organization,
131,E,Right now we're focused on Minneapolis because that's where we have the highest concentration of people who have violated our immigration laws.,counciloncj.org,Unclear website,Partially relevant
131,E,Right now we're focused on Minneapolis because that's where we have the highest concentration of people who have violated our immigration laws.,nilc.org,Local organization,
131,E,Right now we're focused on Minneapolis because that's where we have the highest concentration of people who have violated our immigration laws.,news.un.org,Mondial organization,
131,E,Right now we're focused on Minneapolis because that's where we have the highest concentration of people who have violated our immigration laws.,dhs.gov,Local organization,
131,E,Right now we're focused on Minneapolis because that's where we have the highest concentration of people who have violated our immigration laws.,ag.state.mn.us,Journalistic source,Partially relevant
131,E,Right now we're focused on Minneapolis because that's where we have the highest concentration of people who have violated our immigration laws.,prisonpolicy.org,Journalistic source,Partially relevant
132,F,"« En ce moment, nous nous concentrons sur Minneapolis parce que c'est là que se trouve la plus forte concentration de personnes ayant enfreint nos lois sur l'immigration ».",fr.euronews.com,Journalistic source,
132,F,"« En ce moment, nous nous concentrons sur Minneapolis parce que c'est là que se trouve la plus forte concentration de personnes ayant enfreint nos lois sur l'immigration ».",gip-recherche-justice.fr...,Journalistic source,Partially relevant
132,F,"« En ce moment, nous nous concentrons sur Minneapolis parce que c'est là que se trouve la plus forte concentration de personnes ayant enfreint nos lois sur l'immigration ».",shs.hal.science,Scientific source,
132,F,"« En ce moment, nous nous concentrons sur Minneapolis parce que c'est là que se trouve la plus forte concentration de personnes ayant enfreint nos lois sur l'immigration ».",orbicom.ca,Unclear website,Out of context
132,F,"« En ce moment, nous nous concentrons sur Minneapolis parce que c'est là que se trouve la plus forte concentration de personnes ayant enfreint nos lois sur l'immigration ».",repository.lib.fsu.edu,Unclear website,Relevant
132,F,"« En ce moment, nous nous concentrons sur Minneapolis parce que c'est là que se trouve la plus forte concentration de personnes ayant enfreint nos lois sur l'immigration ».",theses.hal.science,Unclear website,Relevant
132,F,"« En ce moment, nous nous concentrons sur Minneapolis parce que c'est là que se trouve la plus forte concentration de personnes ayant enfreint nos lois sur l'immigration ».",hal.science,Scientific source,
132,F,"« En ce moment, nous nous concentrons sur Minneapolis parce que c'est là que se trouve la plus forte concentration de personnes ayant enfreint nos lois sur l'immigration ».",canada.ca,Unclear website,Partially relevant
132,F,"« En ce moment, nous nous concentrons sur Minneapolis parce que c'est là que se trouve la plus forte concentration de personnes ayant enfreint nos lois sur l'immigration ».",cartercentee50c07c05.blob.c...,Intermediate media,Out of context
132,F,"« En ce moment, nous nous concentrons sur Minneapolis parce que c'est là que se trouve la plus forte concentration de personnes ayant enfreint nos lois sur l'immigration ».",unodc.org,Government / public institution,Out of context
132,F,"« En ce moment, nous nous concentrons sur Minneapolis parce que c'est là que se trouve la plus forte concentration de personnes ayant enfreint nos lois sur l'immigration ».",anses.fr,Local organization,
132,F,"« En ce moment, nous nous concentrons sur Minneapolis parce que c'est là que se trouve la plus forte concentration de personnes ayant enfreint nos lois sur l'immigration ».",iro.umontreal.ca,Unclear website,Partially relevant
132,F,"« En ce moment, nous nous concentrons sur Minneapolis parce que c'est là que se trouve la plus forte concentration de personnes ayant enfreint nos lois sur l'immigration ».",defense.gouv.fr,Unclear website,Partially relevant
132,F,"« En ce moment, nous nous concentrons sur Minneapolis parce que c'est là que se trouve la plus forte concentration de personnes ayant enfreint nos lois sur l'immigration ».",refok.fr,Journalistic source,Partially relevant
132,F,"« En ce moment, nous nous concentrons sur Minneapolis parce que c'est là que se trouve la plus forte concentration de personnes ayant enfreint nos lois sur l'immigration ».",ilo.org,Unclear website,Out of context
132,F,"« En ce moment, nous nous concentrons sur Minneapolis parce que c'est là que se trouve la plus forte concentration de personnes ayant enfreint nos lois sur l'immigration ».",read.oecd.org,Mondial organization,
132,F,"« En ce moment, nous nous concentrons sur Minneapolis parce que c'est là que se trouve la plus forte concentration de personnes ayant enfreint nos lois sur l'immigration ».",canada.ca,Unclear website,Partially relevant
132,F,"« En ce moment, nous nous concentrons sur Minneapolis parce que c'est là que se trouve la plus forte concentration de personnes ayant enfreint nos lois sur l'immigration ».",unige.ch,Scientific source,
132,F,"« En ce moment, nous nous concentrons sur Minneapolis parce que c'est là que se trouve la plus forte concentration de personnes ayant enfreint nos lois sur l'immigration ».",search.proquest.com,Intermediate media,
132,F,"« En ce moment, nous nous concentrons sur Minneapolis parce que c'est là que se trouve la plus forte concentration de personnes ayant enfreint nos lois sur l'immigration ».",unesdoc.unesco.org,Unclear website,Out of context
132,F,"« En ce moment, nous nous concentrons sur Minneapolis parce que c'est là que se trouve la plus forte concentration de personnes ayant enfreint nos lois sur l'immigration ».",theses.hal.science,Unclear website,Partially relevant
132,F,"« En ce moment, nous nous concentrons sur Minneapolis parce que c'est là que se trouve la plus forte concentration de personnes ayant enfreint nos lois sur l'immigration ».",canada.ca,Scientific source,Out of context
132,F,"« En ce moment, nous nous concentrons sur Minneapolis parce que c'est là que se trouve la plus forte concentration de personnes ayant enfreint nos lois sur l'immigration ».",oecd.org,Unclear website,Out of context
133,E,"An image shows Alex Pretti holding a gun, not a phone, while pinned by federal immigration agents in Minneapolis.",bbc.com,Journalistic source,
133,E,"An image shows Alex Pretti holding a gun, not a phone, while pinned by federal immigration agents in Minneapolis.",bbc.com,Journalistic source,
133,E,"An image shows Alex Pretti holding a gun, not a phone, while pinned by federal immigration agents in Minneapolis.",pbs.org,Intermediate media,
133,E,"An image shows Alex Pretti holding a gun, not a phone, while pinned by federal immigration agents in Minneapolis.",pbs.org,Intermediate media,
133,E,"An image shows Alex Pretti holding a gun, not a phone, while pinned by federal immigration agents in Minneapolis.",nbcnews.com,Journalistic source,
133,E,"An image shows Alex Pretti holding a gun, not a phone, while pinned by federal immigration agents in Minneapolis.",theguardian.com,Journalistic source,
133,E,"An image shows Alex Pretti holding a gun, not a phone, while pinned by federal immigration agents in Minneapolis.",theguardian.com,Journalistic source,
133,E,"An image shows Alex Pretti holding a gun, not a phone, while pinned by federal immigration agents in Minneapolis.",abcnews.com,Journalistic source,
133,E,"An image shows Alex Pretti holding a gun, not a phone, while pinned by federal immigration agents in Minneapolis.",cnn.com,Journalistic source,
133,E,"An image shows Alex Pretti holding a gun, not a phone, while pinned by federal immigration agents in Minneapolis.",wbaltv.com,Journalistic source,
133,E,"An image shows Alex Pretti holding a gun, not a phone, while pinned by federal immigration agents in Minneapolis.",mississippifreepress.or...,Intermediate media,
134,F,"Une image montrerait Alex Pretti tenant une arme, et non un téléphone, alors qu'il était plaqué au sol par des agents fédéraux de l'immigration à Minneapolis.",factuel.afp.com,Journalistic source,
134,F,"Une image montrerait Alex Pretti tenant une arme, et non un téléphone, alors qu'il était plaqué au sol par des agents fédéraux de l'immigration à Minneapolis.",bbc.com,Journalistic source,
134,F,"Une image montrerait Alex Pretti tenant une arme, et non un téléphone, alors qu'il était plaqué au sol par des agents fédéraux de l'immigration à Minneapolis.",france24.com,Journalistic source,
134,F,"Une image montrerait Alex Pretti tenant une arme, et non un téléphone, alors qu'il était plaqué au sol par des agents fédéraux de l'immigration à Minneapolis.",dw.com,Journalistic source,
134,F,"Une image montrerait Alex Pretti tenant une arme, et non un téléphone, alors qu'il était plaqué au sol par des agents fédéraux de l'immigration à Minneapolis.",fr.euronews.com,Journalistic source,
134,F,"Une image montrerait Alex Pretti tenant une arme, et non un téléphone, alors qu'il était plaqué au sol par des agents fédéraux de l'immigration à Minneapolis.",fr.euronews.com,Journalistic source,
134,F,"Une image montrerait Alex Pretti tenant une arme, et non un téléphone, alors qu'il était plaqué au sol par des agents fédéraux de l'immigration à Minneapolis.",ici.radio-canada.ca,Local organization,
134,F,"Une image montrerait Alex Pretti tenant une arme, et non un téléphone, alors qu'il était plaqué au sol par des agents fédéraux de l'immigration à Minneapolis.",ici.radio-canada.ca,Local organization,
134,F,"Une image montrerait Alex Pretti tenant une arme, et non un téléphone, alors qu'il était plaqué au sol par des agents fédéraux de l'immigration à Minneapolis.",ouest-france.fr,Journalistic source,
134,F,"Une image montrerait Alex Pretti tenant une arme, et non un téléphone, alors qu'il était plaqué au sol par des agents fédéraux de l'immigration à Minneapolis.",lemonde.fr,Journalistic source,
134,F,"Une image montrerait Alex Pretti tenant une arme, et non un téléphone, alors qu'il était plaqué au sol par des agents fédéraux de l'immigration à Minneapolis.",lemonde.fr,Journalistic source,
134,F,"Une image montrerait Alex Pretti tenant une arme, et non un téléphone, alors qu'il était plaqué au sol par des agents fédéraux de l'immigration à Minneapolis.",7sur7.be,Journalistic source,
134,F,"Une image montrerait Alex Pretti tenant une arme, et non un téléphone, alors qu'il était plaqué au sol par des agents fédéraux de l'immigration à Minneapolis.",rollingstone.fr,Journalistic source,
134,F,"Une image montrerait Alex Pretti tenant une arme, et non un téléphone, alors qu'il était plaqué au sol par des agents fédéraux de l'immigration à Minneapolis.",senat.fr,Scientific source,Out of context
134,F,"Une image montrerait Alex Pretti tenant une arme, et non un téléphone, alors qu'il était plaqué au sol par des agents fédéraux de l'immigration à Minneapolis.",cdn.paris.fr,Scientific source,Out of context
134,F,"Une image montrerait Alex Pretti tenant une arme, et non un téléphone, alors qu'il était plaqué au sol par des agents fédéraux de l'immigration à Minneapolis.",lelaboratoiredelarepubl...,Unclear website,Out of context
134,F,"Une image montrerait Alex Pretti tenant une arme, et non un téléphone, alors qu'il était plaqué au sol par des agents fédéraux de l'immigration à Minneapolis.",lundi.am,Unclear website,Out of context
135,E,Protesters against the federal immigration crackdown in Minnesota are conducting fake protests done by agitators and professional insurrectionists. They're professional troublemakers.,reuters.com,Journalistic source,
135,E,Protesters against the federal immigration crackdown in Minnesota are conducting fake protests done by agitators and professional insurrectionists. They're professional troublemakers.,reuters.com,Journalistic source,
135,E,Protesters against the federal immigration crackdown in Minnesota are conducting fake protests done by agitators and professional insurrectionists. They're professional troublemakers.,npr.org,Journalistic source,
135,E,Protesters against the federal immigration crackdown in Minnesota are conducting fake protests done by agitators and professional insurrectionists. They're professional troublemakers.,factcheck.org,Journalistic source,
135,E,Protesters against the federal immigration crackdown in Minnesota are conducting fake protests done by agitators and professional insurrectionists. They're professional troublemakers.,bbc.com,Journalistic source,
135,E,Protesters against the federal immigration crackdown in Minnesota are conducting fake protests done by agitators and professional insurrectionists. They're professional troublemakers.,bbc.com,Journalistic source,
135,E,Protesters against the federal immigration crackdown in Minnesota are conducting fake protests done by agitators and professional insurrectionists. They're professional troublemakers.,bbc.com,Journalistic source,
135,E,Protesters against the federal immigration crackdown in Minnesota are conducting fake protests done by agitators and professional insurrectionists. They're professional troublemakers.,cbsnews.com,Journalistic source,
135,E,Protesters against the federal immigration crackdown in Minnesota are conducting fake protests done by agitators and professional insurrectionists. They're professional troublemakers.,brookings.edu,Scientific source,
135,E,Protesters against the federal immigration crackdown in Minnesota are conducting fake protests done by agitators and professional insurrectionists. They're professional troublemakers.,pbs.org,Intermediate media,
135,E,Protesters against the federal immigration crackdown in Minnesota are conducting fake protests done by agitators and professional insurrectionists. They're professional troublemakers.,pbs.org,Intermediate media,
135,E,Protesters against the federal immigration crackdown in Minnesota are conducting fake protests done by agitators and professional insurrectionists. They're professional troublemakers.,pbs.org,Intermediate media,
135,E,Protesters against the federal immigration crackdown in Minnesota are conducting fake protests done by agitators and professional insurrectionists. They're professional troublemakers.,pbs.org,Intermediate media,
135,E,Protesters against the federal immigration crackdown in Minnesota are conducting fake protests done by agitators and professional insurrectionists. They're professional troublemakers.,nytimes.com,Journalistic source,
135,E,Protesters against the federal immigration crackdown in Minnesota are conducting fake protests done by agitators and professional insurrectionists. They're professional troublemakers.,nytimes.com,Journalistic source,
135,E,Protesters against the federal immigration crackdown in Minnesota are conducting fake protests done by agitators and professional insurrectionists. They're professional troublemakers.,nytimes.com,Journalistic source,
135,E,Protesters against the federal immigration crackdown in Minnesota are conducting fake protests done by agitators and professional insurrectionists. They're professional troublemakers.,nbcnews.com,Journalistic source,
135,E,Protesters against the federal immigration crackdown in Minnesota are conducting fake protests done by agitators and professional insurrectionists. They're professional troublemakers.,mprnews.org,Intermediate media,
135,E,Protesters against the federal immigration crackdown in Minnesota are conducting fake protests done by agitators and professional insurrectionists. They're professional troublemakers.,americanimmigrationcoun...,Local organization,
135,E,Protesters against the federal immigration crackdown in Minnesota are conducting fake protests done by agitators and professional insurrectionists. They're professional troublemakers.,bostonherald.com,Journalistic source,
135,E,Protesters against the federal immigration crackdown in Minnesota are conducting fake protests done by agitators and professional insurrectionists. They're professional troublemakers.,theguardian.com,Journalistic source,
135,E,Protesters against the federal immigration crackdown in Minnesota are conducting fake protests done by agitators and professional insurrectionists. They're professional troublemakers.,cnn.com,Journalistic source,
135,E,Protesters against the federal immigration crackdown in Minnesota are conducting fake protests done by agitators and professional insurrectionists. They're professional troublemakers.,lailluminator.com,Journalistic source,
136,F,"Les manifestants contre la répression fédérale de l'immigration au Minnesota mèneraient de « fausses manifestations organisées par des agitateurs et des insurgés professionnels », des « fauteurs de troubles professionnels ».",fr.wikipedia.org,Intermediate media,
136,F,"Les manifestants contre la répression fédérale de l'immigration au Minnesota mèneraient de « fausses manifestations organisées par des agitateurs et des insurgés professionnels », des « fauteurs de troubles professionnels ».",fr.wikipedia.org,Intermediate media,
136,F,"Les manifestants contre la répression fédérale de l'immigration au Minnesota mèneraient de « fausses manifestations organisées par des agitateurs et des insurgés professionnels », des « fauteurs de troubles professionnels ».",20minutes.fr,Journalistic source,
136,F,"Les manifestants contre la répression fédérale de l'immigration au Minnesota mèneraient de « fausses manifestations organisées par des agitateurs et des insurgés professionnels », des « fauteurs de troubles professionnels ».",revue-pouvoirs.fr,Intermediate media,
136,F,"Les manifestants contre la répression fédérale de l'immigration au Minnesota mèneraient de « fausses manifestations organisées par des agitateurs et des insurgés professionnels », des « fauteurs de troubles professionnels ».",theses.hal.science,Scientific source,
136,F,"Les manifestants contre la répression fédérale de l'immigration au Minnesota mèneraient de « fausses manifestations organisées par des agitateurs et des insurgés professionnels », des « fauteurs de troubles professionnels ».",iro.umontreal.ca,Scientific source,
136,F,"Les manifestants contre la répression fédérale de l'immigration au Minnesota mèneraient de « fausses manifestations organisées par des agitateurs et des insurgés professionnels », des « fauteurs de troubles professionnels ».",dante.univ-tlse2.fr,Intermediate media,
136,F,"Les manifestants contre la répression fédérale de l'immigration au Minnesota mèneraient de « fausses manifestations organisées par des agitateurs et des insurgés professionnels », des « fauteurs de troubles professionnels ».",cartercentee50c07c05.blob.c...,Intermediate media,
136,F,"Les manifestants contre la répression fédérale de l'immigration au Minnesota mèneraient de « fausses manifestations organisées par des agitateurs et des insurgés professionnels », des « fauteurs de troubles professionnels ».",fr.scribd.com,Intermediate media,
136,F,"Les manifestants contre la répression fédérale de l'immigration au Minnesota mèneraient de « fausses manifestations organisées par des agitateurs et des insurgés professionnels », des « fauteurs de troubles professionnels ».",seismoverlag.ch,Intermediate media,
136,F,"Les manifestants contre la répression fédérale de l'immigration au Minnesota mèneraient de « fausses manifestations organisées par des agitateurs et des insurgés professionnels », des « fauteurs de troubles professionnels ».",ecm.univ-paris1.fr,Intermediate media,
136,F,"Les manifestants contre la répression fédérale de l'immigration au Minnesota mèneraient de « fausses manifestations organisées par des agitateurs et des insurgés professionnels », des « fauteurs de troubles professionnels ».",corpus.ulaval.ca,Scientific source,
136,F,"Les manifestants contre la répression fédérale de l'immigration au Minnesota mèneraient de « fausses manifestations organisées par des agitateurs et des insurgés professionnels », des « fauteurs de troubles professionnels ».",hal.science,Scientific source,
136,F,"Les manifestants contre la répression fédérale de l'immigration au Minnesota mèneraient de « fausses manifestations organisées par des agitateurs et des insurgés professionnels », des « fauteurs de troubles professionnels ».",theses.hal.science,Scientific source,
136,F,"Les manifestants contre la répression fédérale de l'immigration au Minnesota mèneraient de « fausses manifestations organisées par des agitateurs et des insurgés professionnels », des « fauteurs de troubles professionnels ».",gauchemip.org,Scientific source,Out of context
136,F,"Les manifestants contre la répression fédérale de l'immigration au Minnesota mèneraient de « fausses manifestations organisées par des agitateurs et des insurgés professionnels », des « fauteurs de troubles professionnels ».",daynewsworld.com,Unclear website,Out of context
136,F,"Les manifestants contre la répression fédérale de l'immigration au Minnesota mèneraient de « fausses manifestations organisées par des agitateurs et des insurgés professionnels », des « fauteurs de troubles professionnels ».",calameo.com,Intermediate media,
136,F,"Les manifestants contre la répression fédérale de l'immigration au Minnesota mèneraient de « fausses manifestations organisées par des agitateurs et des insurgés professionnels », des « fauteurs de troubles professionnels ».",vie-publique.fr,Intermediate media,
136,F,"Les manifestants contre la répression fédérale de l'immigration au Minnesota mèneraient de « fausses manifestations organisées par des agitateurs et des insurgés professionnels », des « fauteurs de troubles professionnels ».",theses.hal.science,Scientific source,
136,F,"Les manifestants contre la répression fédérale de l'immigration au Minnesota mèneraient de « fausses manifestations organisées par des agitateurs et des insurgés professionnels », des « fauteurs de troubles professionnels ».",classiques.uqam.ca,Scientific source,
136,F,"Les manifestants contre la répression fédérale de l'immigration au Minnesota mèneraient de « fausses manifestations organisées par des agitateurs et des insurgés professionnels », des « fauteurs de troubles professionnels ».",docs.eclm.fr,Intermediate media,
136,F,"Les manifestants contre la répression fédérale de l'immigration au Minnesota mèneraient de « fausses manifestations organisées par des agitateurs et des insurgés professionnels », des « fauteurs de troubles professionnels ».",fr.scribd.com,Intermediate media,
137,E,"Trump's $2,000 tariff dividend is live but you must act.",npr.org,Podcast description,
137,E,"Trump's $2,000 tariff dividend is live but you must act.",thehill.com,Journalistic source,
137,E,"Trump's $2,000 tariff dividend is live but you must act.",thehill.com,Journalistic source,
137,E,"Trump's $2,000 tariff dividend is live but you must act.",thehill.com,Journalistic source,
137,E,"Trump's $2,000 tariff dividend is live but you must act.",crfb.org,Local organization,
137,E,"Trump's $2,000 tariff dividend is live but you must act.",wral.com,Journalistic source,
137,E,"Trump's $2,000 tariff dividend is live but you must act.",fortune.com,Journalistic source,
137,E,"Trump's $2,000 tariff dividend is live but you must act.",pbs.org,Intermediate media,
137,E,"Trump's $2,000 tariff dividend is live but you must act.",pbs.org,Intermediate media,
137,E,"Trump's $2,000 tariff dividend is live but you must act.",pbs.org,Intermediate media,
137,E,"Trump's $2,000 tariff dividend is live but you must act.",politico.com,Journalistic source,
137,E,"Trump's $2,000 tariff dividend is live but you must act.",taxpolicycenter.org,Local organization,
137,E,"Trump's $2,000 tariff dividend is live but you must act.",forbes.com,Journalistic source,
137,E,"Trump's $2,000 tariff dividend is live but you must act.",delawareonline.com,Journalistic source,
137,E,"Trump's $2,000 tariff dividend is live but you must act.",taxfoundation.org,Local organization,
137,E,"Trump's $2,000 tariff dividend is live but you must act.",live5news.com,Journalistic source,
137,E,"Trump's $2,000 tariff dividend is live but you must act.",abcnews.com,Journalistic source,
137,E,"Trump's $2,000 tariff dividend is live but you must act.",abc7.com,Journalistic source,
137,E,"Trump's $2,000 tariff dividend is live but you must act.",fox5dc.com,Journalistic source,
137,E,"Trump's $2,000 tariff dividend is live but you must act.",livenowfox.com,Social media,
137,E,"Trump's $2,000 tariff dividend is live but you must act.",cssh.northeastern.edu,Scientific source,
137,E,"Trump's $2,000 tariff dividend is live but you must act.",irs.gov,Unclear website,Out of context
137,E,"Trump's $2,000 tariff dividend is live but you must act.",home.treasury.gov,Local organization,
137,E,"Trump's $2,000 tariff dividend is live but you must act.",phillyburbs.com,Journalistic source,
137,E,"Trump's $2,000 tariff dividend is live but you must act.",livenowfox.com,Social media,
138,F,"Le « dividende tarifaire » de 2 000 $ de Trump serait déjà disponible, mais il faudrait agir vite.",lesechos.fr,Journalistic source,
138,F,"Le « dividende tarifaire » de 2 000 $ de Trump serait déjà disponible, mais il faudrait agir vite.",lesechos.fr,Journalistic source,
138,F,"Le « dividende tarifaire » de 2 000 $ de Trump serait déjà disponible, mais il faudrait agir vite.",lemonde.fr,Journalistic source,
138,F,"Le « dividende tarifaire » de 2 000 $ de Trump serait déjà disponible, mais il faudrait agir vite.",lefigaro.fr,Journalistic source,
138,F,"Le « dividende tarifaire » de 2 000 $ de Trump serait déjà disponible, mais il faudrait agir vite.",bmogam.com,Intermediate media,
138,F,"Le « dividende tarifaire » de 2 000 $ de Trump serait déjà disponible, mais il faudrait agir vite.",scotiafunds.com,Intermediate media,
138,F,"Le « dividende tarifaire » de 2 000 $ de Trump serait déjà disponible, mais il faudrait agir vite.",finance-investissement....,Intermediate media,
138,F,"Le « dividende tarifaire » de 2 000 $ de Trump serait déjà disponible, mais il faudrait agir vite.",economics.td.com,Unclear website,Out of context
138,F,"Le « dividende tarifaire » de 2 000 $ de Trump serait déjà disponible, mais il faudrait agir vite.",tresor.economie.gouv.fr...,Local organization,
138,F,"Le « dividende tarifaire » de 2 000 $ de Trump serait déjà disponible, mais il faudrait agir vite.",coface.com,Intermediate media,
138,F,"Le « dividende tarifaire » de 2 000 $ de Trump serait déjà disponible, mais il faudrait agir vite.",budget.canada.ca,Unclear website,Partially relevant
138,F,"Le « dividende tarifaire » de 2 000 $ de Trump serait déjà disponible, mais il faudrait agir vite.",economy-finance.ec.europa.e...,Unclear website,Partially relevant
138,F,"Le « dividende tarifaire » de 2 000 $ de Trump serait déjà disponible, mais il faudrait agir vite.",budget.canada.ca,Unclear website,Partially relevant
138,F,"Le « dividende tarifaire » de 2 000 $ de Trump serait déjà disponible, mais il faudrait agir vite.",coface.com,Intermediate media,
138,F,"Le « dividende tarifaire » de 2 000 $ de Trump serait déjà disponible, mais il faudrait agir vite.",ccomptes.fr,Unclear website,Partially relevant
138,F,"Le « dividende tarifaire » de 2 000 $ de Trump serait déjà disponible, mais il faudrait agir vite.",tresor.economie.gouv.fr...,Journalistic source,Partially relevant
138,F,"Le « dividende tarifaire » de 2 000 $ de Trump serait déjà disponible, mais il faudrait agir vite.",uneca.org,Journalistic source,Relevant
138,F,"Le « dividende tarifaire » de 2 000 $ de Trump serait déjà disponible, mais il faudrait agir vite.",senat.fr,Unclear website,Partially relevant
138,F,"Le « dividende tarifaire » de 2 000 $ de Trump serait déjà disponible, mais il faudrait agir vite.",senat.fr,Journalistic source,Partially relevant
138,F,"Le « dividende tarifaire » de 2 000 $ de Trump serait déjà disponible, mais il faudrait agir vite.",sn.usembassy.gov,Journalistic source,Partially relevant
138,F,"Le « dividende tarifaire » de 2 000 $ de Trump serait déjà disponible, mais il faudrait agir vite.",focus2030.org,Intermediate media,
138,F,"Le « dividende tarifaire » de 2 000 $ de Trump serait déjà disponible, mais il faudrait agir vite.",ci.usembassy.gov,Journalistic source,Partially relevant
138,F,"Le « dividende tarifaire » de 2 000 $ de Trump serait déjà disponible, mais il faudrait agir vite.",weareoneamerica.org,Intermediate media,
138,F,"Le « dividende tarifaire » de 2 000 $ de Trump serait déjà disponible, mais il faudrait agir vite.",fr.taxpayeradvocate.irs.gov...,Journalistic source,Partially relevant
138,F,"Le « dividende tarifaire » de 2 000 $ de Trump serait déjà disponible, mais il faudrait agir vite.",voyage.gc.ca,Journalistic source,Out of context
138,F,"Le « dividende tarifaire » de 2 000 $ de Trump serait déjà disponible, mais il faudrait agir vite.",cd.usembassy.gov,Unclear website,Partially relevant
138,F,"Le « dividende tarifaire » de 2 000 $ de Trump serait déjà disponible, mais il faudrait agir vite.",dz.usembassy.gov,Unclear website,Partially relevant
138,F,"Le « dividende tarifaire » de 2 000 $ de Trump serait déjà disponible, mais il faudrait agir vite.",bj.usembassy.gov,Local organization,
138,F,"Le « dividende tarifaire » de 2 000 $ de Trump serait déjà disponible, mais il faudrait agir vite.",senat.fr,Local organization,
139,E,"Video showing a vacant lot at a Venice, California, address where 26 voters were registered exposes voter fraud.",factcheck.afp.com,Journalistic source,
139,E,"Video showing a vacant lot at a Venice, California, address where 26 voters were registered exposes voter fraud.",politifact.com,Journalistic source,
139,E,"Video showing a vacant lot at a Venice, California, address where 26 voters were registered exposes voter fraud.",sarasotaclerk.com,Intermediate media,
139,E,"Video showing a vacant lot at a Venice, California, address where 26 voters were registered exposes voter fraud.",lacounty.gov,Local organization,
139,E,"Video showing a vacant lot at a Venice, California, address where 26 voters were registered exposes voter fraud.",lacounty.gov,Local organization,
139,E,"Video showing a vacant lot at a Venice, California, address where 26 voters were registered exposes voter fraud.",clerkrecorder.venturacounty....,Intermediate media,
139,E,"Video showing a vacant lot at a Venice, California, address where 26 voters were registered exposes voter fraud.",main.sbcounty.gov,Unclear website,Partially relevant
139,E,"Video showing a vacant lot at a Venice, California, address where 26 voters were registered exposes voter fraud.",justice.gov,Local organization,
139,E,"Video showing a vacant lot at a Venice, California, address where 26 voters were registered exposes voter fraud.",planning.lacity.gov,Local organization,
139,E,"Video showing a vacant lot at a Venice, California, address where 26 voters were registered exposes voter fraud.",planning.lacity.gov,Local organization,
139,E,"Video showing a vacant lot at a Venice, California, address where 26 voters were registered exposes voter fraud.",lavote.gov,Local organization,
139,E,"Video showing a vacant lot at a Venice, California, address where 26 voters were registered exposes voter fraud.",lacounty.gov,Intermediate media,Relevant
139,E,"Video showing a vacant lot at a Venice, California, address where 26 voters were registered exposes voter fraud.",rpvca.gov,Local organization,
139,E,"Video showing a vacant lot at a Venice, California, address where 26 voters were registered exposes voter fraud.",file.lacounty.gov,Local organization,
139,E,"Video showing a vacant lot at a Venice, California, address where 26 voters were registered exposes voter fraud.",lacounty.gov,Local organization,
139,E,"Video showing a vacant lot at a Venice, California, address where 26 voters were registered exposes voter fraud.",da.lacounty.gov,Local organization,
139,E,"Video showing a vacant lot at a Venice, California, address where 26 voters were registered exposes voter fraud.",democracydocket.com,Local organization,
139,E,"Video showing a vacant lot at a Venice, California, address where 26 voters were registered exposes voter fraud.",policyarchive.org,Intermediate media,
139,E,"Video showing a vacant lot at a Venice, California, address where 26 voters were registered exposes voter fraud.",scgov.net,Intermediate media,
139,E,"Video showing a vacant lot at a Venice, California, address where 26 voters were registered exposes voter fraud.",planning.lacity.gov,Local organization,
140,F,"Une vidéo montrant un terrain vague à une adresse de Venice, en Californie, où 26 électeurs seraient inscrits, révélerait une fraude électorale.",0,Unclear website,Partially relevant
141,E,The former U.S. childhood vaccine schedule called for babies to get 72 injections.,cdc.gov,Local organization,
141,E,The former U.S. childhood vaccine schedule called for babies to get 72 injections.,cdc.gov,Local organization,
141,E,The former U.S. childhood vaccine schedule called for babies to get 72 injections.,cdc.gov,Local organization,
141,E,The former U.S. childhood vaccine schedule called for babies to get 72 injections.,cdc.gov,Local organization,
141,E,The former U.S. childhood vaccine schedule called for babies to get 72 injections.,cdc.gov,Local organization,
141,E,The former U.S. childhood vaccine schedule called for babies to get 72 injections.,cdc.gov,Local organization,
141,E,The former U.S. childhood vaccine schedule called for babies to get 72 injections.,cdc.gov,Local organization,
141,E,The former U.S. childhood vaccine schedule called for babies to get 72 injections.,npr.org,Journalistic source,
141,E,The former U.S. childhood vaccine schedule called for babies to get 72 injections.,sciencedirect.com,Scientific source,
141,E,The former U.S. childhood vaccine schedule called for babies to get 72 injections.,sciencedirect.com,Scientific source,
141,E,The former U.S. childhood vaccine schedule called for babies to get 72 injections.,pmc.ncbi.nlm.nih.gov,Scientific source,
141,E,The former U.S. childhood vaccine schedule called for babies to get 72 injections.,ncbi.nlm.nih.gov,Scientific source,
141,E,The former U.S. childhood vaccine schedule called for babies to get 72 injections.,pmc.ncbi.nlm.nih.gov,Scientific source,
141,E,The former U.S. childhood vaccine schedule called for babies to get 72 injections.,pmc.ncbi.nlm.nih.gov,Scientific source,
141,E,The former U.S. childhood vaccine schedule called for babies to get 72 injections.,pbs.org,Intermediate media,
141,E,The former U.S. childhood vaccine schedule called for babies to get 72 injections.,kff.org,Local organization,
141,E,The former U.S. childhood vaccine schedule called for babies to get 72 injections.,chop.edu,Scientific source,
141,E,The former U.S. childhood vaccine schedule called for babies to get 72 injections.,chop.edu,Scientific source,
141,E,The former U.S. childhood vaccine schedule called for babies to get 72 injections.,ysph.yale.edu,Scientific source,
141,E,The former U.S. childhood vaccine schedule called for babies to get 72 injections.,jamanetwork.com,Scientific source,
141,E,The former U.S. childhood vaccine schedule called for babies to get 72 injections.,immunize.org,Intermediate media,
141,E,The former U.S. childhood vaccine schedule called for babies to get 72 injections.,abcnews.com,Journalistic source,
141,E,The former U.S. childhood vaccine schedule called for babies to get 72 injections.,my.clevelandclinic.org,Intermediate media,
141,E,The former U.S. childhood vaccine schedule called for babies to get 72 injections.,historyofvaccines.org,Intermediate media,
141,E,The former U.S. childhood vaccine schedule called for babies to get 72 injections.,fda.gov,Local organization,
141,E,The former U.S. childhood vaccine schedule called for babies to get 72 injections.,healthychildren.org,Intermediate media,
141,E,The former U.S. childhood vaccine schedule called for babies to get 72 injections.,healthychildren.org,Intermediate media,
141,E,The former U.S. childhood vaccine schedule called for babies to get 72 injections.,phrma.org,Intermediate media,
141,E,The former U.S. childhood vaccine schedule called for babies to get 72 injections.,aamc.org,Intermediate media,
141,E,The former U.S. childhood vaccine schedule called for babies to get 72 injections.,cidrap.umn.edu,Scientific source,
141,E,The former U.S. childhood vaccine schedule called for babies to get 72 injections.,health.ucdavis.edu,Scientific source,
141,E,The former U.S. childhood vaccine schedule called for babies to get 72 injections.,aafp.org,Intermediate media,
141,E,The former U.S. childhood vaccine schedule called for babies to get 72 injections.,cidrap.umn.edu,Scientific source,
141,E,The former U.S. childhood vaccine schedule called for babies to get 72 injections.,publichealth.jhu.edu,Scientific source,
141,E,The former U.S. childhood vaccine schedule called for babies to get 72 injections.,mass.gov,Local organization,
141,E,The former U.S. childhood vaccine schedule called for babies to get 72 injections.,hepb.org,Intermediate media,
142,F,L'ancien calendrier vaccinal infantile américain aurait prévu 72 injections pour les bébés.,archive.cdc.gov,Unclear website,Out of context
142,F,L'ancien calendrier vaccinal infantile américain aurait prévu 72 injections pour les bébés.,stacks.cdc.gov,Unclear website,Partially relevant
142,F,L'ancien calendrier vaccinal infantile américain aurait prévu 72 injections pour les bébés.,archive.cdc.gov,Unclear website,Partially relevant
142,F,L'ancien calendrier vaccinal infantile américain aurait prévu 72 injections pour les bébés.,paho.org,Mondial organization,
142,F,L'ancien calendrier vaccinal infantile américain aurait prévu 72 injections pour les bébés.,sciencedirect.com,Scientific source,
142,F,L'ancien calendrier vaccinal infantile américain aurait prévu 72 injections pour les bébés.,sciencedirect.com,Scientific source,
142,F,L'ancien calendrier vaccinal infantile américain aurait prévu 72 injections pour les bébés.,pmc.ncbi.nlm.nih.gov,Scientific source,
142,F,L'ancien calendrier vaccinal infantile américain aurait prévu 72 injections pour les bébés.,pmc.ncbi.nlm.nih.gov,Unclear website,Out of context
142,F,L'ancien calendrier vaccinal infantile américain aurait prévu 72 injections pour les bébés.,pmc.ncbi.nlm.nih.gov,Scientific source,
142,F,L'ancien calendrier vaccinal infantile américain aurait prévu 72 injections pour les bébés.,pmc.ncbi.nlm.nih.gov,Scientific source,
142,F,L'ancien calendrier vaccinal infantile américain aurait prévu 72 injections pour les bébés.,pmc.ncbi.nlm.nih.gov,Scientific source,
142,F,L'ancien calendrier vaccinal infantile américain aurait prévu 72 injections pour les bébés.,who.int,Mondial organization,
142,F,L'ancien calendrier vaccinal infantile américain aurait prévu 72 injections pour les bébés.,cdn.who.int,Mondial organization,
142,F,L'ancien calendrier vaccinal infantile américain aurait prévu 72 injections pour les bébés.,afro.who.int,Mondial organization,
142,F,L'ancien calendrier vaccinal infantile américain aurait prévu 72 injections pour les bébés.,has-sante.fr,Intermediate media,
142,F,L'ancien calendrier vaccinal infantile américain aurait prévu 72 injections pour les bébés.,beh.santepubliquefrance.fr,Local organization,
142,F,L'ancien calendrier vaccinal infantile américain aurait prévu 72 injections pour les bébés.,infovac.fr,Intermediate media,
142,F,L'ancien calendrier vaccinal infantile américain aurait prévu 72 injections pour les bébés.,professionnels.vaccination-...,Intermediate media,
142,F,L'ancien calendrier vaccinal infantile américain aurait prévu 72 injections pour les bébés.,cdc.gov,Journalistic source,Partially relevant
142,F,L'ancien calendrier vaccinal infantile américain aurait prévu 72 injections pour les bébés.,clearinghouse.unicef.org,Mondial organization,
142,F,L'ancien calendrier vaccinal infantile américain aurait prévu 72 injections pour les bébés.,mesvaccins.net,Intermediate media,
142,F,L'ancien calendrier vaccinal infantile américain aurait prévu 72 injections pour les bébés.,mesvaccins.net,Intermediate media,
142,F,L'ancien calendrier vaccinal infantile américain aurait prévu 72 injections pour les bébés.,mesvaccins.net,Intermediate media,
142,F,L'ancien calendrier vaccinal infantile américain aurait prévu 72 injections pour les bébés.,journalofadventisteduca...,Intermediate media,
142,F,L'ancien calendrier vaccinal infantile américain aurait prévu 72 injections pour les bébés.,merckmanuals.com,Journalistic source,Partially relevant
142,F,L'ancien calendrier vaccinal infantile américain aurait prévu 72 injections pour les bébés.,polioeradication.org,Government / public institution,Out of context
142,F,L'ancien calendrier vaccinal infantile américain aurait prévu 72 injections pour les bébés.,polioeradication.org,Intermediate media,
142,F,L'ancien calendrier vaccinal infantile américain aurait prévu 72 injections pour les bébés.,canada.ca,Local organization,
142,F,L'ancien calendrier vaccinal infantile américain aurait prévu 72 injections pour les bébés.,doctorlovejoy.com,Intermediate media,
142,F,L'ancien calendrier vaccinal infantile américain aurait prévu 72 injections pour les bébés.,canada.ca,Local organization,
142,F,L'ancien calendrier vaccinal infantile américain aurait prévu 72 injections pour les bébés.,bag.admin.ch,Local organization,
142,F,L'ancien calendrier vaccinal infantile américain aurait prévu 72 injections pour les bébés.,gpip.fr,Intermediate media,
142,F,L'ancien calendrier vaccinal infantile américain aurait prévu 72 injections pour les bébés.,canada.ca,Local organization,
142,F,L'ancien calendrier vaccinal infantile américain aurait prévu 72 injections pour les bébés.,bag.admin.ch,Local organization,
142,F,L'ancien calendrier vaccinal infantile américain aurait prévu 72 injections pour les bébés.,service-public.gouv.fr,Local organization,
142,F,L'ancien calendrier vaccinal infantile américain aurait prévu 72 injections pour les bébés.,fwpeds.com,Intermediate media,
142,F,L'ancien calendrier vaccinal infantile américain aurait prévu 72 injections pour les bébés.,canada.ca,Local organization,
142,F,L'ancien calendrier vaccinal infantile américain aurait prévu 72 injections pour les bébés.,merckmanuals.com,Government / public institution,Out of context
143,E,A letter sent to postal service employees about working during emergencies such as civil unrest is a sign that President Donald Trump will impose martial law.,snopes.com,Journalistic source,
143,E,A letter sent to postal service employees about working during emergencies such as civil unrest is a sign that President Donald Trump will impose martial law.,oversightdemocrats.house.go...,Intermediate media,
143,E,A letter sent to postal service employees about working during emergencies such as civil unrest is a sign that President Donald Trump will impose martial law.,lofgren.house.gov,Local organization,
143,E,A letter sent to postal service employees about working during emergencies such as civil unrest is a sign that President Donald Trump will impose martial law.,govexec.com,Journalistic source,
143,E,A letter sent to postal service employees about working during emergencies such as civil unrest is a sign that President Donald Trump will impose martial law.,govexec.com,Journalistic source,
143,E,A letter sent to postal service employees about working during emergencies such as civil unrest is a sign that President Donald Trump will impose martial law.,politifact.com,Journalistic source,
143,E,A letter sent to postal service employees about working during emergencies such as civil unrest is a sign that President Donald Trump will impose martial law.,brennancenter.org,Local organization,
143,E,A letter sent to postal service employees about working during emergencies such as civil unrest is a sign that President Donald Trump will impose martial law.,brennancenter.org,Local organization,
143,E,A letter sent to postal service employees about working during emergencies such as civil unrest is a sign that President Donald Trump will impose martial law.,whitehouse.gov,Local organization,
143,E,A letter sent to postal service employees about working during emergencies such as civil unrest is a sign that President Donald Trump will impose martial law.,whitehouse.gov,Local organization,
143,E,A letter sent to postal service employees about working during emergencies such as civil unrest is a sign that President Donald Trump will impose martial law.,opm.gov,Local organization,
143,E,A letter sent to postal service employees about working during emergencies such as civil unrest is a sign that President Donald Trump will impose martial law.,dol.gov,Local organization,
143,E,A letter sent to postal service employees about working during emergencies such as civil unrest is a sign that President Donald Trump will impose martial law.,opm.gov,Local organization,
143,E,A letter sent to postal service employees about working during emergencies such as civil unrest is a sign that President Donald Trump will impose martial law.,dfas.mil,Intermediate media,
143,E,A letter sent to postal service employees about working during emergencies such as civil unrest is a sign that President Donald Trump will impose martial law.,about.usps.com,Intermediate media,
143,E,A letter sent to postal service employees about working during emergencies such as civil unrest is a sign that President Donald Trump will impose martial law.,votingrightslab.org,Local organization,
144,F,"Une lettre envoyée aux employés de la poste concernant le travail en cas d'urgence, comme des troubles civils, serait un signe que le président Trump imposera la loi martiale.",amnesty.org,Mondial organization,
144,F,"Une lettre envoyée aux employés de la poste concernant le travail en cas d'urgence, comme des troubles civils, serait un signe que le président Trump imposera la loi martiale.",amnesty.org,Intermediate media,Out of context
144,F,"Une lettre envoyée aux employés de la poste concernant le travail en cas d'urgence, comme des troubles civils, serait un signe que le président Trump imposera la loi martiale.",assemblee-nationale.fr,Local organization,
144,F,"Une lettre envoyée aux employés de la poste concernant le travail en cas d'urgence, comme des troubles civils, serait un signe que le président Trump imposera la loi martiale.",theses.hal.science,Scientific source,
144,F,"Une lettre envoyée aux employés de la poste concernant le travail en cas d'urgence, comme des troubles civils, serait un signe que le président Trump imposera la loi martiale.",blog.juspoliticum.com,Intermediate media,Partially relevant
144,F,"Une lettre envoyée aux employés de la poste concernant le travail en cas d'urgence, comme des troubles civils, serait un signe que le président Trump imposera la loi martiale.",conseil-etat.fr,Unclear website,Partially relevant
144,F,"Une lettre envoyée aux employés de la poste concernant le travail en cas d'urgence, comme des troubles civils, serait un signe que le président Trump imposera la loi martiale.",conseil-etat.fr,Local organization,
144,F,"Une lettre envoyée aux employés de la poste concernant le travail en cas d'urgence, comme des troubles civils, serait un signe que le président Trump imposera la loi martiale.",lincoln.edu,Unclear website,Partially relevant
144,F,"Une lettre envoyée aux employés de la poste concernant le travail en cas d'urgence, comme des troubles civils, serait un signe que le président Trump imposera la loi martiale.",www2.assemblee-nationale.fr...,Unclear website,Out of context
144,F,"Une lettre envoyée aux employés de la poste concernant le travail en cas d'urgence, comme des troubles civils, serait un signe que le président Trump imposera la loi martiale.",theses.fr,Scientific source,
144,F,"Une lettre envoyée aux employés de la poste concernant le travail en cas d'urgence, comme des troubles civils, serait un signe que le président Trump imposera la loi martiale.",senat.fr,Local organization,
144,F,"Une lettre envoyée aux employés de la poste concernant le travail en cas d'urgence, comme des troubles civils, serait un signe que le président Trump imposera la loi martiale.",commissionsurletatdurgence....,Intermediate media,
144,F,"Une lettre envoyée aux employés de la poste concernant le travail en cas d'urgence, comme des troubles civils, serait un signe que le président Trump imposera la loi martiale.",senat.fr,Unclear website,Partially relevant
144,F,"Une lettre envoyée aux employés de la poste concernant le travail en cas d'urgence, comme des troubles civils, serait un signe que le président Trump imposera la loi martiale.",ipu.org,Unclear website,Out of context
144,F,"Une lettre envoyée aux employés de la poste concernant le travail en cas d'urgence, comme des troubles civils, serait un signe que le président Trump imposera la loi martiale.",chrono.cercec.fr,Intermediate media,
144,F,"Une lettre envoyée aux employés de la poste concernant le travail en cas d'urgence, comme des troubles civils, serait un signe que le président Trump imposera la loi martiale.",assemblee-nationale.fr,Local organization,
145,E,"By federal law, if you sign someone up for Medicaid, you also give them the right to vote. This is political patronage at the expense of Medicaid.",kff.org,Local organization,
145,E,"By federal law, if you sign someone up for Medicaid, you also give them the right to vote. This is political patronage at the expense of Medicaid.",kff.org,Local organization,
145,E,"By federal law, if you sign someone up for Medicaid, you also give them the right to vote. This is political patronage at the expense of Medicaid.",whitehouse.gov,Local organization,
145,E,"By federal law, if you sign someone up for Medicaid, you also give them the right to vote. This is political patronage at the expense of Medicaid.",americanprogress.org,Local organization,
145,E,"By federal law, if you sign someone up for Medicaid, you also give them the right to vote. This is political patronage at the expense of Medicaid.",iowacapitaldispatch.com,Journalistic source,
145,E,"By federal law, if you sign someone up for Medicaid, you also give them the right to vote. This is political patronage at the expense of Medicaid.",astho.org,Intermediate media,
145,E,"By federal law, if you sign someone up for Medicaid, you also give them the right to vote. This is political patronage at the expense of Medicaid.",ada.gov,Local organization,
145,E,"By federal law, if you sign someone up for Medicaid, you also give them the right to vote. This is political patronage at the expense of Medicaid.",leg.state.nv.us,Intermediate media,
145,E,"By federal law, if you sign someone up for Medicaid, you also give them the right to vote. This is political patronage at the expense of Medicaid.",supreme.justia.com,Local organization,
145,E,"By federal law, if you sign someone up for Medicaid, you also give them the right to vote. This is political patronage at the expense of Medicaid.",justice.gov,Local organization,
145,E,"By federal law, if you sign someone up for Medicaid, you also give them the right to vote. This is political patronage at the expense of Medicaid.",ssa.gov,Local organization,
145,E,"By federal law, if you sign someone up for Medicaid, you also give them the right to vote. This is political patronage at the expense of Medicaid.",flsenate.gov,Local organization,
145,E,"By federal law, if you sign someone up for Medicaid, you also give them the right to vote. This is political patronage at the expense of Medicaid.",medicarerights.org,Intermediate media,
145,E,"By federal law, if you sign someone up for Medicaid, you also give them the right to vote. This is political patronage at the expense of Medicaid.",acl.gov,Local organization,
145,E,"By federal law, if you sign someone up for Medicaid, you also give them the right to vote. This is political patronage at the expense of Medicaid.",lao.ca.gov,Local organization,
145,E,"By federal law, if you sign someone up for Medicaid, you also give them the right to vote. This is political patronage at the expense of Medicaid.",medicaid.ncdhhs.gov,Local organization,
145,E,"By federal law, if you sign someone up for Medicaid, you also give them the right to vote. This is political patronage at the expense of Medicaid.",governor.wa.gov,Local organization,
145,E,"By federal law, if you sign someone up for Medicaid, you also give them the right to vote. This is political patronage at the expense of Medicaid.",medicareadvocacy.org,Intermediate media,
145,E,"By federal law, if you sign someone up for Medicaid, you also give them the right to vote. This is political patronage at the expense of Medicaid.",ncsbe.gov,Local organization,
145,E,"By federal law, if you sign someone up for Medicaid, you also give them the right to vote. This is political patronage at the expense of Medicaid.",responsivegov.org,Intermediate media,
145,E,"By federal law, if you sign someone up for Medicaid, you also give them the right to vote. This is political patronage at the expense of Medicaid.",dss.nv.gov,Local organization,
145,E,"By federal law, if you sign someone up for Medicaid, you also give them the right to vote. This is political patronage at the expense of Medicaid.",dfcs.georgia.gov,Scientific source,Out of context
145,E,"By federal law, if you sign someone up for Medicaid, you also give them the right to vote. This is political patronage at the expense of Medicaid.",sos.state.co.us,Intermediate media,
145,E,"By federal law, if you sign someone up for Medicaid, you also give them the right to vote. This is political patronage at the expense of Medicaid.",sos.tn.gov,Local organization,
145,E,"By federal law, if you sign someone up for Medicaid, you also give them the right to vote. This is political patronage at the expense of Medicaid.",elections.virginia.gov,Local organization,
145,E,"By federal law, if you sign someone up for Medicaid, you also give them the right to vote. This is political patronage at the expense of Medicaid.",sos.alabama.gov,Local organization,
146,F,"Selon la loi fédérale, inscrire quelqu'un à Medicaid lui donnerait aussi le droit de vote — un clientélisme politique aux frais de Medicaid.",amnesty.org,Mondial organization,
146,F,"Selon la loi fédérale, inscrire quelqu'un à Medicaid lui donnerait aussi le droit de vote — un clientélisme politique aux frais de Medicaid.",researchgate.net,Scientific source,
146,F,"Selon la loi fédérale, inscrire quelqu'un à Medicaid lui donnerait aussi le droit de vote — un clientélisme politique aux frais de Medicaid.",blog.juspoliticum.com,Intermediate media,
146,F,"Selon la loi fédérale, inscrire quelqu'un à Medicaid lui donnerait aussi le droit de vote — un clientélisme politique aux frais de Medicaid.",amnesty.fr,Intermediate media,
146,F,"Selon la loi fédérale, inscrire quelqu'un à Medicaid lui donnerait aussi le droit de vote — un clientélisme politique aux frais de Medicaid.",hal.science,Scientific source,
146,F,"Selon la loi fédérale, inscrire quelqu'un à Medicaid lui donnerait aussi le droit de vote — un clientélisme politique aux frais de Medicaid.",pulaval.com,Intermediate media,
146,F,"Selon la loi fédérale, inscrire quelqu'un à Medicaid lui donnerait aussi le droit de vote — un clientélisme politique aux frais de Medicaid.",theses.fr,Scientific source,
146,F,"Selon la loi fédérale, inscrire quelqu'un à Medicaid lui donnerait aussi le droit de vote — un clientélisme politique aux frais de Medicaid.",classiques.uqam.ca,Scientific source,
146,F,"Selon la loi fédérale, inscrire quelqu'un à Medicaid lui donnerait aussi le droit de vote — un clientélisme politique aux frais de Medicaid.",images.transparencycdn.org,Unclear website,Out of context
146,F,"Selon la loi fédérale, inscrire quelqu'un à Medicaid lui donnerait aussi le droit de vote — un clientélisme politique aux frais de Medicaid.",theses.hal.science,Scientific source,
146,F,"Selon la loi fédérale, inscrire quelqu'un à Medicaid lui donnerait aussi le droit de vote — un clientélisme politique aux frais de Medicaid.",fr.scribd.com,Intermediate media,
146,F,"Selon la loi fédérale, inscrire quelqu'un à Medicaid lui donnerait aussi le droit de vote — un clientélisme politique aux frais de Medicaid.",livre21.com,Intermediate media,
146,F,"Selon la loi fédérale, inscrire quelqu'un à Medicaid lui donnerait aussi le droit de vote — un clientélisme politique aux frais de Medicaid.",droit.cairn.info,Scientific source,
146,F,"Selon la loi fédérale, inscrire quelqu'un à Medicaid lui donnerait aussi le droit de vote — un clientélisme politique aux frais de Medicaid.",telescope.enap.ca,Scientific source,Out of context
146,F,"Selon la loi fédérale, inscrire quelqu'un à Medicaid lui donnerait aussi le droit de vote — un clientélisme politique aux frais de Medicaid.",fr.scribd.com,Intermediate media,
146,F,"Selon la loi fédérale, inscrire quelqu'un à Medicaid lui donnerait aussi le droit de vote — un clientélisme politique aux frais de Medicaid.",archive.org,Intermediate media,
146,F,"Selon la loi fédérale, inscrire quelqu'un à Medicaid lui donnerait aussi le droit de vote — un clientélisme politique aux frais de Medicaid.",dante.univ-tlse2.fr,Intermediate media,
146,F,"Selon la loi fédérale, inscrire quelqu'un à Medicaid lui donnerait aussi le droit de vote — un clientélisme politique aux frais de Medicaid.",saif.world,Intermediate media,
146,F,"Selon la loi fédérale, inscrire quelqu'un à Medicaid lui donnerait aussi le droit de vote — un clientélisme politique aux frais de Medicaid.",jean-jaures.org,Local organization,
146,F,"Selon la loi fédérale, inscrire quelqu'un à Medicaid lui donnerait aussi le droit de vote — un clientélisme politique aux frais de Medicaid.",theses.hal.science,Scientific source,
146,F,"Selon la loi fédérale, inscrire quelqu'un à Medicaid lui donnerait aussi le droit de vote — un clientélisme politique aux frais de Medicaid.",shs.cairn.info,Scientific source,Out of context
146,F,"Selon la loi fédérale, inscrire quelqu'un à Medicaid lui donnerait aussi le droit de vote — un clientélisme politique aux frais de Medicaid.",ifri.org,Unclear website,Out of context
147,E,"If we stop this fraud, this massive fraud, we're going to have a balanced budget.",cbo.gov,Local organization,
147,E,"If we stop this fraud, this massive fraud, we're going to have a balanced budget.",scottpeters.house.gov,Local organization,
147,E,"If we stop this fraud, this massive fraud, we're going to have a balanced budget.",budget.house.gov,Scientific source,Out of context
147,E,"If we stop this fraud, this massive fraud, we're going to have a balanced budget.",budget.house.gov,Local organization,
147,E,"If we stop this fraud, this massive fraud, we're going to have a balanced budget.",pubmed.ncbi.nlm.nih.gov,Unclear website,Out of context
147,E,"If we stop this fraud, this massive fraud, we're going to have a balanced budget.",pmc.ncbi.nlm.nih.gov,Scientific source,
147,E,"If we stop this fraud, this massive fraud, we're going to have a balanced budget.",crfb.org,Local organization,
147,E,"If we stop this fraud, this massive fraud, we're going to have a balanced budget.",crfb.org,Local organization,
147,E,"If we stop this fraud, this massive fraud, we're going to have a balanced budget.",gao.gov,Local organization,
147,E,"If we stop this fraud, this massive fraud, we're going to have a balanced budget.",gao.gov,Local organization,
147,E,"If we stop this fraud, this massive fraud, we're going to have a balanced budget.",brookings.edu,Scientific source,
147,E,"If we stop this fraud, this massive fraud, we're going to have a balanced budget.",kff.org,Local organization,
147,E,"If we stop this fraud, this massive fraud, we're going to have a balanced budget.",commonwealthfund.org,Local organization,
147,E,"If we stop this fraud, this massive fraud, we're going to have a balanced budget.",cato.org,Local organization,
147,E,"If we stop this fraud, this massive fraud, we're going to have a balanced budget.",cato.org,Local organization,
147,E,"If we stop this fraud, this massive fraud, we're going to have a balanced budget.",whitehouse.gov,Local organization,
147,E,"If we stop this fraud, this massive fraud, we're going to have a balanced budget.",whitehouse.gov,Local organization,
147,E,"If we stop this fraud, this massive fraud, we're going to have a balanced budget.",federalreserve.gov,Unclear website,Out of context
147,E,"If we stop this fraud, this massive fraud, we're going to have a balanced budget.",vbidcenter.org,Unclear website,Relevant
147,E,"If we stop this fraud, this massive fraud, we're going to have a balanced budget.",irs.gov,Unclear website,Partially relevant
147,E,"If we stop this fraud, this massive fraud, we're going to have a balanced budget.",fiscaldata.treasury.gov,Unclear website,Out of context
147,E,"If we stop this fraud, this massive fraud, we're going to have a balanced budget.",ssa.gov,Intermediate media,Out of context
147,E,"If we stop this fraud, this massive fraud, we're going to have a balanced budget.",lsc.gov,Local organization,
148,F,"« Si nous arrêtons cette fraude, cette fraude massive, nous aurons un budget équilibré ».",ccomptes.fr,Unclear website,Out of context
148,F,"« Si nous arrêtons cette fraude, cette fraude massive, nous aurons un budget équilibré ».",pefa.org,Intermediate media,
148,F,"« Si nous arrêtons cette fraude, cette fraude massive, nous aurons un budget équilibré ».",documents1.worldbank.org,Mondial organization,
148,F,"« Si nous arrêtons cette fraude, cette fraude massive, nous aurons un budget équilibré ».",pefa.org,Intermediate media,
148,F,"« Si nous arrêtons cette fraude, cette fraude massive, nous aurons un budget équilibré ».",assemblee-nationale.fr,Local organization,
148,F,"« Si nous arrêtons cette fraude, cette fraude massive, nous aurons un budget équilibré ».",digitallibrary.un.org,Mondial organization,
148,F,"« Si nous arrêtons cette fraude, cette fraude massive, nous aurons un budget équilibré ».",un.org,Unclear website,Out of context
148,F,"« Si nous arrêtons cette fraude, cette fraude massive, nous aurons un budget équilibré ».",documents1.worldbank.org,Mondial organization,
148,F,"« Si nous arrêtons cette fraude, cette fraude massive, nous aurons un budget équilibré ».",publicadministration.desa.u...,Intermediate media,
148,F,"« Si nous arrêtons cette fraude, cette fraude massive, nous aurons un budget équilibré ».",theses.hal.science,Scientific source,
148,F,"« Si nous arrêtons cette fraude, cette fraude massive, nous aurons un budget équilibré ».",finances.gouv.qc.ca,Local organization,
148,F,"« Si nous arrêtons cette fraude, cette fraude massive, nous aurons un budget équilibré ».",belgium.be,Unclear website,Out of context
148,F,"« Si nous arrêtons cette fraude, cette fraude massive, nous aurons un budget équilibré ».",internationalbudget.org,Intermediate media,
148,F,"« Si nous arrêtons cette fraude, cette fraude massive, nous aurons un budget équilibré ».",right-to-education.org,Intermediate media,
148,F,"« Si nous arrêtons cette fraude, cette fraude massive, nous aurons un budget équilibré ».",theses.hal.science,Unclear website,Out of context
148,F,"« Si nous arrêtons cette fraude, cette fraude massive, nous aurons un budget équilibré ».",eca.europa.eu,Mondial organization,
148,F,"« Si nous arrêtons cette fraude, cette fraude massive, nous aurons un budget équilibré ».",assemblee-nationale.fr,Local organization,
148,F,"« Si nous arrêtons cette fraude, cette fraude massive, nous aurons un budget équilibré ».",oecd.org,Mondial organization,
148,F,"« Si nous arrêtons cette fraude, cette fraude massive, nous aurons un budget équilibré ».",ccomptes.fr,Local organization,
148,F,"« Si nous arrêtons cette fraude, cette fraude massive, nous aurons un budget équilibré ».",oas.org,Mondial organization,
148,F,"« Si nous arrêtons cette fraude, cette fraude massive, nous aurons un budget équilibré ».",budget.gouv.fr,Local organization,
148,F,"« Si nous arrêtons cette fraude, cette fraude massive, nous aurons un budget équilibré ».",oecd.org,Scientific source,Out of context
148,F,"« Si nous arrêtons cette fraude, cette fraude massive, nous aurons un budget équilibré ».",immigrantjustice.org,Intermediate media,
148,F,"« Si nous arrêtons cette fraude, cette fraude massive, nous aurons un budget équilibré ».",senat.fr,Local organization,
148,F,"« Si nous arrêtons cette fraude, cette fraude massive, nous aurons un budget équilibré ».",asp.gouv.fr,Local organization,
148,F,"« Si nous arrêtons cette fraude, cette fraude massive, nous aurons un budget équilibré ».",assemblee-nationale.fr,Local organization,
148,F,"« Si nous arrêtons cette fraude, cette fraude massive, nous aurons un budget équilibré ».",budget.gouv.fr,Local organization,
148,F,"« Si nous arrêtons cette fraude, cette fraude massive, nous aurons un budget équilibré ».",budget.gouv.fr,Local organization,
148,F,"« Si nous arrêtons cette fraude, cette fraude massive, nous aurons un budget équilibré ».",oecd.org,Unclear website,Out of context
149,E,A document shows Minnesota shooting victim Renee Good had a record of child abuse.,apnews.com,Journalistic source,
149,E,A document shows Minnesota shooting victim Renee Good had a record of child abuse.,npr.org,Journalistic source,
149,E,A document shows Minnesota shooting victim Renee Good had a record of child abuse.,spotlightpa.org,Intermediate media,
149,E,A document shows Minnesota shooting victim Renee Good had a record of child abuse.,kctv5.com,Intermediate media,
149,E,A document shows Minnesota shooting victim Renee Good had a record of child abuse.,pbs.org,Intermediate media,
149,E,A document shows Minnesota shooting victim Renee Good had a record of child abuse.,pbs.org,Intermediate media,
149,E,A document shows Minnesota shooting victim Renee Good had a record of child abuse.,pbs.org,Intermediate media,
149,E,A document shows Minnesota shooting victim Renee Good had a record of child abuse.,kansascity.com,Journalistic source,
149,E,A document shows Minnesota shooting victim Renee Good had a record of child abuse.,americanimmigrationcoun...,Local organization,
149,E,A document shows Minnesota shooting victim Renee Good had a record of child abuse.,brennancenter.org,Local organization,
149,E,A document shows Minnesota shooting victim Renee Good had a record of child abuse.,news.sky.com,Journalistic source,
149,E,A document shows Minnesota shooting victim Renee Good had a record of child abuse.,theguardian.com,Journalistic source,
149,E,A document shows Minnesota shooting victim Renee Good had a record of child abuse.,theguardian.com,Journalistic source,
149,E,A document shows Minnesota shooting victim Renee Good had a record of child abuse.,mynews4.com,Intermediate media,
149,E,A document shows Minnesota shooting victim Renee Good had a record of child abuse.,abcnews.com,Journalistic source,
149,E,A document shows Minnesota shooting victim Renee Good had a record of child abuse.,cnn.com,Journalistic source,
149,E,A document shows Minnesota shooting victim Renee Good had a record of child abuse.,abc7news.com,Journalistic source,
149,E,A document shows Minnesota shooting victim Renee Good had a record of child abuse.,wbur.org,Intermediate media,
149,E,A document shows Minnesota shooting victim Renee Good had a record of child abuse.,rblaw.net,Intermediate media,
149,E,A document shows Minnesota shooting victim Renee Good had a record of child abuse.,wicourts.gov,Local organization,
149,E,A document shows Minnesota shooting victim Renee Good had a record of child abuse.,nycourts.gov,Local organization,
149,E,A document shows Minnesota shooting victim Renee Good had a record of child abuse.,hennepinattorney.org,Intermediate media,
150,F,"Un document montrerait que Renee Good, victime d'une fusillade au Minnesota, avait un casier pour maltraitance d'enfants.",fr.wikipedia.org,Intermediate media,
150,F,"Un document montrerait que Renee Good, victime d'une fusillade au Minnesota, avait un casier pour maltraitance d'enfants.",leparisien.fr,Unclear website,Relevant
150,F,"Un document montrerait que Renee Good, victime d'une fusillade au Minnesota, avait un casier pour maltraitance d'enfants.",tvanouvelles.ca,Journalistic source,
150,F,"Un document montrerait que Renee Good, victime d'une fusillade au Minnesota, avait un casier pour maltraitance d'enfants.",dumas.ccsd.cnrs.fr,Scientific source,
150,F,"Un document montrerait que Renee Good, victime d'une fusillade au Minnesota, avait un casier pour maltraitance d'enfants.",theses.hal.science,Scientific source,
150,F,"Un document montrerait que Renee Good, victime d'une fusillade au Minnesota, avait un casier pour maltraitance d'enfants.",preventionweb.net,Intermediate media,
150,F,"Un document montrerait que Renee Good, victime d'une fusillade au Minnesota, avait un casier pour maltraitance d'enfants.",theses.hal.science,Scientific source,
150,F,"Un document montrerait que Renee Good, victime d'une fusillade au Minnesota, avait un casier pour maltraitance d'enfants.",unodc.org,Unclear website,Relevant
150,F,"Un document montrerait que Renee Good, victime d'une fusillade au Minnesota, avait un casier pour maltraitance d'enfants.",univ-tlse2.hal.science,Scientific source,
150,F,"Un document montrerait que Renee Good, victime d'une fusillade au Minnesota, avait un casier pour maltraitance d'enfants.",vie-publique.fr,Journalistic source,Relevant
150,F,"Un document montrerait que Renee Good, victime d'une fusillade au Minnesota, avait un casier pour maltraitance d'enfants.",archives.strategie.gouv.fr,Local organization,
150,F,"Un document montrerait que Renee Good, victime d'une fusillade au Minnesota, avait un casier pour maltraitance d'enfants.",repository.graduateinstitut...,Scientific source,
150,F,"Un document montrerait que Renee Good, victime d'une fusillade au Minnesota, avait un casier pour maltraitance d'enfants.",cifas.ca,Intermediate media,
150,F,"Un document montrerait que Renee Good, victime d'une fusillade au Minnesota, avait un casier pour maltraitance d'enfants.",unwomen.org,Journalistic source,Relevant
150,F,"Un document montrerait que Renee Good, victime d'une fusillade au Minnesota, avait un casier pour maltraitance d'enfants.",cmj.univ-amu.fr,Journalistic source,Relevant
150,F,"Un document montrerait que Renee Good, victime d'une fusillade au Minnesota, avait un casier pour maltraitance d'enfants.",justiceinitiative.org,Intermediate media,Relevant
150,F,"Un document montrerait que Renee Good, victime d'une fusillade au Minnesota, avait un casier pour maltraitance d'enfants.",cigionline.org,Journalistic source,Relevant
150,F,"Un document montrerait que Renee Good, victime d'une fusillade au Minnesota, avait un casier pour maltraitance d'enfants.",ica.org,Intermediate media,
150,F,"Un document montrerait que Renee Good, victime d'une fusillade au Minnesota, avait un casier pour maltraitance d'enfants.",theses.hal.science,Journalistic source,Relevant
150,F,"Un document montrerait que Renee Good, victime d'une fusillade au Minnesota, avait un casier pour maltraitance d'enfants.",sciencespo.hal.science,Journalistic source,Relevant
150,F,"Un document montrerait que Renee Good, victime d'une fusillade au Minnesota, avait un casier pour maltraitance d'enfants.",moliere.com,Unclear website,Relevant
150,F,"Un document montrerait que Renee Good, victime d'une fusillade au Minnesota, avait un casier pour maltraitance d'enfants.",franceinfo.fr,Journalistic source,
150,F,"Un document montrerait que Renee Good, victime d'une fusillade au Minnesota, avait un casier pour maltraitance d'enfants.",franceinfo.fr,Journalistic source,
150,F,"Un document montrerait que Renee Good, victime d'une fusillade au Minnesota, avait un casier pour maltraitance d'enfants.",idref.fr,Government / public institution,Relevant
151,E,Credit card companies would be in violation of the law if they don't cap interest rates at 10% by Jan. 20.,reuters.com,Journalistic source,
151,E,Credit card companies would be in violation of the law if they don't cap interest rates at 10% by Jan. 20.,npr.org,Journalistic source,
151,E,Credit card companies would be in violation of the law if they don't cap interest rates at 10% by Jan. 20.,congress.gov,Local organization,
151,E,Credit card companies would be in violation of the law if they don't cap interest rates at 10% by Jan. 20.,bbc.com,Journalistic source,
151,E,Credit card companies would be in violation of the law if they don't cap interest rates at 10% by Jan. 20.,cbsnews.com,Journalistic source,
151,E,Credit card companies would be in violation of the law if they don't cap interest rates at 10% by Jan. 20.,pbs.org,Intermediate media,
151,E,Credit card companies would be in violation of the law if they don't cap interest rates at 10% by Jan. 20.,cnbc.com,Journalistic source,
151,E,Credit card companies would be in violation of the law if they don't cap interest rates at 10% by Jan. 20.,cnbc.com,Journalistic source,
151,E,Credit card companies would be in violation of the law if they don't cap interest rates at 10% by Jan. 20.,wbaltv.com,Journalistic source,
151,E,Credit card companies would be in violation of the law if they don't cap interest rates at 10% by Jan. 20.,banking.senate.gov,Local organization,
151,E,Credit card companies would be in violation of the law if they don't cap interest rates at 10% by Jan. 20.,protectborrowers.org,Intermediate media,
151,E,Credit card companies would be in violation of the law if they don't cap interest rates at 10% by Jan. 20.,ballardspahr.com,Intermediate media,
151,E,Credit card companies would be in violation of the law if they don't cap interest rates at 10% by Jan. 20.,ballardspahr.com,Intermediate media,
151,E,Credit card companies would be in violation of the law if they don't cap interest rates at 10% by Jan. 20.,consumerfinancemonitor....,Intermediate media,
151,E,Credit card companies would be in violation of the law if they don't cap interest rates at 10% by Jan. 20.,law.georgetown.edu,Scientific source,
151,E,Credit card companies would be in violation of the law if they don't cap interest rates at 10% by Jan. 20.,bpi.com,Intermediate media,
151,E,Credit card companies would be in violation of the law if they don't cap interest rates at 10% by Jan. 20.,americascreditunions.or...,Intermediate media,
151,E,Credit card companies would be in violation of the law if they don't cap interest rates at 10% by Jan. 20.,banking.senate.gov,Local organization,
152,F,Les sociétés de cartes de crédit seraient en infraction si elles ne plafonnent pas leurs taux d'intérêt à 10 % avant le 20 janvier.,boursorama.com,Intermediate media,
152,F,Les sociétés de cartes de crédit seraient en infraction si elles ne plafonnent pas leurs taux d'intérêt à 10 % avant le 20 janvier.,banque-france.fr,Local organization,
152,F,Les sociétés de cartes de crédit seraient en infraction si elles ne plafonnent pas leurs taux d'intérêt à 10 % avant le 20 janvier.,documents1.worldbank.org,Mondial organization,
152,F,Les sociétés de cartes de crédit seraient en infraction si elles ne plafonnent pas leurs taux d'intérêt à 10 % avant le 20 janvier.,banque-france.fr,Local organization,
152,F,Les sociétés de cartes de crédit seraient en infraction si elles ne plafonnent pas leurs taux d'intérêt à 10 % avant le 20 janvier.,osfi-bsif.gc.ca,Local organization,
152,F,Les sociétés de cartes de crédit seraient en infraction si elles ne plafonnent pas leurs taux d'intérêt à 10 % avant le 20 janvier.,web2.gov.mb.ca,Unclear website,Relevant
152,F,Les sociétés de cartes de crédit seraient en infraction si elles ne plafonnent pas leurs taux d'intérêt à 10 % avant le 20 janvier.,economie.gouv.fr,Local organization,
152,F,Les sociétés de cartes de crédit seraient en infraction si elles ne plafonnent pas leurs taux d'intérêt à 10 % avant le 20 janvier.,boss.gouv.fr,International organization,Relevant
152,F,Les sociétés de cartes de crédit seraient en infraction si elles ne plafonnent pas leurs taux d'intérêt à 10 % avant le 20 janvier.,opc.gouv.qc.ca,Local organization,
152,F,Les sociétés de cartes de crédit seraient en infraction si elles ne plafonnent pas leurs taux d'intérêt à 10 % avant le 20 janvier.,bceao.int,Mondial organization,
152,F,Les sociétés de cartes de crédit seraient en infraction si elles ne plafonnent pas leurs taux d'intérêt à 10 % avant le 20 janvier.,service-public.gouv.fr,Local organization,
152,F,Les sociétés de cartes de crédit seraient en infraction si elles ne plafonnent pas leurs taux d'intérêt à 10 % avant le 20 janvier.,blog.avocats.deloitte.fr,Intermediate media,
152,F,Les sociétés de cartes de crédit seraient en infraction si elles ne plafonnent pas leurs taux d'intérêt à 10 % avant le 20 janvier.,anah.gouv.fr,Local organization,
152,F,Les sociétés de cartes de crédit seraient en infraction si elles ne plafonnent pas leurs taux d'intérêt à 10 % avant le 20 janvier.,economie.gouv.fr,Local organization,
152,F,Les sociétés de cartes de crédit seraient en infraction si elles ne plafonnent pas leurs taux d'intérêt à 10 % avant le 20 janvier.,osfi-bsif.gc.ca,International organization,Relevant
152,F,Les sociétés de cartes de crédit seraient en infraction si elles ne plafonnent pas leurs taux d'intérêt à 10 % avant le 20 janvier.,ecologie.gouv.fr,Local organization,
152,F,Les sociétés de cartes de crédit seraient en infraction si elles ne plafonnent pas leurs taux d'intérêt à 10 % avant le 20 janvier.,service-public.gouv.fr,Local organization,
152,F,Les sociétés de cartes de crédit seraient en infraction si elles ne plafonnent pas leurs taux d'intérêt à 10 % avant le 20 janvier.,vie-publique.fr,Intermediate media,
152,F,Les sociétés de cartes de crédit seraient en infraction si elles ne plafonnent pas leurs taux d'intérêt à 10 % avant le 20 janvier.,vie-publique.fr,Intermediate media,
152,F,Les sociétés de cartes de crédit seraient en infraction si elles ne plafonnent pas leurs taux d'intérêt à 10 % avant le 20 janvier.,canada.ca,Local organization,
152,F,Les sociétés de cartes de crédit seraient en infraction si elles ne plafonnent pas leurs taux d'intérêt à 10 % avant le 20 janvier.,boss.gouv.fr,Unclear website,Relevant
152,F,Les sociétés de cartes de crédit seraient en infraction si elles ne plafonnent pas leurs taux d'intérêt à 10 % avant le 20 janvier.,am.jpmorgan.com,Unclear website,Relevant
152,F,Les sociétés de cartes de crédit seraient en infraction si elles ne plafonnent pas leurs taux d'intérêt à 10 % avant le 20 janvier.,osfi-bsif.gc.ca,Unclear website,Relevant
152,F,Les sociétés de cartes de crédit seraient en infraction si elles ne plafonnent pas leurs taux d'intérêt à 10 % avant le 20 janvier.,societegenerale.com,Intermediate media,
152,F,Les sociétés de cartes de crédit seraient en infraction si elles ne plafonnent pas leurs taux d'intérêt à 10 % avant le 20 janvier.,parl.ca,International organization,Relevant
152,F,Les sociétés de cartes de crédit seraient en infraction si elles ne plafonnent pas leurs taux d'intérêt à 10 % avant le 20 janvier.,service-public.gouv.fr,Local organization,
152,F,Les sociétés de cartes de crédit seraient en infraction si elles ne plafonnent pas leurs taux d'intérêt à 10 % avant le 20 janvier.,belgium.be,Journalistic source,Relevant
152,F,Les sociétés de cartes de crédit seraient en infraction si elles ne plafonnent pas leurs taux d'intérêt à 10 % avant le 20 janvier.,impots.gouv.fr,Local organization,
153,E,Viral photo shows the woman killed by an ICE agent Jan. 7 in Minneapolis.,apnews.com,Journalistic source,
153,E,Viral photo shows the woman killed by an ICE agent Jan. 7 in Minneapolis.,apnews.com,Journalistic source,
153,E,Viral photo shows the woman killed by an ICE agent Jan. 7 in Minneapolis.,npr.org,Journalistic source,
153,E,Viral photo shows the woman killed by an ICE agent Jan. 7 in Minneapolis.,cbsnews.com,Journalistic source,
153,E,Viral photo shows the woman killed by an ICE agent Jan. 7 in Minneapolis.,kstp.com,Journalistic source,
153,E,Viral photo shows the woman killed by an ICE agent Jan. 7 in Minneapolis.,pbs.org,Intermediate media,
153,E,Viral photo shows the woman killed by an ICE agent Jan. 7 in Minneapolis.,pbs.org,Intermediate media,
153,E,Viral photo shows the woman killed by an ICE agent Jan. 7 in Minneapolis.,abc7ny.com,Journalistic source,
153,E,Viral photo shows the woman killed by an ICE agent Jan. 7 in Minneapolis.,mprnews.org,Intermediate media,
153,E,Viral photo shows the woman killed by an ICE agent Jan. 7 in Minneapolis.,cpr.org,Intermediate media,
153,E,Viral photo shows the woman killed by an ICE agent Jan. 7 in Minneapolis.,aljazeera.com,Journalistic source,
153,E,Viral photo shows the woman killed by an ICE agent Jan. 7 in Minneapolis.,6abc.com,Journalistic source,
153,E,Viral photo shows the woman killed by an ICE agent Jan. 7 in Minneapolis.,calmatters.org,Journalistic source,
153,E,Viral photo shows the woman killed by an ICE agent Jan. 7 in Minneapolis.,abcnews.com,Journalistic source,
153,E,Viral photo shows the woman killed by an ICE agent Jan. 7 in Minneapolis.,abcnews.com,Journalistic source,
153,E,Viral photo shows the woman killed by an ICE agent Jan. 7 in Minneapolis.,wpde.com,Journalistic source,
153,E,Viral photo shows the woman killed by an ICE agent Jan. 7 in Minneapolis.,theintercept.com,Journalistic source,
153,E,Viral photo shows the woman killed by an ICE agent Jan. 7 in Minneapolis.,sahanjournal.com,Journalistic source,
153,E,Viral photo shows the woman killed by an ICE agent Jan. 7 in Minneapolis.,minneapolismn.gov,Local organization,
153,E,Viral photo shows the woman killed by an ICE agent Jan. 7 in Minneapolis.,sahanjournal.com,Journalistic source,
154,F,Une photo virale montrerait la femme tuée par un agent de l'ICE le 7 janvier à Minneapolis.,france24.com,Journalistic source,
154,F,Une photo virale montrerait la femme tuée par un agent de l'ICE le 7 janvier à Minneapolis.,journaldemontreal.com,Journalistic source,
154,F,Une photo virale montrerait la femme tuée par un agent de l'ICE le 7 janvier à Minneapolis.,journaldemontreal.com,Journalistic source,
154,F,Une photo virale montrerait la femme tuée par un agent de l'ICE le 7 janvier à Minneapolis.,journaldemontreal.com,Journalistic source,
154,F,Une photo virale montrerait la femme tuée par un agent de l'ICE le 7 janvier à Minneapolis.,ladepeche.fr,Journalistic source,
154,F,Une photo virale montrerait la femme tuée par un agent de l'ICE le 7 janvier à Minneapolis.,lemonde.fr,Journalistic source,
154,F,Une photo virale montrerait la femme tuée par un agent de l'ICE le 7 janvier à Minneapolis.,lemonde.fr,Journalistic source,
154,F,Une photo virale montrerait la femme tuée par un agent de l'ICE le 7 janvier à Minneapolis.,lemonde.fr,Journalistic source,
154,F,Une photo virale montrerait la femme tuée par un agent de l'ICE le 7 janvier à Minneapolis.,tvanouvelles.ca,Journalistic source,
154,F,Une photo virale montrerait la femme tuée par un agent de l'ICE le 7 janvier à Minneapolis.,tvanouvelles.ca,Journalistic source,
154,F,Une photo virale montrerait la femme tuée par un agent de l'ICE le 7 janvier à Minneapolis.,economie.fgov.be,Intermediate media,
154,F,Une photo virale montrerait la femme tuée par un agent de l'ICE le 7 janvier à Minneapolis.,oleista.com,Unclear website,Relevant
154,F,Une photo virale montrerait la femme tuée par un agent de l'ICE le 7 janvier à Minneapolis.,fr.tradingeconomics.com,Intermediate media,
154,F,Une photo virale montrerait la femme tuée par un agent de l'ICE le 7 janvier à Minneapolis.,touring.be,Unclear website,Relevant
154,F,Une photo virale montrerait la femme tuée par un agent de l'ICE le 7 janvier à Minneapolis.,reussir.fr,Journalistic source,Out of context
154,F,Une photo virale montrerait la femme tuée par un agent de l'ICE le 7 janvier à Minneapolis.,connaissancedesenergies...,Intermediate media,
154,F,Une photo virale montrerait la femme tuée par un agent de l'ICE le 7 janvier à Minneapolis.,france-inflation.com,Intermediate media,
154,F,Une photo virale montrerait la femme tuée par un agent de l'ICE le 7 janvier à Minneapolis.,libnanews.com,Intermediate media,
154,F,Une photo virale montrerait la femme tuée par un agent de l'ICE le 7 janvier à Minneapolis.,wwf.fr,Intermediate media,
154,F,Une photo virale montrerait la femme tuée par un agent de l'ICE le 7 janvier à Minneapolis.,fr.tradingeconomics.com,Intermediate media,
154,F,Une photo virale montrerait la femme tuée par un agent de l'ICE le 7 janvier à Minneapolis.,nbeub.ca,Intermediate media,
154,F,Une photo virale montrerait la femme tuée par un agent de l'ICE le 7 janvier à Minneapolis.,carbu.com,Journalistic source,Out of context
154,F,Une photo virale montrerait la femme tuée par un agent de l'ICE le 7 janvier à Minneapolis.,fr.tradingeconomics.com,Journalistic source,Relevant
154,F,Une photo virale montrerait la femme tuée par un agent de l'ICE le 7 janvier à Minneapolis.,mobiliteclub.fr,Unclear website,Relevant
154,F,Une photo virale montrerait la femme tuée par un agent de l'ICE le 7 janvier à Minneapolis.,virgule.lu,Unclear website,Out of context
154,F,Une photo virale montrerait la femme tuée par un agent de l'ICE le 7 janvier à Minneapolis.,carburants.chiffrex.fr,Unclear website,Partially relevant
155,E,Maduro was flooding America with deadly fentanyl.,congress.gov,Local organization,
155,E,Maduro was flooding America with deadly fentanyl.,bbc.com,Journalistic source,
155,E,Maduro was flooding America with deadly fentanyl.,kcra.com,Journalistic source,
155,E,Maduro was flooding America with deadly fentanyl.,cfr.org,Local organization,
155,E,Maduro was flooding America with deadly fentanyl.,cfr.org,Local organization,
155,E,Maduro was flooding America with deadly fentanyl.,cfr.org,Local organization,
155,E,Maduro was flooding America with deadly fentanyl.,gao.gov,Local organization,
155,E,Maduro was flooding America with deadly fentanyl.,pbs.org,Intermediate media,
155,E,Maduro was flooding America with deadly fentanyl.,pbs.org,Intermediate media,
155,E,Maduro was flooding America with deadly fentanyl.,nytimes.com,Journalistic source,
155,E,Maduro was flooding America with deadly fentanyl.,americanimmigrationcoun...,Local organization,
155,E,Maduro was flooding America with deadly fentanyl.,aljazeera.com,Journalistic source,
155,E,Maduro was flooding America with deadly fentanyl.,aljazeera.com,Journalistic source,
155,E,Maduro was flooding America with deadly fentanyl.,epicenter.wcfia.harvard.edu...,Scientific source,
155,E,Maduro was flooding America with deadly fentanyl.,home.treasury.gov,Local organization,
155,E,Maduro was flooding America with deadly fentanyl.,justice.gov,Local organization,
155,E,Maduro was flooding America with deadly fentanyl.,jurist.org,Journalistic source,
155,E,Maduro was flooding America with deadly fentanyl.,justice.gov,Local organization,
155,E,Maduro was flooding America with deadly fentanyl.,usun.usmission.gov,Local organization,
155,E,Maduro was flooding America with deadly fentanyl.,home.treasury.gov,Local organization,
155,E,Maduro was flooding America with deadly fentanyl.,en.unav.edu,Scientific source,
155,E,Maduro was flooding America with deadly fentanyl.,fsi.stanford.edu,Scientific source,
156,F,Maduro « inondait l'Amérique de fentanyl mortel ».,theconversation.com,Intermediate media,
156,F,Maduro « inondait l'Amérique de fentanyl mortel ».,bbc.com,Journalistic source,
156,F,Maduro « inondait l'Amérique de fentanyl mortel ».,bbc.com,Journalistic source,
156,F,Maduro « inondait l'Amérique de fentanyl mortel ».,bbc.com,Journalistic source,
156,F,Maduro « inondait l'Amérique de fentanyl mortel ».,crisisgroup.org,Mondial organization,
156,F,Maduro « inondait l'Amérique de fentanyl mortel ».,hrw.org,Unclear website,Out of context
156,F,Maduro « inondait l'Amérique de fentanyl mortel ».,fr.wikipedia.org,Intermediate media,
156,F,Maduro « inondait l'Amérique de fentanyl mortel ».,lesechos.fr,Journalistic source,
156,F,Maduro « inondait l'Amérique de fentanyl mortel ».,ici.radio-canada.ca,Local organization,
156,F,Maduro « inondait l'Amérique de fentanyl mortel ».,lemonde.fr,Journalistic source,
156,F,Maduro « inondait l'Amérique de fentanyl mortel ».,courrierinternational.c...,Intermediate media,
156,F,Maduro « inondait l'Amérique de fentanyl mortel ».,portail-ie.fr,Intermediate media,
156,F,Maduro « inondait l'Amérique de fentanyl mortel ».,feeds.podcastics.com,Podcast description,
156,F,Maduro « inondait l'Amérique de fentanyl mortel ».,cdainstitute.ca,International organization,Out of context
156,F,Maduro « inondait l'Amérique de fentanyl mortel ».,cheetah.news,Unclear website,Out of context
156,F,Maduro « inondait l'Amérique de fentanyl mortel ».,senat.fr,Unclear website,Out of context
156,F,Maduro « inondait l'Amérique de fentanyl mortel ».,lachambre.be,Unclear website,Out of context
156,F,Maduro « inondait l'Amérique de fentanyl mortel ».,senat.fr,Unclear website,Out of context
156,F,Maduro « inondait l'Amérique de fentanyl mortel ».,diploweb.com,Intermediate media,
156,F,Maduro « inondait l'Amérique de fentanyl mortel ».,eurotopics.net,Journalistic source,
156,F,Maduro « inondait l'Amérique de fentanyl mortel ».,lerubicon.org,Intermediate media,
156,F,Maduro « inondait l'Amérique de fentanyl mortel ».,ihedn.fr,Intermediate media,
157,E,Venezuelan leader Nicolás Maduro was releasing people from his prisons and sending them to our southern border under the Biden administration.,npr.org,Journalistic source,
157,E,Venezuelan leader Nicolás Maduro was releasing people from his prisons and sending them to our southern border under the Biden administration.,factcheck.org,Journalistic source,
157,E,Venezuelan leader Nicolás Maduro was releasing people from his prisons and sending them to our southern border under the Biden administration.,congress.gov,Local organization,
157,E,Venezuelan leader Nicolás Maduro was releasing people from his prisons and sending them to our southern border under the Biden administration.,themarshallproject.org,Journalistic source,
157,E,Venezuelan leader Nicolás Maduro was releasing people from his prisons and sending them to our southern border under the Biden administration.,nehls.house.gov,Local organization,
157,E,Venezuelan leader Nicolás Maduro was releasing people from his prisons and sending them to our southern border under the Biden administration.,pfluger.house.gov,Local organization,
157,E,Venezuelan leader Nicolás Maduro was releasing people from his prisons and sending them to our southern border under the Biden administration.,bbc.com,Journalistic source,
157,E,Venezuelan leader Nicolás Maduro was releasing people from his prisons and sending them to our southern border under the Biden administration.,politifact.com,Journalistic source,
157,E,Venezuelan leader Nicolás Maduro was releasing people from his prisons and sending them to our southern border under the Biden administration.,amnesty.org,Mondial organization,
157,E,Venezuelan leader Nicolás Maduro was releasing people from his prisons and sending them to our southern border under the Biden administration.,americanimmigrationcoun...,Local organization,
157,E,Venezuelan leader Nicolás Maduro was releasing people from his prisons and sending them to our southern border under the Biden administration.,americanimmigrationcoun...,Local organization,
157,E,Venezuelan leader Nicolás Maduro was releasing people from his prisons and sending them to our southern border under the Biden administration.,americanimmigrationcoun...,Local organization,
157,E,Venezuelan leader Nicolás Maduro was releasing people from his prisons and sending them to our southern border under the Biden administration.,whitehouse.gov,Local organization,
157,E,Venezuelan leader Nicolás Maduro was releasing people from his prisons and sending them to our southern border under the Biden administration.,cis.org,Local organization,
157,E,Venezuelan leader Nicolás Maduro was releasing people from his prisons and sending them to our southern border under the Biden administration.,wpr.org,Journalistic source,
157,E,Venezuelan leader Nicolás Maduro was releasing people from his prisons and sending them to our southern border under the Biden administration.,americanprogress.org,Scientific source,Out of context
157,E,Venezuelan leader Nicolás Maduro was releasing people from his prisons and sending them to our southern border under the Biden administration.,govinfo.gov,Unclear website,Out of context
157,E,Venezuelan leader Nicolás Maduro was releasing people from his prisons and sending them to our southern border under the Biden administration.,federalregister.gov,Unclear website,Partially relevant
157,E,Venezuelan leader Nicolás Maduro was releasing people from his prisons and sending them to our southern border under the Biden administration.,nycbar.org,Intermediate media,
157,E,Venezuelan leader Nicolás Maduro was releasing people from his prisons and sending them to our southern border under the Biden administration.,state.gov,Local organization,
157,E,Venezuelan leader Nicolás Maduro was releasing people from his prisons and sending them to our southern border under the Biden administration.,ice.gov,Local organization,
157,E,Venezuelan leader Nicolás Maduro was releasing people from his prisons and sending them to our southern border under the Biden administration.,justice.gov,Local organization,
157,E,Venezuelan leader Nicolás Maduro was releasing people from his prisons and sending them to our southern border under the Biden administration.,wlrn.org,Journalistic source,
157,E,Venezuelan leader Nicolás Maduro was releasing people from his prisons and sending them to our southern border under the Biden administration.,dhs.gov,Local organization,
157,E,Venezuelan leader Nicolás Maduro was releasing people from his prisons and sending them to our southern border under the Biden administration.,wola.org,Local organization,
157,E,Venezuelan leader Nicolás Maduro was releasing people from his prisons and sending them to our southern border under the Biden administration.,federalregister.gov,Local organization,
158,F,Le dirigeant vénézuélien Nicolás Maduro aurait libéré des prisonniers et les aurait envoyés à la frontière sud sous l'administration Biden.,crisisgroup.org,Mondial organization,
158,F,Le dirigeant vénézuélien Nicolás Maduro aurait libéré des prisonniers et les aurait envoyés à la frontière sud sous l'administration Biden.,amnesty.org,Unclear website,Out of context
158,F,Le dirigeant vénézuélien Nicolás Maduro aurait libéré des prisonniers et les aurait envoyés à la frontière sud sous l'administration Biden.,amnesty.org,Unclear website,Relevant
158,F,Le dirigeant vénézuélien Nicolás Maduro aurait libéré des prisonniers et les aurait envoyés à la frontière sud sous l'administration Biden.,hrw.org,Mondial organization,
158,F,Le dirigeant vénézuélien Nicolás Maduro aurait libéré des prisonniers et les aurait envoyés à la frontière sud sous l'administration Biden.,hrw.org,Unclear website,Relevant
158,F,Le dirigeant vénézuélien Nicolás Maduro aurait libéré des prisonniers et les aurait envoyés à la frontière sud sous l'administration Biden.,fr.wikipedia.org,Intermediate media,
158,F,Le dirigeant vénézuélien Nicolás Maduro aurait libéré des prisonniers et les aurait envoyés à la frontière sud sous l'administration Biden.,la-croix.com,Social media,
158,F,Le dirigeant vénézuélien Nicolás Maduro aurait libéré des prisonniers et les aurait envoyés à la frontière sud sous l'administration Biden.,pedone.info,Unclear website,Relevant
158,F,Le dirigeant vénézuélien Nicolás Maduro aurait libéré des prisonniers et les aurait envoyés à la frontière sud sous l'administration Biden.,legrandcontinent.eu,Local organization,
158,F,Le dirigeant vénézuélien Nicolás Maduro aurait libéré des prisonniers et les aurait envoyés à la frontière sud sous l'administration Biden.,senat.fr,Local organization,
158,F,Le dirigeant vénézuélien Nicolás Maduro aurait libéré des prisonniers et les aurait envoyés à la frontière sud sous l'administration Biden.,theses.hal.science,Scientific source,
158,F,Le dirigeant vénézuélien Nicolás Maduro aurait libéré des prisonniers et les aurait envoyés à la frontière sud sous l'administration Biden.,diploweb.com,International organization,Relevant
158,F,Le dirigeant vénézuélien Nicolás Maduro aurait libéré des prisonniers et les aurait envoyés à la frontière sud sous l'administration Biden.,shs.hal.science,Scientific source,
158,F,Le dirigeant vénézuélien Nicolás Maduro aurait libéré des prisonniers et les aurait envoyés à la frontière sud sous l'administration Biden.,sciencespo.hal.science,Scientific source,
158,F,Le dirigeant vénézuélien Nicolás Maduro aurait libéré des prisonniers et les aurait envoyés à la frontière sud sous l'administration Biden.,lavie.fr,Intermediate media,
158,F,Le dirigeant vénézuélien Nicolás Maduro aurait libéré des prisonniers et les aurait envoyés à la frontière sud sous l'administration Biden.,amnesty.fr,Unclear website,Relevant
158,F,Le dirigeant vénézuélien Nicolás Maduro aurait libéré des prisonniers et les aurait envoyés à la frontière sud sous l'administration Biden.,assemblee-nationale.fr,Unclear website,Partially relevant
158,F,Le dirigeant vénézuélien Nicolás Maduro aurait libéré des prisonniers et les aurait envoyés à la frontière sud sous l'administration Biden.,sciencespo.hal.science,Journalistic source,Relevant
158,F,Le dirigeant vénézuélien Nicolás Maduro aurait libéré des prisonniers et les aurait envoyés à la frontière sud sous l'administration Biden.,civicus.org,Intermediate media,
159,E,Video shows leaked Donald Trump audio about the Epstein files and Venezuela.,npr.org,Journalistic source,
159,E,Video shows leaked Donald Trump audio about the Epstein files and Venezuela.,icij.org,Intermediate media,
159,E,Video shows leaked Donald Trump audio about the Epstein files and Venezuela.,bbc.com,Journalistic source,
159,E,Video shows leaked Donald Trump audio about the Epstein files and Venezuela.,scotusblog.com,Local organization,
159,E,Video shows leaked Donald Trump audio about the Epstein files and Venezuela.,politifact.com,Journalistic source,
159,E,Video shows leaked Donald Trump audio about the Epstein files and Venezuela.,nbcnews.com,Journalistic source,
159,E,Video shows leaked Donald Trump audio about the Epstein files and Venezuela.,ndtv.com,Journalistic source,
159,E,Video shows leaked Donald Trump audio about the Epstein files and Venezuela.,whitehouse.gov,Local organization,
159,E,Video shows leaked Donald Trump audio about the Epstein files and Venezuela.,yahoo.com,Intermediate media,
159,E,Video shows leaked Donald Trump audio about the Epstein files and Venezuela.,thenation.com,Journalistic source,
159,E,Video shows leaked Donald Trump audio about the Epstein files and Venezuela.,cnn.com,Journalistic source,
160,F,Une vidéo montrerait un enregistrement audio divulgué de Donald Trump évoquant les dossiers Epstein et le Venezuela.,bbc.com,Journalistic source,
160,F,Une vidéo montrerait un enregistrement audio divulgué de Donald Trump évoquant les dossiers Epstein et le Venezuela.,leparisien.fr,Journalistic source,
160,F,Une vidéo montrerait un enregistrement audio divulgué de Donald Trump évoquant les dossiers Epstein et le Venezuela.,tf1info.fr,Journalistic source,
160,F,Une vidéo montrerait un enregistrement audio divulgué de Donald Trump évoquant les dossiers Epstein et le Venezuela.,tf1info.fr,Journalistic source,
160,F,Une vidéo montrerait un enregistrement audio divulgué de Donald Trump évoquant les dossiers Epstein et le Venezuela.,rfi.fr,Journalistic source,
160,F,Une vidéo montrerait un enregistrement audio divulgué de Donald Trump évoquant les dossiers Epstein et le Venezuela.,lemonde.fr,Journalistic source,
160,F,Une vidéo montrerait un enregistrement audio divulgué de Donald Trump évoquant les dossiers Epstein et le Venezuela.,radiofrance.fr,Intermediate media,
160,F,Une vidéo montrerait un enregistrement audio divulgué de Donald Trump évoquant les dossiers Epstein et le Venezuela.,tvanouvelles.ca,Journalistic source,
160,F,Une vidéo montrerait un enregistrement audio divulgué de Donald Trump évoquant les dossiers Epstein et le Venezuela.,liberation.fr,Journalistic source,
160,F,Une vidéo montrerait un enregistrement audio divulgué de Donald Trump évoquant les dossiers Epstein et le Venezuela.,liberation.fr,Journalistic source,
160,F,Une vidéo montrerait un enregistrement audio divulgué de Donald Trump évoquant les dossiers Epstein et le Venezuela.,brut.media,Intermediate media,
160,F,Une vidéo montrerait un enregistrement audio divulgué de Donald Trump évoquant les dossiers Epstein et le Venezuela.,lepoint.fr,Journalistic source,
160,F,Une vidéo montrerait un enregistrement audio divulgué de Donald Trump évoquant les dossiers Epstein et le Venezuela.,humanite.fr,Journalistic source,
160,F,Une vidéo montrerait un enregistrement audio divulgué de Donald Trump évoquant les dossiers Epstein et le Venezuela.,franceinfo.fr,Journalistic source,
160,F,Une vidéo montrerait un enregistrement audio divulgué de Donald Trump évoquant les dossiers Epstein et le Venezuela.,journals.openedition.org,Scientific source,
160,F,Une vidéo montrerait un enregistrement audio divulgué de Donald Trump évoquant les dossiers Epstein et le Venezuela.,docnum.univ-lorraine.fr,Scientific source,
160,F,Une vidéo montrerait un enregistrement audio divulgué de Donald Trump évoquant les dossiers Epstein et le Venezuela.,archipel.uqam.ca,Scientific source,
160,F,Une vidéo montrerait un enregistrement audio divulgué de Donald Trump évoquant les dossiers Epstein et le Venezuela.,leclubdesjuristes.com,Intermediate media,
160,F,Une vidéo montrerait un enregistrement audio divulgué de Donald Trump évoquant les dossiers Epstein et le Venezuela.,society.fr,Intermediate media,
160,F,Une vidéo montrerait un enregistrement audio divulgué de Donald Trump évoquant les dossiers Epstein et le Venezuela.,timefrance.fr,Intermediate media,
161,E,Gov. Tim Walz had Democratic lawmaker Melissa Hortman killed.,npr.org,Local organization,
161,E,Gov. Tim Walz had Democratic lawmaker Melissa Hortman killed.,bbc.com,Journalistic source,
161,E,Gov. Tim Walz had Democratic lawmaker Melissa Hortman killed.,pbs.org,Intermediate media,
161,E,Gov. Tim Walz had Democratic lawmaker Melissa Hortman killed.,pbs.org,Intermediate media,
161,E,Gov. Tim Walz had Democratic lawmaker Melissa Hortman killed.,abc7ny.com,Journalistic source,
161,E,Gov. Tim Walz had Democratic lawmaker Melissa Hortman killed.,abc7ny.com,Journalistic source,
161,E,Gov. Tim Walz had Democratic lawmaker Melissa Hortman killed.,mprnews.org,Intermediate media,
161,E,Gov. Tim Walz had Democratic lawmaker Melissa Hortman killed.,brennancenter.org,Local organization,
161,E,Gov. Tim Walz had Democratic lawmaker Melissa Hortman killed.,minnesotareformer.com,Local organization,
161,E,Gov. Tim Walz had Democratic lawmaker Melissa Hortman killed.,abcnews.com,Journalistic source,
161,E,Gov. Tim Walz had Democratic lawmaker Melissa Hortman killed.,abcnews.com,Journalistic source,
161,E,Gov. Tim Walz had Democratic lawmaker Melissa Hortman killed.,cnn.com,Journalistic source,
161,E,Gov. Tim Walz had Democratic lawmaker Melissa Hortman killed.,abc7news.com,Journalistic source,
161,E,Gov. Tim Walz had Democratic lawmaker Melissa Hortman killed.,19thnews.org,Journalistic source,
161,E,Gov. Tim Walz had Democratic lawmaker Melissa Hortman killed.,fox9.com,Intermediate media,
161,E,Gov. Tim Walz had Democratic lawmaker Melissa Hortman killed.,house.mn.gov,Local organization,
161,E,Gov. Tim Walz had Democratic lawmaker Melissa Hortman killed.,sahanjournal.com,Intermediate media,
162,F,Le gouverneur Tim Walz aurait fait tuer l'élue démocrate Melissa Hortman.,fr.wikipedia.org,Intermediate media,
162,F,Le gouverneur Tim Walz aurait fait tuer l'élue démocrate Melissa Hortman.,agenzianova.com,Journalistic source,Relevant
162,F,Le gouverneur Tim Walz aurait fait tuer l'élue démocrate Melissa Hortman.,watson.ch,Intermediate media,Relevant
162,F,Le gouverneur Tim Walz aurait fait tuer l'élue démocrate Melissa Hortman.,scholar.lib.vt.edu,Unclear website,Relevant
162,F,Le gouverneur Tim Walz aurait fait tuer l'élue démocrate Melissa Hortman.,richardhetu.com,Intermediate media,
163,E,Video shows millions of Venezuelans flooded the streets of Caracas to celebrate Nicolás Maduro's capture.,apnews.com,Journalistic source,
163,E,Video shows millions of Venezuelans flooded the streets of Caracas to celebrate Nicolás Maduro's capture.,pmc.ncbi.nlm.nih.gov,Scientific source,
163,E,Video shows millions of Venezuelans flooded the streets of Caracas to celebrate Nicolás Maduro's capture.,bbc.com,Journalistic source,
163,E,Video shows millions of Venezuelans flooded the streets of Caracas to celebrate Nicolás Maduro's capture.,bbc.com,Journalistic source,
163,E,Video shows millions of Venezuelans flooded the streets of Caracas to celebrate Nicolás Maduro's capture.,cbsnews.com,Journalistic source,
163,E,Video shows millions of Venezuelans flooded the streets of Caracas to celebrate Nicolás Maduro's capture.,brookings.edu,Scientific source,
163,E,Video shows millions of Venezuelans flooded the streets of Caracas to celebrate Nicolás Maduro's capture.,pbs.org,Intermediate media,
163,E,Video shows millions of Venezuelans flooded the streets of Caracas to celebrate Nicolás Maduro's capture.,pbs.org,Intermediate media,
163,E,Video shows millions of Venezuelans flooded the streets of Caracas to celebrate Nicolás Maduro's capture.,dw.com,Journalistic source,
163,E,Video shows millions of Venezuelans flooded the streets of Caracas to celebrate Nicolás Maduro's capture.,latimes.com,Journalistic source,
163,E,Video shows millions of Venezuelans flooded the streets of Caracas to celebrate Nicolás Maduro's capture.,abc7ny.com,Journalistic source,
163,E,Video shows millions of Venezuelans flooded the streets of Caracas to celebrate Nicolás Maduro's capture.,nbcnews.com,Journalistic source,
163,E,Video shows millions of Venezuelans flooded the streets of Caracas to celebrate Nicolás Maduro's capture.,hrw.org,Mondial organization,
163,E,Video shows millions of Venezuelans flooded the streets of Caracas to celebrate Nicolás Maduro's capture.,en.wikipedia.org,Intermediate media,
163,E,Video shows millions of Venezuelans flooded the streets of Caracas to celebrate Nicolás Maduro's capture.,cbc.ca,Journalistic source,
163,E,Video shows millions of Venezuelans flooded the streets of Caracas to celebrate Nicolás Maduro's capture.,cbc.ca,Journalistic source,
163,E,Video shows millions of Venezuelans flooded the streets of Caracas to celebrate Nicolás Maduro's capture.,theguardian.com,Journalistic source,
163,E,Video shows millions of Venezuelans flooded the streets of Caracas to celebrate Nicolás Maduro's capture.,medium.com,Intermediate media,
163,E,Video shows millions of Venezuelans flooded the streets of Caracas to celebrate Nicolás Maduro's capture.,abcnews.com,Journalistic source,
163,E,Video shows millions of Venezuelans flooded the streets of Caracas to celebrate Nicolás Maduro's capture.,war.gov,Local organization,
163,E,Video shows millions of Venezuelans flooded the streets of Caracas to celebrate Nicolás Maduro's capture.,wlrn.org,Journalistic source,
163,E,Video shows millions of Venezuelans flooded the streets of Caracas to celebrate Nicolás Maduro's capture.,wlrn.org,Journalistic source,
163,E,Video shows millions of Venezuelans flooded the streets of Caracas to celebrate Nicolás Maduro's capture.,newlinesmag.com,Journalistic source,
164,F,Une vidéo montrerait des millions de Vénézuéliens envahissant les rues de Caracas pour célébrer la capture de Nicolás Maduro.,hrw.org,Mondial organization,
164,F,Une vidéo montrerait des millions de Vénézuéliens envahissant les rues de Caracas pour célébrer la capture de Nicolás Maduro.,fr.euronews.com,Journalistic source,
164,F,Une vidéo montrerait des millions de Vénézuéliens envahissant les rues de Caracas pour célébrer la capture de Nicolás Maduro.,freedomhouse.org,Local organization,
164,F,Une vidéo montrerait des millions de Vénézuéliens envahissant les rues de Caracas pour célébrer la capture de Nicolás Maduro.,la-croix.com,Local organization,
164,F,Une vidéo montrerait des millions de Vénézuéliens envahissant les rues de Caracas pour célébrer la capture de Nicolás Maduro.,journaldemontreal.com,Journalistic source,
164,F,Une vidéo montrerait des millions de Vénézuéliens envahissant les rues de Caracas pour célébrer la capture de Nicolás Maduro.,fr.africanews.com,Journalistic source,
164,F,Une vidéo montrerait des millions de Vénézuéliens envahissant les rues de Caracas pour célébrer la capture de Nicolás Maduro.,rfi.fr,Journalistic source,
164,F,Une vidéo montrerait des millions de Vénézuéliens envahissant les rues de Caracas pour célébrer la capture de Nicolás Maduro.,lemonde.fr,Journalistic source,
164,F,Une vidéo montrerait des millions de Vénézuéliens envahissant les rues de Caracas pour célébrer la capture de Nicolás Maduro.,radiofrance.fr,Intermediate media,
164,F,Une vidéo montrerait des millions de Vénézuéliens envahissant les rues de Caracas pour célébrer la capture de Nicolás Maduro.,radiofrance.fr,Intermediate media,
164,F,Une vidéo montrerait des millions de Vénézuéliens envahissant les rues de Caracas pour célébrer la capture de Nicolás Maduro.,tvanouvelles.ca,Journalistic source,
164,F,Une vidéo montrerait des millions de Vénézuéliens envahissant les rues de Caracas pour célébrer la capture de Nicolás Maduro.,rtbf.be,Journalistic source,
164,F,Une vidéo montrerait des millions de Vénézuéliens envahissant les rues de Caracas pour célébrer la capture de Nicolás Maduro.,boursorama.com,Intermediate media,
164,F,Une vidéo montrerait des millions de Vénézuéliens envahissant les rues de Caracas pour célébrer la capture de Nicolás Maduro.,nuancesdudroit.fr,Journalistic source,Partially relevant
164,F,Une vidéo montrerait des millions de Vénézuéliens envahissant les rues de Caracas pour célébrer la capture de Nicolás Maduro.,theses.hal.science,Scientific source,
164,F,Une vidéo montrerait des millions de Vénézuéliens envahissant les rues de Caracas pour célébrer la capture de Nicolás Maduro.,sciencespo.hal.science,Scientific source,
164,F,Une vidéo montrerait des millions de Vénézuéliens envahissant les rues de Caracas pour célébrer la capture de Nicolás Maduro.,shs.hal.science,Scientific source,
164,F,Une vidéo montrerait des millions de Vénézuéliens envahissant les rues de Caracas pour célébrer la capture de Nicolás Maduro.,senat.fr,Journalistic source,Relevant
164,F,Une vidéo montrerait des millions de Vénézuéliens envahissant les rues de Caracas pour célébrer la capture de Nicolás Maduro.,assemblee-nationale.fr,Journalistic source,Relevant
164,F,Une vidéo montrerait des millions de Vénézuéliens envahissant les rues de Caracas pour célébrer la capture de Nicolás Maduro.,pedone.info,Unclear website,Partially relevant
164,F,Une vidéo montrerait des millions de Vénézuéliens envahissant les rues de Caracas pour célébrer la capture de Nicolás Maduro.,journals.openedition.org,Unclear website,Partially relevant
164,F,Une vidéo montrerait des millions de Vénézuéliens envahissant les rues de Caracas pour célébrer la capture de Nicolás Maduro.,education.gouv.fr,Journalistic source,Partially relevant
164,F,Une vidéo montrerait des millions de Vénézuéliens envahissant les rues de Caracas pour célébrer la capture de Nicolás Maduro.,utunis.rnu.tn,Journalistic source,Relevant
164,F,Une vidéo montrerait des millions de Vénézuéliens envahissant les rues de Caracas pour célébrer la capture de Nicolás Maduro.,diplomatie.gouv.fr,Unclear website,Out of context
164,F,Une vidéo montrerait des millions de Vénézuéliens envahissant les rues de Caracas pour célébrer la capture de Nicolás Maduro.,cdn.paris.fr,Unclear website,Partially relevant
164,F,Une vidéo montrerait des millions de Vénézuéliens envahissant les rues de Caracas pour célébrer la capture de Nicolás Maduro.,alterpresse.org,Unclear website,Partially relevant
164,F,Une vidéo montrerait des millions de Vénézuéliens envahissant les rues de Caracas pour célébrer la capture de Nicolás Maduro.,rediceisal.hypotheses.org,Journalistic source,Partially relevant
164,F,Une vidéo montrerait des millions de Vénézuéliens envahissant les rues de Caracas pour célébrer la capture de Nicolás Maduro.,sbs-ondemand.streamguys1.co...,Journalistic source,Relevant
164,F,Une vidéo montrerait des millions de Vénézuéliens envahissant les rues de Caracas pour célébrer la capture de Nicolás Maduro.,ladiplomatiquedabidjan.net,Unclear website,Out of context
165,E,Brown University student Mustapha Karbouch was a suspect in school shooting.,factcheck.afp.com,Journalistic source,
165,E,Brown University student Mustapha Karbouch was a suspect in school shooting.,npr.org,Journalistic source,
165,E,Brown University student Mustapha Karbouch was a suspect in school shooting.,npr.org,Journalistic source,
165,E,Brown University student Mustapha Karbouch was a suspect in school shooting.,pmc.ncbi.nlm.nih.gov,Scientific source,
165,E,Brown University student Mustapha Karbouch was a suspect in school shooting.,bbc.com,Journalistic source,
165,E,Brown University student Mustapha Karbouch was a suspect in school shooting.,france24.com,Journalistic source,
165,E,Brown University student Mustapha Karbouch was a suspect in school shooting.,pbs.org,Intermediate media,
165,E,Brown University student Mustapha Karbouch was a suspect in school shooting.,pbs.org,Intermediate media,
165,E,Brown University student Mustapha Karbouch was a suspect in school shooting.,pbs.org,Intermediate media,
165,E,Brown University student Mustapha Karbouch was a suspect in school shooting.,pbs.org,Intermediate media,
165,E,Brown University student Mustapha Karbouch was a suspect in school shooting.,politifact.com,Journalistic source,
165,E,Brown University student Mustapha Karbouch was a suspect in school shooting.,insidehighered.com,Intermediate media,
165,E,Brown University student Mustapha Karbouch was a suspect in school shooting.,nbcnews.com,Journalistic source,
165,E,Brown University student Mustapha Karbouch was a suspect in school shooting.,theguardian.com,Journalistic source,
165,E,Brown University student Mustapha Karbouch was a suspect in school shooting.,cnn.com,Journalistic source,
165,E,Brown University student Mustapha Karbouch was a suspect in school shooting.,abc7news.com,Journalistic source,
165,E,Brown University student Mustapha Karbouch was a suspect in school shooting.,firstpost.com,Intermediate media,
165,E,Brown University student Mustapha Karbouch was a suspect in school shooting.,muslimadvocates.org,Intermediate media,
165,E,Brown University student Mustapha Karbouch was a suspect in school shooting.,campussafetymagazine.co...,Intermediate media,
165,E,Brown University student Mustapha Karbouch was a suspect in school shooting.,brown.edu,Scientific source,
165,E,Brown University student Mustapha Karbouch was a suspect in school shooting.,browndailyherald.com,Intermediate media,
165,E,Brown University student Mustapha Karbouch was a suspect in school shooting.,leb.fbi.gov,Journalistic source,Out of context
165,E,Brown University student Mustapha Karbouch was a suspect in school shooting.,ohioattorneygeneral.gov...,Journalistic source,Relevant
165,E,Brown University student Mustapha Karbouch was a suspect in school shooting.,nycourts.gov,Local organization,
165,E,Brown University student Mustapha Karbouch was a suspect in school shooting.,secretservice.gov,Local organization,
166,F,"Un étudiant de l'université Brown, Mustapha Karbouch, aurait été suspect dans une fusillade scolaire.",amnesty.org,Mondial organization,
166,F,"Un étudiant de l'université Brown, Mustapha Karbouch, aurait été suspect dans une fusillade scolaire.",researchgate.net,Scientific source,
166,F,"Un étudiant de l'université Brown, Mustapha Karbouch, aurait été suspect dans une fusillade scolaire.",fr.wikipedia.org,Intermediate media,
166,F,"Un étudiant de l'université Brown, Mustapha Karbouch, aurait été suspect dans une fusillade scolaire.",fr.wikipedia.org,Intermediate media,
166,F,"Un étudiant de l'université Brown, Mustapha Karbouch, aurait été suspect dans une fusillade scolaire.",ici.radio-canada.ca,Local organization,
166,F,"Un étudiant de l'université Brown, Mustapha Karbouch, aurait été suspect dans une fusillade scolaire.",lemonde.fr,Journalistic source,
166,F,"Un étudiant de l'université Brown, Mustapha Karbouch, aurait été suspect dans une fusillade scolaire.",strongcitiesnetwork.org,Intermediate media,
166,F,"Un étudiant de l'université Brown, Mustapha Karbouch, aurait été suspect dans une fusillade scolaire.",unis.unvienna.org,Intermediate media,
166,F,"Un étudiant de l'université Brown, Mustapha Karbouch, aurait été suspect dans une fusillade scolaire.",classiques.uqam.ca,Scientific source,
166,F,"Un étudiant de l'université Brown, Mustapha Karbouch, aurait été suspect dans une fusillade scolaire.",resaud.net,Intermediate media,
166,F,"Un étudiant de l'université Brown, Mustapha Karbouch, aurait été suspect dans une fusillade scolaire.",ensias.um5.ac.ma,Intermediate media,
166,F,"Un étudiant de l'université Brown, Mustapha Karbouch, aurait été suspect dans une fusillade scolaire.",bodacc.fr,Intermediate media,
166,F,"Un étudiant de l'université Brown, Mustapha Karbouch, aurait été suspect dans une fusillade scolaire.",ensias.um5.ac.ma,Intermediate media,
166,F,"Un étudiant de l'université Brown, Mustapha Karbouch, aurait été suspect dans une fusillade scolaire.",theses.hal.science,Scientific source,
166,F,"Un étudiant de l'université Brown, Mustapha Karbouch, aurait été suspect dans une fusillade scolaire.",wd.fmpm.uca.ma,Intermediate media,
166,F,"Un étudiant de l'université Brown, Mustapha Karbouch, aurait été suspect dans une fusillade scolaire.",ma.linkedin.com,Social media,
166,F,"Un étudiant de l'université Brown, Mustapha Karbouch, aurait été suspect dans une fusillade scolaire.",dabadoc.com,Intermediate media,
166,F,"Un étudiant de l'université Brown, Mustapha Karbouch, aurait été suspect dans une fusillade scolaire.",unesdoc.unesco.org,Mondial organization,
167,E,Image shows Rob Reiner tweeted in 2023 that he would stop posting until Trump goes to prison.,reuters.com,Journalistic source,
167,E,Image shows Rob Reiner tweeted in 2023 that he would stop posting until Trump goes to prison.,apnews.com,Journalistic source,
167,E,Image shows Rob Reiner tweeted in 2023 that he would stop posting until Trump goes to prison.,factcheck.afp.com,Journalistic source,
167,E,Image shows Rob Reiner tweeted in 2023 that he would stop posting until Trump goes to prison.,nytimes.com,Journalistic source,
167,E,Image shows Rob Reiner tweeted in 2023 that he would stop posting until Trump goes to prison.,latimes.com,Journalistic source,
167,E,Image shows Rob Reiner tweeted in 2023 that he would stop posting until Trump goes to prison.,twitter.,Social media,
167,E,Image shows Rob Reiner tweeted in 2023 that he would stop posting until Trump goes to prison.,researchgate.net,Scientific source,
167,E,Image shows Rob Reiner tweeted in 2023 that he would stop posting until Trump goes to prison.,timesofisrael.com,Journalistic source,
167,E,Image shows Rob Reiner tweeted in 2023 that he would stop posting until Trump goes to prison.,yahoo.com,Intermediate media,
167,E,Image shows Rob Reiner tweeted in 2023 that he would stop posting until Trump goes to prison.,consequence.net,Intermediate media,
167,E,Image shows Rob Reiner tweeted in 2023 that he would stop posting until Trump goes to prison.,the-independent.com,Unclear website,Partially relevant
168,F,Une image montrerait que Rob Reiner avait tweeté en 2023 qu'il cesserait de publier tant que Trump n'irait pas en prison.,fr.wikipedia.org,Unclear website,Partially relevant
168,F,Une image montrerait que Rob Reiner avait tweeté en 2023 qu'il cesserait de publier tant que Trump n'irait pas en prison.,fr.wikipedia.org,Intermediate media,
168,F,Une image montrerait que Rob Reiner avait tweeté en 2023 qu'il cesserait de publier tant que Trump n'irait pas en prison.,fr.wikipedia.org,Unclear website,Out of context
168,F,Une image montrerait que Rob Reiner avait tweeté en 2023 qu'il cesserait de publier tant que Trump n'irait pas en prison.,cnews.fr,Journalistic source,
168,F,Une image montrerait que Rob Reiner avait tweeté en 2023 qu'il cesserait de publier tant que Trump n'irait pas en prison.,leparisien.fr,Journalistic source,
168,F,Une image montrerait que Rob Reiner avait tweeté en 2023 qu'il cesserait de publier tant que Trump n'irait pas en prison.,tf1info.fr,Journalistic source,
168,F,Une image montrerait que Rob Reiner avait tweeté en 2023 qu'il cesserait de publier tant que Trump n'irait pas en prison.,tvanouvelles.ca,Journalistic source,
168,F,Une image montrerait que Rob Reiner avait tweeté en 2023 qu'il cesserait de publier tant que Trump n'irait pas en prison.,tvanouvelles.ca,Journalistic source,
168,F,Une image montrerait que Rob Reiner avait tweeté en 2023 qu'il cesserait de publier tant que Trump n'irait pas en prison.,courrierinternational.c...,Intermediate media,
168,F,Une image montrerait que Rob Reiner avait tweeté en 2023 qu'il cesserait de publier tant que Trump n'irait pas en prison.,sudouest.fr,Journalistic source,
168,F,Une image montrerait que Rob Reiner avait tweeté en 2023 qu'il cesserait de publier tant que Trump n'irait pas en prison.,dpa-factchecking.com,Intermediate media,
168,F,Une image montrerait que Rob Reiner avait tweeté en 2023 qu'il cesserait de publier tant que Trump n'irait pas en prison.,svn.spraakdata.gu.se,Intermediate media,
168,F,Une image montrerait que Rob Reiner avait tweeté en 2023 qu'il cesserait de publier tant que Trump n'irait pas en prison.,freedomhouse.org,Local organization,
168,F,Une image montrerait que Rob Reiner avait tweeté en 2023 qu'il cesserait de publier tant que Trump n'irait pas en prison.,unesdoc.unesco.org,Mondial organization,
168,F,Une image montrerait que Rob Reiner avait tweeté en 2023 qu'il cesserait de publier tant que Trump n'irait pas en prison.,letemps.ch,Journalistic source,
168,F,Une image montrerait que Rob Reiner avait tweeté en 2023 qu'il cesserait de publier tant que Trump n'irait pas en prison.,crchudequebec.ulaval.ca...,Unclear website,Out of context
168,F,Une image montrerait que Rob Reiner avait tweeté en 2023 qu'il cesserait de publier tant que Trump n'irait pas en prison.,ihemi.fr,Intermediate media,
168,F,Une image montrerait que Rob Reiner avait tweeté en 2023 qu'il cesserait de publier tant que Trump n'irait pas en prison.,voidnetwork.gr,Journalistic source,Out of context
168,F,Une image montrerait que Rob Reiner avait tweeté en 2023 qu'il cesserait de publier tant que Trump n'irait pas en prison.,debevoise.com,Intermediate media,
168,F,Une image montrerait que Rob Reiner avait tweeté en 2023 qu'il cesserait de publier tant que Trump n'irait pas en prison.,journaldudroittransnational...,Intermediate media,
168,F,Une image montrerait que Rob Reiner avait tweeté en 2023 qu'il cesserait de publier tant que Trump n'irait pas en prison.,ecm.univ-paris1.fr,Intermediate media,
168,F,Une image montrerait que Rob Reiner avait tweeté en 2023 qu'il cesserait de publier tant que Trump n'irait pas en prison.,fmes-france.org,Unclear website,Out of context
168,F,Une image montrerait que Rob Reiner avait tweeté en 2023 qu'il cesserait de publier tant que Trump n'irait pas en prison.,hal.science,Scientific source,Out of context
169,E,The U.S. has received promises of investments totaling $18 trillion to $22 trillion since January.,apnews.com,Journalistic source,
169,E,The U.S. has received promises of investments totaling $18 trillion to $22 trillion since January.,npr.org,Journalistic source,
169,E,The U.S. has received promises of investments totaling $18 trillion to $22 trillion since January.,factcheck.org,Journalistic source,
169,E,The U.S. has received promises of investments totaling $18 trillion to $22 trillion since January.,bbc.com,Journalistic source,
169,E,The U.S. has received promises of investments totaling $18 trillion to $22 trillion since January.,cbsnews.com,Journalistic source,
169,E,The U.S. has received promises of investments totaling $18 trillion to $22 trillion since January.,cbsnews.com,Journalistic source,
169,E,The U.S. has received promises of investments totaling $18 trillion to $22 trillion since January.,wmur.com,Journalistic source,
169,E,The U.S. has received promises of investments totaling $18 trillion to $22 trillion since January.,pbs.org,Intermediate media,
169,E,The U.S. has received promises of investments totaling $18 trillion to $22 trillion since January.,politifact.com,Journalistic source,
169,E,The U.S. has received promises of investments totaling $18 trillion to $22 trillion since January.,piie.com,Intermediate media,
169,E,The U.S. has received promises of investments totaling $18 trillion to $22 trillion since January.,cbpp.org,Local organization,
169,E,The U.S. has received promises of investments totaling $18 trillion to $22 trillion since January.,nbcnews.com,Journalistic source,
169,E,The U.S. has received promises of investments totaling $18 trillion to $22 trillion since January.,bloomberg.com,Journalistic source,
169,E,The U.S. has received promises of investments totaling $18 trillion to $22 trillion since January.,whitehouse.gov,Local organization,
169,E,The U.S. has received promises of investments totaling $18 trillion to $22 trillion since January.,whitehouse.gov,Local organization,
169,E,The U.S. has received promises of investments totaling $18 trillion to $22 trillion since January.,energy.gov,Local organization,
169,E,The U.S. has received promises of investments totaling $18 trillion to $22 trillion since January.,abcnews.com,Journalistic source,
169,E,The U.S. has received promises of investments totaling $18 trillion to $22 trillion since January.,cnn.com,Journalistic source,
169,E,The U.S. has received promises of investments totaling $18 trillion to $22 trillion since January.,home.treasury.gov,Local organization,
169,E,The U.S. has received promises of investments totaling $18 trillion to $22 trillion since January.,usda.gov,Local organization,
169,E,The U.S. has received promises of investments totaling $18 trillion to $22 trillion since January.,commerce.gov,Local organization,
169,E,The U.S. has received promises of investments totaling $18 trillion to $22 trillion since January.,privatebank.jpmorgan.com,Intermediate media,
169,E,The U.S. has received promises of investments totaling $18 trillion to $22 trillion since January.,promiseneighborhoods.ed.gov...,Local organization,
169,E,The U.S. has received promises of investments totaling $18 trillion to $22 trillion since January.,fiscaldata.treasury.gov,Government / public institution,Out of context
169,E,The U.S. has received promises of investments totaling $18 trillion to $22 trillion since January.,cms.gov,Local organization,
169,E,The U.S. has received promises of investments totaling $18 trillion to $22 trillion since January.,governor.ny.gov,Local organization,
170,F,Les États-Unis auraient reçu des promesses d'investissement totalisant 18 000 à 22 000 milliards de dollars depuis janvier.,bbc.com,Journalistic source,
170,F,Les États-Unis auraient reçu des promesses d'investissement totalisant 18 000 à 22 000 milliards de dollars depuis janvier.,nyc.gov,Local organization,
170,F,Les États-Unis auraient reçu des promesses d'investissement totalisant 18 000 à 22 000 milliards de dollars depuis janvier.,legrandcontinent.eu,Local organization,
170,F,Les États-Unis auraient reçu des promesses d'investissement totalisant 18 000 à 22 000 milliards de dollars depuis janvier.,ifri.org,Local organization,
170,F,Les États-Unis auraient reçu des promesses d'investissement totalisant 18 000 à 22 000 milliards de dollars depuis janvier.,investpsp.com,Intermediate media,
170,F,Les États-Unis auraient reçu des promesses d'investissement totalisant 18 000 à 22 000 milliards de dollars depuis janvier.,lacaisse.com,Intermediate media,
170,F,Les États-Unis auraient reçu des promesses d'investissement totalisant 18 000 à 22 000 milliards de dollars depuis janvier.,lombardodier.com,Intermediate media,
170,F,Les États-Unis auraient reçu des promesses d'investissement totalisant 18 000 à 22 000 milliards de dollars depuis janvier.,nato.int,Mondial organization,
170,F,Les États-Unis auraient reçu des promesses d'investissement totalisant 18 000 à 22 000 milliards de dollars depuis janvier.,imf.org,Mondial organization,
170,F,Les États-Unis auraient reçu des promesses d'investissement totalisant 18 000 à 22 000 milliards de dollars depuis janvier.,assemblee-nationale.fr,Local organization,
170,F,Les États-Unis auraient reçu des promesses d'investissement totalisant 18 000 à 22 000 milliards de dollars depuis janvier.,tresor.economie.gouv.fr...,Local organization,
170,F,Les États-Unis auraient reçu des promesses d'investissement totalisant 18 000 à 22 000 milliards de dollars depuis janvier.,unep.org,Mondial organization,
170,F,Les États-Unis auraient reçu des promesses d'investissement totalisant 18 000 à 22 000 milliards de dollars depuis janvier.,elibrary.imf.org,Mondial organization,
170,F,Les États-Unis auraient reçu des promesses d'investissement totalisant 18 000 à 22 000 milliards de dollars depuis janvier.,uncitral.un.org,Mondial organization,
170,F,Les États-Unis auraient reçu des promesses d'investissement totalisant 18 000 à 22 000 milliards de dollars depuis janvier.,issafrica.org,Intermediate media,
170,F,Les États-Unis auraient reçu des promesses d'investissement totalisant 18 000 à 22 000 milliards de dollars depuis janvier.,ma.usembassy.gov,Local organization,
170,F,Les États-Unis auraient reçu des promesses d'investissement totalisant 18 000 à 22 000 milliards de dollars depuis janvier.,openai.com,Unclear website,Partially relevant
170,F,Les États-Unis auraient reçu des promesses d'investissement totalisant 18 000 à 22 000 milliards de dollars depuis janvier.,focus2030.org,Intermediate media,
170,F,Les États-Unis auraient reçu des promesses d'investissement totalisant 18 000 à 22 000 milliards de dollars depuis janvier.,focus2030.org,Journalistic source,Partially relevant
170,F,Les États-Unis auraient reçu des promesses d'investissement totalisant 18 000 à 22 000 milliards de dollars depuis janvier.,osfi-bsif.gc.ca,Unclear website,Out of context
170,F,Les États-Unis auraient reçu des promesses d'investissement totalisant 18 000 à 22 000 milliards de dollars depuis janvier.,hsbc.com,Intermediate media,
170,F,Les États-Unis auraient reçu des promesses d'investissement totalisant 18 000 à 22 000 milliards de dollars depuis janvier.,un.org,Mondial organization,
170,F,Les États-Unis auraient reçu des promesses d'investissement totalisant 18 000 à 22 000 milliards de dollars depuis janvier.,imf.org,Intermediate media,Out of context
170,F,Les États-Unis auraient reçu des promesses d'investissement totalisant 18 000 à 22 000 milliards de dollars depuis janvier.,senat.fr,Local organization,
170,F,Les États-Unis auraient reçu des promesses d'investissement totalisant 18 000 à 22 000 milliards de dollars depuis janvier.,documents1.worldbank.org,Mondial organization,
170,F,Les États-Unis auraient reçu des promesses d'investissement totalisant 18 000 à 22 000 milliards de dollars depuis janvier.,tresor.economie.gouv.fr...,Local organization,
170,F,Les États-Unis auraient reçu des promesses d'investissement totalisant 18 000 à 22 000 milliards de dollars depuis janvier.,international.canada.ca,Local organization,
171,E,I take responsibility for putting people in jail in Minnesota fraud scandal.,edworkforce.house.gov,Local organization,
171,E,I take responsibility for putting people in jail in Minnesota fraud scandal.,oversight.house.gov,Local organization,
171,E,I take responsibility for putting people in jail in Minnesota fraud scandal.,oversight.house.gov,Local organization,
171,E,I take responsibility for putting people in jail in Minnesota fraud scandal.,wral.com,Journalistic source,
171,E,I take responsibility for putting people in jail in Minnesota fraud scandal.,pbs.org,Intermediate media,
171,E,I take responsibility for putting people in jail in Minnesota fraud scandal.,mprnews.org,Intermediate media,
171,E,I take responsibility for putting people in jail in Minnesota fraud scandal.,theguardian.com,Journalistic source,
171,E,I take responsibility for putting people in jail in Minnesota fraud scandal.,whitehouse.gov,Local organization,
171,E,I take responsibility for putting people in jail in Minnesota fraud scandal.,whitehouse.gov,Local organization,
171,E,I take responsibility for putting people in jail in Minnesota fraud scandal.,minnesotareformer.com,Journalistic source,
171,E,I take responsibility for putting people in jail in Minnesota fraud scandal.,cnn.com,Journalistic source,
171,E,I take responsibility for putting people in jail in Minnesota fraud scandal.,mn.gov,Local organization,
171,E,I take responsibility for putting people in jail in Minnesota fraud scandal.,sahanjournal.com,Journalistic source,
171,E,I take responsibility for putting people in jail in Minnesota fraud scandal.,lailluminator.com,Journalistic source,
171,E,I take responsibility for putting people in jail in Minnesota fraud scandal.,house.mn.gov,Local organization,
171,E,I take responsibility for putting people in jail in Minnesota fraud scandal.,justice.gov,Local organization,
171,E,I take responsibility for putting people in jail in Minnesota fraud scandal.,mnd.uscourts.gov,Local organization,
171,E,I take responsibility for putting people in jail in Minnesota fraud scandal.,mncourts.gov,Local organization,
171,E,I take responsibility for putting people in jail in Minnesota fraud scandal.,justice.gov,Local organization,
171,E,I take responsibility for putting people in jail in Minnesota fraud scandal.,sahanjournal.com,Journalistic source,
171,E,I take responsibility for putting people in jail in Minnesota fraud scandal.,ag.state.mn.us,Intermediate media,
171,E,I take responsibility for putting people in jail in Minnesota fraud scandal.,justice.gov,Local organization,
171,E,I take responsibility for putting people in jail in Minnesota fraud scandal.,mn.gov,Local organization,
172,F,« J'assume la responsabilité d'avoir fait emprisonner des gens » dans le scandale de fraude au Minnesota.,amnesty.org,Unclear website,Out of context
172,F,« J'assume la responsabilité d'avoir fait emprisonner des gens » dans le scandale de fraude au Minnesota.,hrw.org,Mondial organization,
172,F,« J'assume la responsabilité d'avoir fait emprisonner des gens » dans le scandale de fraude au Minnesota.,lapresse.ca,Journalistic source,
172,F,« J'assume la responsabilité d'avoir fait emprisonner des gens » dans le scandale de fraude au Minnesota.,leparisien.fr,Journalistic source,
172,F,« J'assume la responsabilité d'avoir fait emprisonner des gens » dans le scandale de fraude au Minnesota.,unesdoc.unesco.org,Mondial organization,
172,F,« J'assume la responsabilité d'avoir fait emprisonner des gens » dans le scandale de fraude au Minnesota.,repository.graduateinstitut...,Scientific source,
172,F,« J'assume la responsabilité d'avoir fait emprisonner des gens » dans le scandale de fraude au Minnesota.,unodc.org,Unclear website,Out of context
172,F,« J'assume la responsabilité d'avoir fait emprisonner des gens » dans le scandale de fraude au Minnesota.,scc-csc.ca,Intermediate media,Out of context
172,F,« J'assume la responsabilité d'avoir fait emprisonner des gens » dans le scandale de fraude au Minnesota.,archipel.uqam.ca,Scientific source,
172,F,« J'assume la responsabilité d'avoir fait emprisonner des gens » dans le scandale de fraude au Minnesota.,idc.assas-universite.fr,Intermediate media,
172,F,« J'assume la responsabilité d'avoir fait emprisonner des gens » dans le scandale de fraude au Minnesota.,justiceinitiative.org,Intermediate media,
172,F,« J'assume la responsabilité d'avoir fait emprisonner des gens » dans le scandale de fraude au Minnesota.,diplomacy.edu,Scientific source,
172,F,« J'assume la responsabilité d'avoir fait emprisonner des gens » dans le scandale de fraude au Minnesota.,archipel.uqam.ca,Scientific source,
172,F,« J'assume la responsabilité d'avoir fait emprisonner des gens » dans le scandale de fraude au Minnesota.,theses.hal.science,Scientific source,
172,F,« J'assume la responsabilité d'avoir fait emprisonner des gens » dans le scandale de fraude au Minnesota.,unodc.org,Mondial organization,
172,F,« J'assume la responsabilité d'avoir fait emprisonner des gens » dans le scandale de fraude au Minnesota.,apcof.org,Unclear website,Out of context
172,F,« J'assume la responsabilité d'avoir fait emprisonner des gens » dans le scandale de fraude au Minnesota.,ihemi.fr,Intermediate media,
172,F,« J'assume la responsabilité d'avoir fait emprisonner des gens » dans le scandale de fraude au Minnesota.,digitallibrary.un.org,Mondial organization,
172,F,« J'assume la responsabilité d'avoir fait emprisonner des gens » dans le scandale de fraude au Minnesota.,digitallibrary.un.org,Mondial organization,
172,F,« J'assume la responsabilité d'avoir fait emprisonner des gens » dans le scandale de fraude au Minnesota.,unidir.org,Intermediate media,
173,E,"Any pardon signed with an autopen is now fully and completely terminated, and is of no legal effect.",reuters.com,Journalistic source,
173,E,"Any pardon signed with an autopen is now fully and completely terminated, and is of no legal effect.",constitution.congress.gov,Local organization,
173,E,"Any pardon signed with an autopen is now fully and completely terminated, and is of no legal effect.",oversight.house.gov,Local organization,
173,E,"Any pardon signed with an autopen is now fully and completely terminated, and is of no legal effect.",pbs.org,Intermediate media,
173,E,"Any pardon signed with an autopen is now fully and completely terminated, and is of no legal effect.",pbs.org,Intermediate media,
173,E,"Any pardon signed with an autopen is now fully and completely terminated, and is of no legal effect.",politifact.com,Journalistic source,
173,E,"Any pardon signed with an autopen is now fully and completely terminated, and is of no legal effect.",forbes.com,Journalistic source,
173,E,"Any pardon signed with an autopen is now fully and completely terminated, and is of no legal effect.",aljazeera.com,Journalistic source,
173,E,"Any pardon signed with an autopen is now fully and completely terminated, and is of no legal effect.",theguardian.com,Journalistic source,
173,E,"Any pardon signed with an autopen is now fully and completely terminated, and is of no legal effect.",abcnews.com,Journalistic source,
173,E,"Any pardon signed with an autopen is now fully and completely terminated, and is of no legal effect.",abcnews.com,Journalistic source,
173,E,"Any pardon signed with an autopen is now fully and completely terminated, and is of no legal effect.",cnn.com,Journalistic source,
173,E,"Any pardon signed with an autopen is now fully and completely terminated, and is of no legal effect.",whyy.org,Journalistic source,
173,E,"Any pardon signed with an autopen is now fully and completely terminated, and is of no legal effect.",lisa-legalinfo.com,Intermediate media,
173,E,"Any pardon signed with an autopen is now fully and completely terminated, and is of no legal effect.",en.wikiquote.org,Intermediate media,
173,E,"Any pardon signed with an autopen is now fully and completely terminated, and is of no legal effect.",gov.ca.gov,Local organization,
173,E,"Any pardon signed with an autopen is now fully and completely terminated, and is of no legal effect.",newsfromthestates.com,Journalistic source,
173,E,"Any pardon signed with an autopen is now fully and completely terminated, and is of no legal effect.",gov.ca.gov,Local organization,
173,E,"Any pardon signed with an autopen is now fully and completely terminated, and is of no legal effect.",democracydocket.com,Local organization,
173,E,"Any pardon signed with an autopen is now fully and completely terminated, and is of no legal effect.",justice.gov,Local organization,
173,E,"Any pardon signed with an autopen is now fully and completely terminated, and is of no legal effect.",papers.ssrn.com,Scientific source,
173,E,"Any pardon signed with an autopen is now fully and completely terminated, and is of no legal effect.",law.stanford.edu,Scientific source,
174,F,Toute grâce signée avec un autopen serait désormais « entièrement et complètement annulée » et sans effet juridique.,transmutatis.fr,Scientific source,Out of context
174,F,Toute grâce signée avec un autopen serait désormais « entièrement et complètement annulée » et sans effet juridique.,confidintel.com,Unclear website,Out of context
174,F,Toute grâce signée avec un autopen serait désormais « entièrement et complètement annulée » et sans effet juridique.,bnains.org,Journalistic source,
174,F,Toute grâce signée avec un autopen serait désormais « entièrement et complètement annulée » et sans effet juridique.,indepnews.org,Journalistic source,
174,F,Toute grâce signée avec un autopen serait désormais « entièrement et complètement annulée » et sans effet juridique.,picclick.fr,Unclear website,Out of context
174,F,Toute grâce signée avec un autopen serait désormais « entièrement et complètement annulée » et sans effet juridique.,brionnais.fr,Scientific source,Out of context
175,E,A new North Carolina law prohibits the use of wireless communication devices while driving.,congress.gov,Local organization,
175,E,A new North Carolina law prohibits the use of wireless communication devices while driving.,sciencedirect.com,Scientific source,
175,E,A new North Carolina law prohibits the use of wireless communication devices while driving.,wral.com,Journalistic source,
175,E,A new North Carolina law prohibits the use of wireless communication devices while driving.,cbpp.org,Unclear website,Out of context
175,E,A new North Carolina law prohibits the use of wireless communication devices while driving.,brennancenter.org,Scientific source,Out of context
175,E,A new North Carolina law prohibits the use of wireless communication devices while driving.,scdps.sc.gov,Local organization,
175,E,A new North Carolina law prohibits the use of wireless communication devices while driving.,statecapitallobbyist.com,Intermediate media,
175,E,A new North Carolina law prohibits the use of wireless communication devices while driving.,billtrack50.com,Intermediate media,
175,E,A new North Carolina law prohibits the use of wireless communication devices while driving.,ncleg.gov,Local organization,
175,E,A new North Carolina law prohibits the use of wireless communication devices while driving.,lrs.sog.unc.edu,Scientific source,
175,E,A new North Carolina law prohibits the use of wireless communication devices while driving.,ncleg.net,Scientific source,Out of context
175,E,A new North Carolina law prohibits the use of wireless communication devices while driving.,ncmedboard.org,Intermediate media,
175,E,A new North Carolina law prohibits the use of wireless communication devices while driving.,ncbop.org,Intermediate media,
175,E,A new North Carolina law prohibits the use of wireless communication devices while driving.,lrs.sog.unc.edu,Scientific source,Out of context
175,E,A new North Carolina law prohibits the use of wireless communication devices while driving.,ncleg.gov,Local organization,
175,E,A new North Carolina law prohibits the use of wireless communication devices while driving.,deq.nc.gov,Local organization,
175,E,A new North Carolina law prohibits the use of wireless communication devices while driving.,fws.gov,Local organization,
175,E,A new North Carolina law prohibits the use of wireless communication devices while driving.,ncleg.gov,Local organization,
175,E,A new North Carolina law prohibits the use of wireless communication devices while driving.,dpi.nc.gov,Local organization,
175,E,A new North Carolina law prohibits the use of wireless communication devices while driving.,medicaid.ncdhhs.gov,Local organization,
175,E,A new North Carolina law prohibits the use of wireless communication devices while driving.,ncleg.gov,Local organization,
175,E,A new North Carolina law prohibits the use of wireless communication devices while driving.,commerce.nc.gov,Local organization,
175,E,A new North Carolina law prohibits the use of wireless communication devices while driving.,ncdhhs.gov,Local organization,
175,E,A new North Carolina law prohibits the use of wireless communication devices while driving.,ghsa.org,Intermediate media,
175,E,A new North Carolina law prohibits the use of wireless communication devices while driving.,ncleg.gov,Local organization,
175,E,A new North Carolina law prohibits the use of wireless communication devices while driving.,content.govdelivery.com,Local organization,
175,E,A new North Carolina law prohibits the use of wireless communication devices while driving.,fna.usda.gov,Local organization,
175,E,A new North Carolina law prohibits the use of wireless communication devices while driving.,tsa.gov,Local organization,
175,E,A new North Carolina law prohibits the use of wireless communication devices while driving.,sites.ed.gov,Local organization,
175,E,A new North Carolina law prohibits the use of wireless communication devices while driving.,ncdhhs.gov,Scientific source,Out of context
175,E,A new North Carolina law prohibits the use of wireless communication devices while driving.,handsfreetn.com,Intermediate media,
175,E,A new North Carolina law prohibits the use of wireless communication devices while driving.,ada.gov,Scientific source,Out of context
175,E,A new North Carolina law prohibits the use of wireless communication devices while driving.,reports.oah.state.nc.us,Government / public institution,Out of context
175,E,A new North Carolina law prohibits the use of wireless communication devices while driving.,lrs.sog.unc.edu,Scientific source,
175,E,A new North Carolina law prohibits the use of wireless communication devices while driving.,ada.gov,Government / public institution,Out of context
175,E,A new North Carolina law prohibits the use of wireless communication devices while driving.,gahighwaysafety.org,Local organization,
175,E,A new North Carolina law prohibits the use of wireless communication devices while driving.,forumtogether.org,Government / public institution,Partially relevant
176,F,Une nouvelle loi de Caroline du Nord interdirait l'usage d'appareils de communication sans fil au volant.,voyage.gc.ca,Government / public institution,Partially relevant
176,F,Une nouvelle loi de Caroline du Nord interdirait l'usage d'appareils de communication sans fil au volant.,maathiildee.com,Intermediate media,
176,F,Une nouvelle loi de Caroline du Nord interdirait l'usage d'appareils de communication sans fil au volant.,lostintheusa.fr,Intermediate media,
176,F,Une nouvelle loi de Caroline du Nord interdirait l'usage d'appareils de communication sans fil au volant.,eac.gov,Government / public institution,Out of context
176,F,Une nouvelle loi de Caroline du Nord interdirait l'usage d'appareils de communication sans fil au volant.,roadtrippin.fr,Intermediate media,
176,F,Une nouvelle loi de Caroline du Nord interdirait l'usage d'appareils de communication sans fil au volant.,frenchdistrict.com,Journalistic source,
176,F,Une nouvelle loi de Caroline du Nord interdirait l'usage d'appareils de communication sans fil au volant.,assemblee-nationale.fr,Government / public institution,Out of context
176,F,Une nouvelle loi de Caroline du Nord interdirait l'usage d'appareils de communication sans fil au volant.,diplomatie.gouv.fr,Local organization,
176,F,Une nouvelle loi de Caroline du Nord interdirait l'usage d'appareils de communication sans fil au volant.,roadtrippin.fr,Government / public institution,Out of context
176,F,Une nouvelle loi de Caroline du Nord interdirait l'usage d'appareils de communication sans fil au volant.,donmarcari.com,Intermediate media,
176,F,Une nouvelle loi de Caroline du Nord interdirait l'usage d'appareils de communication sans fil au volant.,donmarcari.com,Intermediate media,
176,F,Une nouvelle loi de Caroline du Nord interdirait l'usage d'appareils de communication sans fil au volant.,acusensus.com,Intermediate media,
176,F,Une nouvelle loi de Caroline du Nord interdirait l'usage d'appareils de communication sans fil au volant.,haitiantimes.com,Journalistic source,
176,F,Une nouvelle loi de Caroline du Nord interdirait l'usage d'appareils de communication sans fil au volant.,assemblee-nationale.fr,Government / public institution,Out of context
176,F,Une nouvelle loi de Caroline du Nord interdirait l'usage d'appareils de communication sans fil au volant.,fr.ford.ca,Government / public institution,Out of context
176,F,Une nouvelle loi de Caroline du Nord interdirait l'usage d'appareils de communication sans fil au volant.,assemblee-nationale.fr,Scientific source,Out of context
176,F,Une nouvelle loi de Caroline du Nord interdirait l'usage d'appareils de communication sans fil au volant.,oecd.org,Mondial organization,
176,F,Une nouvelle loi de Caroline du Nord interdirait l'usage d'appareils de communication sans fil au volant.,senat.fr,Unclear website,Out of context
176,F,Une nouvelle loi de Caroline du Nord interdirait l'usage d'appareils de communication sans fil au volant.,oecd.org,Mondial organization,
177,E,"This Thanksgiving, turkey prices are at their lowest point since 2000.",apnews.com,Journalistic source,
177,E,"This Thanksgiving, turkey prices are at their lowest point since 2000.",factcheck.org,Journalistic source,
177,E,"This Thanksgiving, turkey prices are at their lowest point since 2000.",wral.com,Journalistic source,
177,E,"This Thanksgiving, turkey prices are at their lowest point since 2000.",politifact.com,Journalistic source,
177,E,"This Thanksgiving, turkey prices are at their lowest point since 2000.",statista.com,Intermediate media,
177,E,"This Thanksgiving, turkey prices are at their lowest point since 2000.",ourworldindata.org,Unclear website,Out of context
177,E,"This Thanksgiving, turkey prices are at their lowest point since 2000.",ourworldindata.org,Intermediate media,
177,E,"This Thanksgiving, turkey prices are at their lowest point since 2000.",iowacapitaldispatch.com,Journalistic source,
177,E,"This Thanksgiving, turkey prices are at their lowest point since 2000.",fb.org,Intermediate media,
177,E,"This Thanksgiving, turkey prices are at their lowest point since 2000.",fb.org,Intermediate media,
177,E,"This Thanksgiving, turkey prices are at their lowest point since 2000.",fordfield.com,Scientific source,Out of context
177,E,"This Thanksgiving, turkey prices are at their lowest point since 2000.",talkbusiness.net,Intermediate media,
177,E,"This Thanksgiving, turkey prices are at their lowest point since 2000.",imf.org,Mondial organization,
177,E,"This Thanksgiving, turkey prices are at their lowest point since 2000.",imf.org,Mondial organization,
177,E,"This Thanksgiving, turkey prices are at their lowest point since 2000.",tradingeconomics.com,Intermediate media,
177,E,"This Thanksgiving, turkey prices are at their lowest point since 2000.",gold.org,Intermediate media,
177,E,"This Thanksgiving, turkey prices are at their lowest point since 2000.",sipri.org,Mondial organization,
177,E,"This Thanksgiving, turkey prices are at their lowest point since 2000.",data.worldbank.org,Unclear website,Out of context
177,E,"This Thanksgiving, turkey prices are at their lowest point since 2000.",data.worldbank.org,Mondial organization,
177,E,"This Thanksgiving, turkey prices are at their lowest point since 2000.",healthsystemtracker.org...,Intermediate media,
177,E,"This Thanksgiving, turkey prices are at their lowest point since 2000.",affordabletours.com,Unclear website,Out of context
177,E,"This Thanksgiving, turkey prices are at their lowest point since 2000.",ers.usda.gov,Local organization,
177,E,"This Thanksgiving, turkey prices are at their lowest point since 2000.",rarebird101.com,Intermediate media,
177,E,"This Thanksgiving, turkey prices are at their lowest point since 2000.",medarthair.com,International organization,Out of context
177,E,"This Thanksgiving, turkey prices are at their lowest point since 2000.",intc.com,Intermediate media,
177,E,"This Thanksgiving, turkey prices are at their lowest point since 2000.",data.imf.org,Government / public institution,Out of context
177,E,"This Thanksgiving, turkey prices are at their lowest point since 2000.",bls.gov,Local organization,
177,E,"This Thanksgiving, turkey prices are at their lowest point since 2000.",visionofhumanity.org,Unclear website,Out of context
177,E,"This Thanksgiving, turkey prices are at their lowest point since 2000.",usda.gov,Local organization,
178,F,"Pour cette Action de grâce, les prix de la dinde seraient à leur plus bas niveau depuis 2000.",who.int,Government / public institution,Out of context
178,F,"Pour cette Action de grâce, les prix de la dinde seraient à leur plus bas niveau depuis 2000.",grandeconsultationagri.fr,Scientific source,Out of context
178,F,"Pour cette Action de grâce, les prix de la dinde seraient à leur plus bas niveau depuis 2000.",theshiftproject.org,Government / public institution,Out of context
178,F,"Pour cette Action de grâce, les prix de la dinde seraient à leur plus bas niveau depuis 2000.",ipes-food.org,Intermediate media,
178,F,"Pour cette Action de grâce, les prix de la dinde seraient à leur plus bas niveau depuis 2000.",inrae.fr,Intermediate media,Partially relevant
178,F,"Pour cette Action de grâce, les prix de la dinde seraient à leur plus bas niveau depuis 2000.",unfccc.int,Unclear website,Out of context
178,F,"Pour cette Action de grâce, les prix de la dinde seraient à leur plus bas niveau depuis 2000.",cniel.com,Unclear website,Out of context
178,F,"Pour cette Action de grâce, les prix de la dinde seraient à leur plus bas niveau depuis 2000.",strategie-plan.gouv.fr,Local organization,
178,F,"Pour cette Action de grâce, les prix de la dinde seraient à leur plus bas niveau depuis 2000.",ageconsearch.umn.edu,Scientific source,
178,F,"Pour cette Action de grâce, les prix de la dinde seraient à leur plus bas niveau depuis 2000.",unhabitat.org,Unclear website,Out of context
178,F,"Pour cette Action de grâce, les prix de la dinde seraient à leur plus bas niveau depuis 2000.",agencebio.org,Unclear website,Out of context
178,F,"Pour cette Action de grâce, les prix de la dinde seraient à leur plus bas niveau depuis 2000.",info.gouv.fr,Local organization,
178,F,"Pour cette Action de grâce, les prix de la dinde seraient à leur plus bas niveau depuis 2000.",productions-animales.org,Unclear website,Out of context
178,F,"Pour cette Action de grâce, les prix de la dinde seraient à leur plus bas niveau depuis 2000.",franceagrimer.fr,Unclear website,Partially relevant
178,F,"Pour cette Action de grâce, les prix de la dinde seraient à leur plus bas niveau depuis 2000.",documents1.worldbank.org,Mondial organization,
178,F,"Pour cette Action de grâce, les prix de la dinde seraient à leur plus bas niveau depuis 2000.",fcd.fr,Scientific source,Out of context
178,F,"Pour cette Action de grâce, les prix de la dinde seraient à leur plus bas niveau depuis 2000.",msh.org,Unclear website,Out of context
178,F,"Pour cette Action de grâce, les prix de la dinde seraient à leur plus bas niveau depuis 2000.",rbc.com,Intermediate media,
178,F,"Pour cette Action de grâce, les prix de la dinde seraient à leur plus bas niveau depuis 2000.",unece.org,Intermediate media,
178,F,"Pour cette Action de grâce, les prix de la dinde seraient à leur plus bas niveau depuis 2000.",abh-ace.be,Intermediate media,
178,F,"Pour cette Action de grâce, les prix de la dinde seraient à leur plus bas niveau depuis 2000.",eur-lex.europa.eu,Unclear website,Partially relevant
179,E,I have just gotten the highest poll numbers of my political career.,news.gallup.com,Intermediate media,
179,E,I have just gotten the highest poll numbers of my political career.,nytimes.com,Journalistic source,
179,E,I have just gotten the highest poll numbers of my political career.,cookpolitical.com,Intermediate media,
179,E,I have just gotten the highest poll numbers of my political career.,iop.harvard.edu,Scientific source,
179,E,I have just gotten the highest poll numbers of my political career.,calmatters.org,Unclear website,Out of context
179,E,I have just gotten the highest poll numbers of my political career.,calmatters.org,Unclear website,Partially relevant
179,E,I have just gotten the highest poll numbers of my political career.,elections.virginia.gov,Local organization,
179,E,I have just gotten the highest poll numbers of my political career.,elections.ny.gov,Local organization,
179,E,I have just gotten the highest poll numbers of my political career.,elections.ny.gov,Unclear website,Partially relevant
179,E,I have just gotten the highest poll numbers of my political career.,electionreturns.pa.gov,Local organization,
179,E,I have just gotten the highest poll numbers of my political career.,sos.oregon.gov,Scientific source,Partially relevant
179,E,I have just gotten the highest poll numbers of my political career.,scvotes.gov,Local organization,
179,E,I have just gotten the highest poll numbers of my political career.,sos.mn.gov,Local organization,
179,E,I have just gotten the highest poll numbers of my political career.,ohiosos.gov,Local organization,
179,E,I have just gotten the highest poll numbers of my political career.,lancaster.ne.gov,Unclear website,Out of context
179,E,I have just gotten the highest poll numbers of my political career.,pima.gov,Scientific source,Out of context
179,E,I have just gotten the highest poll numbers of my political career.,sos.ca.gov,Local organization,
179,E,I have just gotten the highest poll numbers of my political career.,scvotes.gov,Local organization,
179,E,I have just gotten the highest poll numbers of my political career.,voterstatus.sos.ca.gov,Local organization,
179,E,I have just gotten the highest poll numbers of my political career.,bexar.org,Intermediate media,
179,E,I have just gotten the highest poll numbers of my political career.,eac.gov,Local organization,
179,E,I have just gotten the highest poll numbers of my political career.,usa.gov,Local organization,
179,E,I have just gotten the highest poll numbers of my political career.,elliscountytx.gov,Local organization,
179,E,I have just gotten the highest poll numbers of my political career.,270towin.com,Intermediate media,
179,E,I have just gotten the highest poll numbers of my political career.,centerforpolitics.org,Intermediate media,
179,E,I have just gotten the highest poll numbers of my political career.,as-coa.org,Intermediate media,
179,E,I have just gotten the highest poll numbers of my political career.,eac.gov,Local organization,
179,E,I have just gotten the highest poll numbers of my political career.,elections.maryland.gov,Local organization,
179,E,I have just gotten the highest poll numbers of my political career.,racetothewh.com,Intermediate media,
179,E,I have just gotten the highest poll numbers of my political career.,law.marquette.edu,Unclear website,Out of context
180,F,« Je viens d'obtenir les meilleurs sondages de ma carrière politique ».,bbc.com,International organization,Out of context
180,F,« Je viens d'obtenir les meilleurs sondages de ma carrière politique ».,lalibre.be,Journalistic source,
180,F,« Je viens d'obtenir les meilleurs sondages de ma carrière politique ».,lalibre.be,Unclear website,Relevant
180,F,« Je viens d'obtenir les meilleurs sondages de ma carrière politique ».,fr.wikipedia.org,Intermediate media,
180,F,« Je viens d'obtenir les meilleurs sondages de ma carrière politique ».,leparisien.fr,Journalistic source,Partially relevant
180,F,« Je viens d'obtenir les meilleurs sondages de ma carrière politique ».,liberation.fr,Government / public institution,Partially relevant
180,F,« Je viens d'obtenir les meilleurs sondages de ma carrière politique ».,liberation.fr,Journalistic source,Relevant
180,F,« Je viens d'obtenir les meilleurs sondages de ma carrière politique ».,publicsenat.fr,Local organization,
180,F,« Je viens d'obtenir les meilleurs sondages de ma carrière politique ».,publicsenat.fr,Local organization,
180,F,« Je viens d'obtenir les meilleurs sondages de ma carrière politique ».,lexpress.fr,Journalistic source,
180,F,« Je viens d'obtenir les meilleurs sondages de ma carrière politique ».,sciencespo.fr,Intermediate media,
180,F,« Je viens d'obtenir les meilleurs sondages de ma carrière politique ».,touteleurope.eu,Intermediate media,
180,F,« Je viens d'obtenir les meilleurs sondages de ma carrière politique ».,odoxa.fr,Intermediate media,
180,F,« Je viens d'obtenir les meilleurs sondages de ma carrière politique ».,sciencespo.fr,Intermediate media,
180,F,« Je viens d'obtenir les meilleurs sondages de ma carrière politique ».,cluster17.com,Journalistic source,Partially relevant
180,F,« Je viens d'obtenir les meilleurs sondages de ma carrière politique ».,cncdh.fr,Journalistic source,Partially relevant
180,F,« Je viens d'obtenir les meilleurs sondages de ma carrière politique ».,ipsos.com,Local organization,
180,F,« Je viens d'obtenir les meilleurs sondages de ma carrière politique ».,press.un.org,Unclear website,Relevant
180,F,« Je viens d'obtenir les meilleurs sondages de ma carrière politique ».,commission-des-sondages...,Intermediate media,
180,F,« Je viens d'obtenir les meilleurs sondages de ma carrière politique ».,touteleurope.eu,Journalistic source,Partially relevant
180,F,« Je viens d'obtenir les meilleurs sondages de ma carrière politique ».,unwomen.org,Mondial organization,
180,F,« Je viens d'obtenir les meilleurs sondages de ma carrière politique ».,ipsos.com,Local organization,
180,F,« Je viens d'obtenir les meilleurs sondages de ma carrière politique ».,ipsos.com,Local organization,
180,F,« Je viens d'obtenir les meilleurs sondages de ma carrière politique ».,arcom.fr,Local organization,
180,F,« Je viens d'obtenir les meilleurs sondages de ma carrière politique ».,vie-publique.fr,Journalistic source,Relevant
180,F,« Je viens d'obtenir les meilleurs sondages de ma carrière politique ».,reseau-velo-marche.org,Intermediate media,
180,F,« Je viens d'obtenir les meilleurs sondages de ma carrière politique ».,blog.insee.fr,Local organization,
180,F,« Je viens d'obtenir les meilleurs sondages de ma carrière politique ».,desapublications.un.org,Mondial organization,
180,F,« Je viens d'obtenir les meilleurs sondages de ma carrière politique ».,strategie-plan.gouv.fr,Journalistic source,Relevant
180,F,« Je viens d'obtenir les meilleurs sondages de ma carrière politique ».,conference-ambition-france....,Unclear website,Relevant
180,F,« Je viens d'obtenir les meilleurs sondages de ma carrière politique ».,anses.fr,Unclear website,Partially relevant
180,F,« Je viens d'obtenir les meilleurs sondages de ma carrière politique ».,legrandcontinent.eu,Unclear website,Partially relevant
180,F,« Je viens d'obtenir les meilleurs sondages de ma carrière politique ».,jean-jaures.org,Local organization,
180,F,« Je viens d'obtenir les meilleurs sondages de ma carrière politique ».,assemblee-nationale.fr,Local organization,
181,E,"There's about 1,400 criminal illegal aliens that, right now, are in North Carolina and Charlotte's jails that they refuse to turn over to ICE law enforcement.",wral.com,Journalistic source,
181,E,"There's about 1,400 criminal illegal aliens that, right now, are in North Carolina and Charlotte's jails that they refuse to turn over to ICE law enforcement.",pbs.org,Intermediate media,
181,E,"There's about 1,400 criminal illegal aliens that, right now, are in North Carolina and Charlotte's jails that they refuse to turn over to ICE law enforcement.",americanimmigrationcoun...,Local organization,
181,E,"There's about 1,400 criminal illegal aliens that, right now, are in North Carolina and Charlotte's jails that they refuse to turn over to ICE law enforcement.",aljazeera.com,Journalistic source,
181,E,"There's about 1,400 criminal illegal aliens that, right now, are in North Carolina and Charlotte's jails that they refuse to turn over to ICE law enforcement.",cis.org,Local organization,
181,E,"There's about 1,400 criminal illegal aliens that, right now, are in North Carolina and Charlotte's jails that they refuse to turn over to ICE law enforcement.",dhs.gov,Local organization,
181,E,"There's about 1,400 criminal illegal aliens that, right now, are in North Carolina and Charlotte's jails that they refuse to turn over to ICE law enforcement.",ice.gov,Local organization,
181,E,"There's about 1,400 criminal illegal aliens that, right now, are in North Carolina and Charlotte's jails that they refuse to turn over to ICE law enforcement.",dhs.gov,Local organization,
181,E,"There's about 1,400 criminal illegal aliens that, right now, are in North Carolina and Charlotte's jails that they refuse to turn over to ICE law enforcement.",wunc.org,Journalistic source,
181,E,"There's about 1,400 criminal illegal aliens that, right now, are in North Carolina and Charlotte's jails that they refuse to turn over to ICE law enforcement.",justice.gov,Local organization,
181,E,"There's about 1,400 criminal illegal aliens that, right now, are in North Carolina and Charlotte's jails that they refuse to turn over to ICE law enforcement.",dhs.gov,Local organization,
181,E,"There's about 1,400 criminal illegal aliens that, right now, are in North Carolina and Charlotte's jails that they refuse to turn over to ICE law enforcement.",justice.gov,Local organization,
181,E,"There's about 1,400 criminal illegal aliens that, right now, are in North Carolina and Charlotte's jails that they refuse to turn over to ICE law enforcement.",dhs.gov,Local organization,
181,E,"There's about 1,400 criminal illegal aliens that, right now, are in North Carolina and Charlotte's jails that they refuse to turn over to ICE law enforcement.",ncleg.gov,Local organization,
181,E,"There's about 1,400 criminal illegal aliens that, right now, are in North Carolina and Charlotte's jails that they refuse to turn over to ICE law enforcement.",charlottenc.gov,Local organization,
181,E,"There's about 1,400 criminal illegal aliens that, right now, are in North Carolina and Charlotte's jails that they refuse to turn over to ICE law enforcement.",fbi.gov,Local organization,
181,E,"There's about 1,400 criminal illegal aliens that, right now, are in North Carolina and Charlotte's jails that they refuse to turn over to ICE law enforcement.",wunc.org,Journalistic source,
181,E,"There's about 1,400 criminal illegal aliens that, right now, are in North Carolina and Charlotte's jails that they refuse to turn over to ICE law enforcement.",charlottenc.gov,Local organization,
181,E,"There's about 1,400 criminal illegal aliens that, right now, are in North Carolina and Charlotte's jails that they refuse to turn over to ICE law enforcement.",dhs.gov,Local organization,
182,F,"Environ 1 400 immigrants illégaux criminels seraient actuellement dans les prisons de Caroline du Nord et de Charlotte, que les autorités refuseraient de remettre à l'ICE.",ledevoir.com,Journalistic source,
182,F,"Environ 1 400 immigrants illégaux criminels seraient actuellement dans les prisons de Caroline du Nord et de Charlotte, que les autorités refuseraient de remettre à l'ICE.",hrw.org,Journalistic source,Partially relevant
182,F,"Environ 1 400 immigrants illégaux criminels seraient actuellement dans les prisons de Caroline du Nord et de Charlotte, que les autorités refuseraient de remettre à l'ICE.",fr.wikipedia.org,Unclear website,Relevant
182,F,"Environ 1 400 immigrants illégaux criminels seraient actuellement dans les prisons de Caroline du Nord et de Charlotte, que les autorités refuseraient de remettre à l'ICE.",qub.ca,Unclear website,Relevant
182,F,"Environ 1 400 immigrants illégaux criminels seraient actuellement dans les prisons de Caroline du Nord et de Charlotte, que les autorités refuseraient de remettre à l'ICE.",lachambre.be,Unclear website,Relevant
182,F,"Environ 1 400 immigrants illégaux criminels seraient actuellement dans les prisons de Caroline du Nord et de Charlotte, que les autorités refuseraient de remettre à l'ICE.",senat.fr,Local organization,
182,F,"Environ 1 400 immigrants illégaux criminels seraient actuellement dans les prisons de Caroline du Nord et de Charlotte, que les autorités refuseraient de remettre à l'ICE.",assemblee-nationale.fr,Unclear website,Partially relevant
182,F,"Environ 1 400 immigrants illégaux criminels seraient actuellement dans les prisons de Caroline du Nord et de Charlotte, que les autorités refuseraient de remettre à l'ICE.",union-habitat.org,Mondial organization,
182,F,"Environ 1 400 immigrants illégaux criminels seraient actuellement dans les prisons de Caroline du Nord et de Charlotte, que les autorités refuseraient de remettre à l'ICE.",www2.assemblee-nationale.fr...,Unclear website,Partially relevant
182,F,"Environ 1 400 immigrants illégaux criminels seraient actuellement dans les prisons de Caroline du Nord et de Charlotte, que les autorités refuseraient de remettre à l'ICE.",dekamer.be,Government / public institution,Partially relevant
182,F,"Environ 1 400 immigrants illégaux criminels seraient actuellement dans les prisons de Caroline du Nord et de Charlotte, que les autorités refuseraient de remettre à l'ICE.",publications.gc.ca,Unclear website,Partially relevant
182,F,"Environ 1 400 immigrants illégaux criminels seraient actuellement dans les prisons de Caroline du Nord et de Charlotte, que les autorités refuseraient de remettre à l'ICE.",www2.assemblee-nationale.fr...,Local organization,
182,F,"Environ 1 400 immigrants illégaux criminels seraient actuellement dans les prisons de Caroline du Nord et de Charlotte, que les autorités refuseraient de remettre à l'ICE.",svn.spraakdata.gu.se,Unclear website,Partially relevant
182,F,"Environ 1 400 immigrants illégaux criminels seraient actuellement dans les prisons de Caroline du Nord et de Charlotte, que les autorités refuseraient de remettre à l'ICE.",agencemediapalestine.fr,Mondial organization,
182,F,"Environ 1 400 immigrants illégaux criminels seraient actuellement dans les prisons de Caroline du Nord et de Charlotte, que les autorités refuseraient de remettre à l'ICE.",letemps.ch,Journalistic source,
182,F,"Environ 1 400 immigrants illégaux criminels seraient actuellement dans les prisons de Caroline du Nord et de Charlotte, que les autorités refuseraient de remettre à l'ICE.",www1.alliancefr.com,Journalistic source,
182,F,"Environ 1 400 immigrants illégaux criminels seraient actuellement dans les prisons de Caroline du Nord et de Charlotte, que les autorités refuseraient de remettre à l'ICE.",ge.ch,Unclear website,Relevant
182,F,"Environ 1 400 immigrants illégaux criminels seraient actuellement dans les prisons de Caroline du Nord et de Charlotte, que les autorités refuseraient de remettre à l'ICE.",revuedlf.com,Journalistic source,Partially relevant
183,E,West Virginia is the only state losing population.,cdc.gov,Unclear website,Relevant
183,E,West Virginia is the only state losing population.,pewresearch.org,Local organization,
183,E,West Virginia is the only state losing population.,pewresearch.org,Local organization,
183,E,West Virginia is the only state losing population.,pewresearch.org,Local organization,
183,E,West Virginia is the only state losing population.,brookings.edu,Scientific source,
183,E,West Virginia is the only state losing population.,kff.org,Local organization,
183,E,West Virginia is the only state losing population.,kff.org,Local organization,
183,E,West Virginia is the only state losing population.,kff.org,Local organization,
183,E,West Virginia is the only state losing population.,kff.org,Intermediate media,Partially relevant
183,E,West Virginia is the only state losing population.,migrationpolicy.org,Local organization,
183,E,West Virginia is the only state losing population.,migrationpolicy.org,Unclear website,Relevant
183,E,West Virginia is the only state losing population.,guttmacher.org,Local organization,
183,E,West Virginia is the only state losing population.,brennancenter.org,Local organization,
183,E,West Virginia is the only state losing population.,sentencingproject.org,Local organization,
183,E,West Virginia is the only state losing population.,jchs.harvard.edu,Scientific source,
183,E,West Virginia is the only state losing population.,hiv.gov,Unclear website,Partially relevant
183,E,West Virginia is the only state losing population.,huduser.gov,Local organization,
183,E,West Virginia is the only state losing population.,census.gov,Local organization,
183,E,West Virginia is the only state losing population.,census.gov,Local organization,
183,E,West Virginia is the only state losing population.,endhomelessness.org,Intermediate media,
183,E,West Virginia is the only state losing population.,cdola.colorado.gov,Local organization,
183,E,West Virginia is the only state losing population.,census.gov,Unclear website,Partially relevant
183,E,West Virginia is the only state losing population.,census.gov,Local organization,
183,E,West Virginia is the only state losing population.,ers.usda.gov,Local organization,
183,E,West Virginia is the only state losing population.,demographics.texas.gov,Local organization,
183,E,West Virginia is the only state losing population.,census.gov,Local organization,
183,E,West Virginia is the only state losing population.,nces.ed.gov,Journalistic source,Partially relevant
183,E,West Virginia is the only state losing population.,data.census.gov,Journalistic source,Partially relevant
183,E,West Virginia is the only state losing population.,ncses.nsf.gov,Unclear website,Partially relevant
183,E,West Virginia is the only state losing population.,ppic.org,Local organization,
183,E,West Virginia is the only state losing population.,ppic.org,Local organization,
183,E,West Virginia is the only state losing population.,publichealth.jhu.edu,Scientific source,
183,E,West Virginia is the only state losing population.,pew.org,Local organization,
183,E,West Virginia is the only state losing population.,acsjournals.onlinelibrary.w...,Scientific source,Out of context
183,E,West Virginia is the only state losing population.,census.gov,Local organization,
183,E,West Virginia is the only state losing population.,coopercenter.org,Intermediate media,
183,E,West Virginia is the only state losing population.,pew.org,Local organization,
183,E,West Virginia is the only state losing population.,business.wvu.edu,Scientific source,
184,F,La Virginie-Occidentale serait le seul État à perdre des habitants.,fr.wikipedia.org,Intermediate media,
184,F,La Virginie-Occidentale serait le seul État à perdre des habitants.,fr.wikipedia.org,Intermediate media,
184,F,La Virginie-Occidentale serait le seul État à perdre des habitants.,fr.wikipedia.org,Intermediate media,
184,F,La Virginie-Occidentale serait le seul État à perdre des habitants.,fr.wikipedia.org,Intermediate media,
184,F,La Virginie-Occidentale serait le seul État à perdre des habitants.,igas.gouv.fr,Scientific source,Out of context
184,F,La Virginie-Occidentale serait le seul État à perdre des habitants.,publichealthontario.ca,Intermediate media,
184,F,La Virginie-Occidentale serait le seul État à perdre des habitants.,mccaininstitute.org,Intermediate media,
184,F,La Virginie-Occidentale serait le seul État à perdre des habitants.,undp.org,Unclear website,Out of context
184,F,La Virginie-Occidentale serait le seul État à perdre des habitants.,elibrary.imf.org,Mondial organization,
184,F,La Virginie-Occidentale serait le seul État à perdre des habitants.,insee.fr,Local organization,
184,F,La Virginie-Occidentale serait le seul État à perdre des habitants.,sahelresearch.africa.ufl.ed...,Intermediate media,
184,F,La Virginie-Occidentale serait le seul État à perdre des habitants.,wto.org,Mondial organization,
184,F,La Virginie-Occidentale serait le seul État à perdre des habitants.,incb.org,Unclear website,Out of context
184,F,La Virginie-Occidentale serait le seul État à perdre des habitants.,mics.ipums.org,Unclear website,Out of context
184,F,La Virginie-Occidentale serait le seul État à perdre des habitants.,childrenandarmedconflict.un...,Unclear website,Partially relevant
184,F,La Virginie-Occidentale serait le seul État à perdre des habitants.,statistique.quebec.ca,Intermediate media,
184,F,La Virginie-Occidentale serait le seul État à perdre des habitants.,globalnutritionreport.org,Scientific source,Out of context
184,F,La Virginie-Occidentale serait le seul État à perdre des habitants.,isa.org.jm,Unclear website,Out of context
184,F,La Virginie-Occidentale serait le seul État à perdre des habitants.,publichealthontario.ca,Intermediate media,
184,F,La Virginie-Occidentale serait le seul État à perdre des habitants.,iussp.org,Unclear website,Out of context
184,F,La Virginie-Occidentale serait le seul État à perdre des habitants.,roadtrippin.fr,Intermediate media,
184,F,La Virginie-Occidentale serait le seul État à perdre des habitants.,canada.ca,Local organization,
184,F,La Virginie-Occidentale serait le seul État à perdre des habitants.,anses.fr,Unclear website,Out of context
184,F,La Virginie-Occidentale serait le seul État à perdre des habitants.,repository.lsu.edu,Unclear website,Partially relevant
184,F,La Virginie-Occidentale serait le seul État à perdre des habitants.,axl.cefan.ulaval.ca,Scientific source,
184,F,La Virginie-Occidentale serait le seul État à perdre des habitants.,ined.fr,Local organization,
184,F,La Virginie-Occidentale serait le seul État à perdre des habitants.,shs.cairn.info,Scientific source,
184,F,La Virginie-Occidentale serait le seul État à perdre des habitants.,nychazardmitigation.com,Government / public institution,Out of context
184,F,La Virginie-Occidentale serait le seul État à perdre des habitants.,journals.openedition.org,Scientific source,
185,E,Video shows President Donald Trump patting President Bill Clinton's crotch.,snopes.com,Journalistic source,
185,E,Video shows President Donald Trump patting President Bill Clinton's crotch.,poynter.org,Local organization,
185,E,Video shows President Donald Trump patting President Bill Clinton's crotch.,bbc.com,Journalistic source,
185,E,Video shows President Donald Trump patting President Bill Clinton's crotch.,pbs.org,Intermediate media,
185,E,Video shows President Donald Trump patting President Bill Clinton's crotch.,pbs.org,Intermediate media,
185,E,Video shows President Donald Trump patting President Bill Clinton's crotch.,ajc.com,Intermediate media,
185,E,Video shows President Donald Trump patting President Bill Clinton's crotch.,scotusblog.com,Local organization,
185,E,Video shows President Donald Trump patting President Bill Clinton's crotch.,politifact.com,Journalistic source,
185,E,Video shows President Donald Trump patting President Bill Clinton's crotch.,politifact.com,Journalistic source,
185,E,Video shows President Donald Trump patting President Bill Clinton's crotch.,politico.com,Journalistic source,
185,E,Video shows President Donald Trump patting President Bill Clinton's crotch.,nbcnews.com,Journalistic source,
185,E,Video shows President Donald Trump patting President Bill Clinton's crotch.,theatlantic.com,Journalistic source,
185,E,Video shows President Donald Trump patting President Bill Clinton's crotch.,whitehouse.gov,Local organization,
185,E,Video shows President Donald Trump patting President Bill Clinton's crotch.,whitehouse.gov,Local organization,
185,E,Video shows President Donald Trump patting President Bill Clinton's crotch.,yahoo.com,Intermediate media,
185,E,Video shows President Donald Trump patting President Bill Clinton's crotch.,vox.com,Social media,
185,E,Video shows President Donald Trump patting President Bill Clinton's crotch.,acslaw.org,Intermediate media,
186,F,Une vidéo montrerait le président Trump touchant l'entrejambe du président Bill Clinton.,theconversation.com,Intermediate media,
186,F,Une vidéo montrerait le président Trump touchant l'entrejambe du président Bill Clinton.,bbc.com,Journalistic source,
186,F,Une vidéo montrerait le président Trump touchant l'entrejambe du président Bill Clinton.,lapresse.ca,Journalistic source,
186,F,Une vidéo montrerait le président Trump touchant l'entrejambe du président Bill Clinton.,journaldemontreal.com,Journalistic source,
186,F,Une vidéo montrerait le président Trump touchant l'entrejambe du président Bill Clinton.,20minutes.fr,Journalistic source,
186,F,Une vidéo montrerait le président Trump touchant l'entrejambe du président Bill Clinton.,ici.radio-canada.ca,Local organization,
186,F,Une vidéo montrerait le président Trump touchant l'entrejambe du président Bill Clinton.,tf1info.fr,Journalistic source,
186,F,Une vidéo montrerait le président Trump touchant l'entrejambe du président Bill Clinton.,tf1info.fr,Journalistic source,
186,F,Une vidéo montrerait le président Trump touchant l'entrejambe du président Bill Clinton.,lemonde.fr,Journalistic source,
186,F,Une vidéo montrerait le président Trump touchant l'entrejambe du président Bill Clinton.,lemonde.fr,Journalistic source,
186,F,Une vidéo montrerait le président Trump touchant l'entrejambe du président Bill Clinton.,tvanouvelles.ca,Journalistic source,
186,F,Une vidéo montrerait le président Trump touchant l'entrejambe du président Bill Clinton.,ledauphine.com,Journalistic source,
186,F,Une vidéo montrerait le président Trump touchant l'entrejambe du président Bill Clinton.,courrierinternational.c...,Intermediate media,
186,F,Une vidéo montrerait le président Trump touchant l'entrejambe du président Bill Clinton.,estrepublicain.fr,Intermediate media,
186,F,Une vidéo montrerait le président Trump touchant l'entrejambe du président Bill Clinton.,sudinfo.be,Journalistic source,
186,F,Une vidéo montrerait le président Trump touchant l'entrejambe du président Bill Clinton.,gala.fr,Journalistic source,
186,F,Une vidéo montrerait le président Trump touchant l'entrejambe du président Bill Clinton.,gala.fr,Journalistic source,
186,F,Une vidéo montrerait le président Trump touchant l'entrejambe du président Bill Clinton.,dogma.lu,Intermediate media,
186,F,Une vidéo montrerait le président Trump touchant l'entrejambe du président Bill Clinton.,fr.scribd.com,Intermediate media,
186,F,Une vidéo montrerait le président Trump touchant l'entrejambe du président Bill Clinton.,rando-saleve.net,Intermediate media,
186,F,Une vidéo montrerait le président Trump touchant l'entrejambe du président Bill Clinton.,memoireonline.com,Unclear website,Partially relevant
186,F,Une vidéo montrerait le président Trump touchant l'entrejambe du président Bill Clinton.,fr.scribd.com,Intermediate media,
186,F,Une vidéo montrerait le président Trump touchant l'entrejambe du président Bill Clinton.,archipel.uqam.ca,Scientific source,
187,E,My tariffs are helping to slash the deficit this year by more than 25%.,cbo.gov,Local organization,
187,E,My tariffs are helping to slash the deficit this year by more than 25%.,cbo.gov,Local organization,
187,E,My tariffs are helping to slash the deficit this year by more than 25%.,cbo.gov,Local organization,
187,E,My tariffs are helping to slash the deficit this year by more than 25%.,cbo.gov,Local organization,
187,E,My tariffs are helping to slash the deficit this year by more than 25%.,factcheck.org,Journalistic source,
187,E,My tariffs are helping to slash the deficit this year by more than 25%.,congress.gov,Local organization,
187,E,My tariffs are helping to slash the deficit this year by more than 25%.,crfb.org,Government / public institution,Out of context
187,E,My tariffs are helping to slash the deficit this year by more than 25%.,cfr.org,Local organization,
187,E,My tariffs are helping to slash the deficit this year by more than 25%.,piie.com,Intermediate media,
187,E,My tariffs are helping to slash the deficit this year by more than 25%.,piie.com,Intermediate media,
187,E,My tariffs are helping to slash the deficit this year by more than 25%.,nytimes.com,Journalistic source,
187,E,My tariffs are helping to slash the deficit this year by more than 25%.,bipartisanpolicy.org,Local organization,
187,E,My tariffs are helping to slash the deficit this year by more than 25%.,taxfoundation.org,Local organization,
187,E,My tariffs are helping to slash the deficit this year by more than 25%.,whitehouse.gov,Local organization,
187,E,My tariffs are helping to slash the deficit this year by more than 25%.,libertystreeteconomics.newy...,Intermediate media,
187,E,My tariffs are helping to slash the deficit this year by more than 25%.,bbvaresearch.com,Intermediate media,
187,E,My tariffs are helping to slash the deficit this year by more than 25%.,bea.gov,Local organization,
187,E,My tariffs are helping to slash the deficit this year by more than 25%.,bea.gov,Unclear website,Out of context
187,E,My tariffs are helping to slash the deficit this year by more than 25%.,osc.ny.gov,Local organization,
187,E,My tariffs are helping to slash the deficit this year by more than 25%.,bea.gov,Local organization,
187,E,My tariffs are helping to slash the deficit this year by more than 25%.,fao-on.org,Intermediate media,
187,E,My tariffs are helping to slash the deficit this year by more than 25%.,intereconomics.eu,Intermediate media,
188,F,« Mes tarifs douaniers contribuent à réduire le déficit de plus de 25 % cette année ».,bfmtv.com,Journalistic source,
188,F,« Mes tarifs douaniers contribuent à réduire le déficit de plus de 25 % cette année ».,imf.org,Unclear website,Out of context
188,F,« Mes tarifs douaniers contribuent à réduire le déficit de plus de 25 % cette année ».,ires.fr,Intermediate media,Out of context
188,F,« Mes tarifs douaniers contribuent à réduire le déficit de plus de 25 % cette année ».,tresor.economie.gouv.fr...,Unclear website,Out of context
188,F,« Mes tarifs douaniers contribuent à réduire le déficit de plus de 25 % cette année ».,insee.fr,Unclear website,Out of context
188,F,« Mes tarifs douaniers contribuent à réduire le déficit de plus de 25 % cette année ».,oecd.org,Unclear website,Out of context
188,F,« Mes tarifs douaniers contribuent à réduire le déficit de plus de 25 % cette année ».,cae-eco.fr,Unclear website,Out of context
188,F,« Mes tarifs douaniers contribuent à réduire le déficit de plus de 25 % cette année ».,economie-algerie.com,Local organization,
188,F,« Mes tarifs douaniers contribuent à réduire le déficit de plus de 25 % cette année ».,abh-ace.be,Intermediate media,
188,F,« Mes tarifs douaniers contribuent à réduire le déficit de plus de 25 % cette année ».,stat.link,Government / public institution,Out of context
188,F,« Mes tarifs douaniers contribuent à réduire le déficit de plus de 25 % cette année ».,oecd.org,Unclear website,Out of context
188,F,« Mes tarifs douaniers contribuent à réduire le déficit de plus de 25 % cette année ».,assemblee-nationale.fr,Local organization,
188,F,« Mes tarifs douaniers contribuent à réduire le déficit de plus de 25 % cette année ».,tresor.economie.gouv.fr...,Local organization,
188,F,« Mes tarifs douaniers contribuent à réduire le déficit de plus de 25 % cette année ».,tresor.economie.gouv.fr...,Local organization,
188,F,« Mes tarifs douaniers contribuent à réduire le déficit de plus de 25 % cette année ».,sciencespo.hal.science,Scientific source,
188,F,« Mes tarifs douaniers contribuent à réduire le déficit de plus de 25 % cette année ».,fao-on.org,Intermediate media,
188,F,« Mes tarifs douaniers contribuent à réduire le déficit de plus de 25 % cette année ».,ofce.sciences-po.fr,Intermediate media,
188,F,« Mes tarifs douaniers contribuent à réduire le déficit de plus de 25 % cette année ».,capitalgroup.com,Intermediate media,
188,F,« Mes tarifs douaniers contribuent à réduire le déficit de plus de 25 % cette année ».,economic-research.bnppariba...,Intermediate media,
188,F,« Mes tarifs douaniers contribuent à réduire le déficit de plus de 25 % cette année ».,legrandcontinent.eu,Unclear website,Out of context
188,F,« Mes tarifs douaniers contribuent à réduire le déficit de plus de 25 % cette année ».,oecd.org,Government / public institution,Out of context
188,F,« Mes tarifs douaniers contribuent à réduire le déficit de plus de 25 % cette année ».,svn.spraakdata.gu.se,Government / public institution,Out of context
188,F,« Mes tarifs douaniers contribuent à réduire le déficit de plus de 25 % cette année ».,hal.science,Government / public institution,Out of context
188,F,« Mes tarifs douaniers contribuent à réduire le déficit de plus de 25 % cette année ».,housingfinanceafrica.org,Government / public institution,Out of context
188,F,« Mes tarifs douaniers contribuent à réduire le déficit de plus de 25 % cette année ».,ifc.org,Government / public institution,Out of context
189,E,RFK Jr. flees the scene after Novo Nordisk Executive Gordon Findlay collapsed in the Oval Office.,npr.org,Unclear website,Out of context
189,E,RFK Jr. flees the scene after Novo Nordisk Executive Gordon Findlay collapsed in the Oval Office.,snopes.com,Journalistic source,
189,E,RFK Jr. flees the scene after Novo Nordisk Executive Gordon Findlay collapsed in the Oval Office.,politifact.com,Journalistic source,
189,E,RFK Jr. flees the scene after Novo Nordisk Executive Gordon Findlay collapsed in the Oval Office.,newsweek.com,Journalistic source,
189,E,RFK Jr. flees the scene after Novo Nordisk Executive Gordon Findlay collapsed in the Oval Office.,hindustantimes.com,Journalistic source,
189,E,RFK Jr. flees the scene after Novo Nordisk Executive Gordon Findlay collapsed in the Oval Office.,whitehouse.gov,Unclear website,Out of context
189,E,RFK Jr. flees the scene after Novo Nordisk Executive Gordon Findlay collapsed in the Oval Office.,yahoo.com,Intermediate media,
189,E,RFK Jr. flees the scene after Novo Nordisk Executive Gordon Findlay collapsed in the Oval Office.,ca.news.yahoo.com,Intermediate media,
189,E,RFK Jr. flees the scene after Novo Nordisk Executive Gordon Findlay collapsed in the Oval Office.,yahoo.com,Intermediate media,
189,E,RFK Jr. flees the scene after Novo Nordisk Executive Gordon Findlay collapsed in the Oval Office.,abcnews.com,Journalistic source,
189,E,RFK Jr. flees the scene after Novo Nordisk Executive Gordon Findlay collapsed in the Oval Office.,katv.com,Journalistic source,
189,E,RFK Jr. flees the scene after Novo Nordisk Executive Gordon Findlay collapsed in the Oval Office.,mediaite.com,Journalistic source,
189,E,RFK Jr. flees the scene after Novo Nordisk Executive Gordon Findlay collapsed in the Oval Office.,spectrumlocalnews.com,Journalistic source,
189,E,RFK Jr. flees the scene after Novo Nordisk Executive Gordon Findlay collapsed in the Oval Office.,foxbaltimore.com,Journalistic source,
189,E,RFK Jr. flees the scene after Novo Nordisk Executive Gordon Findlay collapsed in the Oval Office.,people.com,Journalistic source,
189,E,RFK Jr. flees the scene after Novo Nordisk Executive Gordon Findlay collapsed in the Oval Office.,people.com,Journalistic source,
189,E,RFK Jr. flees the scene after Novo Nordisk Executive Gordon Findlay collapsed in the Oval Office.,thedailybeast.com,Journalistic source,
189,E,RFK Jr. flees the scene after Novo Nordisk Executive Gordon Findlay collapsed in the Oval Office.,thedailybeast.com,Journalistic source,
189,E,RFK Jr. flees the scene after Novo Nordisk Executive Gordon Findlay collapsed in the Oval Office.,thenationaldesk.com,Intermediate media,
189,E,RFK Jr. flees the scene after Novo Nordisk Executive Gordon Findlay collapsed in the Oval Office.,nbc.com,Intermediate media,
190,F,RFK Jr. aurait fui les lieux après l'effondrement du cadre de Novo Nordisk Gordon Findlay dans le Bureau ovale.,numerique.banq.qc.ca,Unclear website,Out of context
190,F,RFK Jr. aurait fui les lieux après l'effondrement du cadre de Novo Nordisk Gordon Findlay dans le Bureau ovale.,spin-off.fr,Unclear website,Out of context
190,F,RFK Jr. aurait fui les lieux après l'effondrement du cadre de Novo Nordisk Gordon Findlay dans le Bureau ovale.,lelive.free.fr,Government / public institution,Out of context
191,E,The New York City ballot form is a scam because mayoral candidates appear twice.,factcheck.afp.com,Journalistic source,
191,E,The New York City ballot form is a scam because mayoral candidates appear twice.,newsnationnow.com,Intermediate media,
191,E,The New York City ballot form is a scam because mayoral candidates appear twice.,ballotpedia.org,Local organization,
191,E,The New York City ballot form is a scam because mayoral candidates appear twice.,pbs.org,Intermediate media,
191,E,The New York City ballot form is a scam because mayoral candidates appear twice.,politifact.com,Journalistic source,
191,E,The New York City ballot form is a scam because mayoral candidates appear twice.,fairvote.org,Local organization,
191,E,The New York City ballot form is a scam because mayoral candidates appear twice.,nytimes.com,Journalistic source,
191,E,The New York City ballot form is a scam because mayoral candidates appear twice.,aljazeera.com,Journalistic source,
191,E,The New York City ballot form is a scam because mayoral candidates appear twice.,newamerica.org,Local organization,
191,E,The New York City ballot form is a scam because mayoral candidates appear twice.,fox5ny.com,Journalistic source,
191,E,The New York City ballot form is a scam because mayoral candidates appear twice.,vote.nyc,Unclear website,Out of context
191,E,The New York City ballot form is a scam because mayoral candidates appear twice.,nycvotes.org,Intermediate media,
191,E,The New York City ballot form is a scam because mayoral candidates appear twice.,workingfamilies.org,Intermediate media,
191,E,The New York City ballot form is a scam because mayoral candidates appear twice.,statecourtreport.org,Local organization,
191,E,The New York City ballot form is a scam because mayoral candidates appear twice.,alleghenycounty.us,Intermediate media,
191,E,The New York City ballot form is a scam because mayoral candidates appear twice.,elections.virginia.gov,Local organization,
191,E,The New York City ballot form is a scam because mayoral candidates appear twice.,scvotes.gov,Local organization,
192,F,Le bulletin de vote de New York serait « une arnaque » parce que les candidats à la mairie y apparaîtraient deux fois.,newsguardtech.com,Journalistic source,
192,F,Le bulletin de vote de New York serait « une arnaque » parce que les candidats à la mairie y apparaîtraient deux fois.,fr.wikipedia.org,Intermediate media,
192,F,Le bulletin de vote de New York serait « une arnaque » parce que les candidats à la mairie y apparaîtraient deux fois.,investir.lesechos.fr,Journalistic source,
192,F,Le bulletin de vote de New York serait « une arnaque » parce que les candidats à la mairie y apparaîtraient deux fois.,lemonde.fr,Journalistic source,
192,F,Le bulletin de vote de New York serait « une arnaque » parce que les candidats à la mairie y apparaîtraient deux fois.,hal.science,Scientific source,
192,F,Le bulletin de vote de New York serait « une arnaque » parce que les candidats à la mairie y apparaîtraient deux fois.,eac.gov,Local organization,
192,F,Le bulletin de vote de New York serait « une arnaque » parce que les candidats à la mairie y apparaîtraient deux fois.,jean-jaures.org,Local organization,
192,F,Le bulletin de vote de New York serait « une arnaque » parce que les candidats à la mairie y apparaîtraient deux fois.,idea.int,Mondial organization,
192,F,Le bulletin de vote de New York serait « une arnaque » parce que les candidats à la mairie y apparaîtraient deux fois.,shs.cairn.info,Scientific source,
192,F,Le bulletin de vote de New York serait « une arnaque » parce que les candidats à la mairie y apparaîtraient deux fois.,idea.int,Mondial organization,
192,F,Le bulletin de vote de New York serait « une arnaque » parce que les candidats à la mairie y apparaîtraient deux fois.,peaceau.org,Intermediate media,
192,F,Le bulletin de vote de New York serait « une arnaque » parce que les candidats à la mairie y apparaîtraient deux fois.,archive.ipu.org,Mondial organization,
192,F,Le bulletin de vote de New York serait « une arnaque » parce que les candidats à la mairie y apparaîtraient deux fois.,digitallibrary.un.org,Mondial organization,
192,F,Le bulletin de vote de New York serait « une arnaque » parce que les candidats à la mairie y apparaîtraient deux fois.,eac.gov,Local organization,
192,F,Le bulletin de vote de New York serait « une arnaque » parce que les candidats à la mairie y apparaîtraient deux fois.,service-public.gouv.fr,Local organization,
192,F,Le bulletin de vote de New York serait « une arnaque » parce que les candidats à la mairie y apparaîtraient deux fois.,nyulawglobal.org,Government / public institution,Out of context
192,F,Le bulletin de vote de New York serait « une arnaque » parce que les candidats à la mairie y apparaîtraient deux fois.,eeas.europa.eu,Mondial organization,
192,F,Le bulletin de vote de New York serait « une arnaque » parce que les candidats à la mairie y apparaîtraient deux fois.,ndi.org,Intermediate media,
192,F,Le bulletin de vote de New York serait « une arnaque » parce que les candidats à la mairie y apparaîtraient deux fois.,venice.coe.int,Mondial organization,
192,F,Le bulletin de vote de New York serait « une arnaque » parce que les candidats à la mairie y apparaîtraient deux fois.,elections.ca,Local organization,
192,F,Le bulletin de vote de New York serait « une arnaque » parce que les candidats à la mairie y apparaîtraient deux fois.,oas.org,Unclear website,Out of context
192,F,Le bulletin de vote de New York serait « une arnaque » parce que les candidats à la mairie y apparaîtraient deux fois.,comptroller.nyc.gov,Local organization,
192,F,Le bulletin de vote de New York serait « une arnaque » parce que les candidats à la mairie y apparaîtraient deux fois.,lagrandeconversation.co...,Intermediate media,
192,F,Le bulletin de vote de New York serait « une arnaque » parce que les candidats à la mairie y apparaîtraient deux fois.,odihr.osce.org,Unclear website,Out of context
193,E,"The federal government decided to shut down the SNAP machines, so that they can't be used.",apnews.com,Journalistic source,
193,E,"The federal government decided to shut down the SNAP machines, so that they can't be used.",apnews.com,Journalistic source,
193,E,"The federal government decided to shut down the SNAP machines, so that they can't be used.",npr.org,Journalistic source,
193,E,"The federal government decided to shut down the SNAP machines, so that they can't be used.",npr.org,Journalistic source,
193,E,"The federal government decided to shut down the SNAP machines, so that they can't be used.",federalnewsnetwork.com,Journalistic source,
193,E,"The federal government decided to shut down the SNAP machines, so that they can't be used.",appropriations.house.gov,Local organization,
193,E,"The federal government decided to shut down the SNAP machines, so that they can't be used.",abc7news.com,Journalistic source,
193,E,"The federal government decided to shut down the SNAP machines, so that they can't be used.",bis.gov,Scientific source,Out of context
193,E,"The federal government decided to shut down the SNAP machines, so that they can't be used.",hklaw.com,Intermediate media,
193,E,"The federal government decided to shut down the SNAP machines, so that they can't be used.",mycg.uscg.mil,Journalistic source,Out of context
193,E,"The federal government decided to shut down the SNAP machines, so that they can't be used.",wrightcountymn.gov,Local organization,
193,E,"The federal government decided to shut down the SNAP machines, so that they can't be used.",otda.ny.gov,Unclear website,Out of context
193,E,"The federal government decided to shut down the SNAP machines, so that they can't be used.",humanservices.arkansas.gov,Local organization,
193,E,"The federal government decided to shut down the SNAP machines, so that they can't be used.",dhs.georgia.gov,Local organization,
193,E,"The federal government decided to shut down the SNAP machines, so that they can't be used.",governor.virginia.gov,Local organization,
193,E,"The federal government decided to shut down the SNAP machines, so that they can't be used.",hklaw.com,Intermediate media,
193,E,"The federal government decided to shut down the SNAP machines, so that they can't be used.",portal.311.nyc.gov,Unclear website,Relevant
193,E,"The federal government decided to shut down the SNAP machines, so that they can't be used.",dhhs.nh.gov,Local organization,
193,E,"The federal government decided to shut down the SNAP machines, so that they can't be used.",otda.ny.gov,Local organization,
193,E,"The federal government decided to shut down the SNAP machines, so that they can't be used.",news.delaware.gov,Local organization,
193,E,"The federal government decided to shut down the SNAP machines, so that they can't be used.",mass.gov,Local organization,
193,E,"The federal government decided to shut down the SNAP machines, so that they can't be used.",nj.gov,Local organization,
193,E,"The federal government decided to shut down the SNAP machines, so that they can't be used.",dhs.state.il.us,Intermediate media,
193,E,"The federal government decided to shut down the SNAP machines, so that they can't be used.",dhs.maryland.gov,Local organization,
193,E,"The federal government decided to shut down the SNAP machines, so that they can't be used.",otda.ny.gov,Local organization,
193,E,"The federal government decided to shut down the SNAP machines, so that they can't be used.",staycovered.ri.gov,Local organization,
194,F,Le gouvernement fédéral aurait décidé de couper les terminaux SNAP pour les rendre inutilisables.,anses.fr,Unclear website,Partially relevant
194,F,Le gouvernement fédéral aurait décidé de couper les terminaux SNAP pour les rendre inutilisables.,semperis.com,Unclear website,Out of context
194,F,Le gouvernement fédéral aurait décidé de couper les terminaux SNAP pour les rendre inutilisables.,huggingface.co,Unclear website,Out of context
194,F,Le gouvernement fédéral aurait décidé de couper les terminaux SNAP pour les rendre inutilisables.,cyberveille.ch,Unclear website,Out of context
194,F,Le gouvernement fédéral aurait décidé de couper les terminaux SNAP pour les rendre inutilisables.,ised-isde.canada.ca,Local organization,
194,F,Le gouvernement fédéral aurait décidé de couper les terminaux SNAP pour les rendre inutilisables.,publications.gc.ca,Unclear website,Out of context
194,F,Le gouvernement fédéral aurait décidé de couper les terminaux SNAP pour les rendre inutilisables.,dig.watch,Intermediate media,
194,F,Le gouvernement fédéral aurait décidé de couper les terminaux SNAP pour les rendre inutilisables.,donneespersonnelles.fr,Unclear website,Out of context
194,F,Le gouvernement fédéral aurait décidé de couper les terminaux SNAP pour les rendre inutilisables.,vivatech.com,Government / public institution,Out of context
194,F,Le gouvernement fédéral aurait décidé de couper les terminaux SNAP pour les rendre inutilisables.,snapquebec.org,Intermediate media,
194,F,Le gouvernement fédéral aurait décidé de couper les terminaux SNAP pour les rendre inutilisables.,tech-insider.org,Intermediate media,
194,F,Le gouvernement fédéral aurait décidé de couper les terminaux SNAP pour les rendre inutilisables.,hautconseilclimat.fr,Intermediate media,
194,F,Le gouvernement fédéral aurait décidé de couper les terminaux SNAP pour les rendre inutilisables.,snapquebec.org,Intermediate media,
194,F,Le gouvernement fédéral aurait décidé de couper les terminaux SNAP pour les rendre inutilisables.,acronis.com,Government / public institution,Out of context
194,F,Le gouvernement fédéral aurait décidé de couper les terminaux SNAP pour les rendre inutilisables.,costacroisieres.fr,Intermediate media,
194,F,Le gouvernement fédéral aurait décidé de couper les terminaux SNAP pour les rendre inutilisables.,casio.com,Government / public institution,Out of context
194,F,Le gouvernement fédéral aurait décidé de couper les terminaux SNAP pour les rendre inutilisables.,opc.gouv.qc.ca,Unclear website,Out of context
195,E,The majority of Supplemental Nutrition Assistance Program recipients are not U.S. citizens.,pewresearch.org,Government / public institution,Out of context
195,E,The majority of Supplemental Nutrition Assistance Program recipients are not U.S. citizens.,congress.gov,Local organization,
195,E,The majority of Supplemental Nutrition Assistance Program recipients are not U.S. citizens.,gao.gov,Local organization,
195,E,The majority of Supplemental Nutrition Assistance Program recipients are not U.S. citizens.,kff.org,Local organization,
195,E,The majority of Supplemental Nutrition Assistance Program recipients are not U.S. citizens.,cbpp.org,Local organization,
195,E,The majority of Supplemental Nutrition Assistance Program recipients are not U.S. citizens.,cbpp.org,Government / public institution,Out of context
195,E,The majority of Supplemental Nutrition Assistance Program recipients are not U.S. citizens.,cbpp.org,Local organization,
195,E,The majority of Supplemental Nutrition Assistance Program recipients are not U.S. citizens.,cbpp.org,Local organization,
195,E,The majority of Supplemental Nutrition Assistance Program recipients are not U.S. citizens.,cbpp.org,Local organization,
195,E,The majority of Supplemental Nutrition Assistance Program recipients are not U.S. citizens.,cbpp.org,Local organization,
195,E,The majority of Supplemental Nutrition Assistance Program recipients are not U.S. citizens.,cbpp.org,Local organization,
195,E,The majority of Supplemental Nutrition Assistance Program recipients are not U.S. citizens.,migrationpolicy.org,Government / public institution,Out of context
195,E,The majority of Supplemental Nutrition Assistance Program recipients are not U.S. citizens.,migrationpolicy.org,Local organization,
195,E,The majority of Supplemental Nutrition Assistance Program recipients are not U.S. citizens.,americanimmigrationcoun...,Local organization,
195,E,The majority of Supplemental Nutrition Assistance Program recipients are not U.S. citizens.,cis.org,Local organization,
195,E,The majority of Supplemental Nutrition Assistance Program recipients are not U.S. citizens.,nilc.org,Local organization,
195,E,The majority of Supplemental Nutrition Assistance Program recipients are not U.S. citizens.,forumtogether.org,Intermediate media,
195,E,The majority of Supplemental Nutrition Assistance Program recipients are not U.S. citizens.,dcyf.mn.gov,Local organization,
195,E,The majority of Supplemental Nutrition Assistance Program recipients are not U.S. citizens.,otda.ny.gov,Local organization,
195,E,The majority of Supplemental Nutrition Assistance Program recipients are not U.S. citizens.,fna.usda.gov,Local organization,
195,E,The majority of Supplemental Nutrition Assistance Program recipients are not U.S. citizens.,ers.usda.gov,Local organization,
195,E,The majority of Supplemental Nutrition Assistance Program recipients are not U.S. citizens.,nilc.org,Local organization,
195,E,The majority of Supplemental Nutrition Assistance Program recipients are not U.S. citizens.,usda.gov,Local organization,
195,E,The majority of Supplemental Nutrition Assistance Program recipients are not U.S. citizens.,fna.usda.gov,Local organization,
195,E,The majority of Supplemental Nutrition Assistance Program recipients are not U.S. citizens.,fna.usda.gov,Local organization,
195,E,The majority of Supplemental Nutrition Assistance Program recipients are not U.S. citizens.,fns-prod.azureedge.us,Intermediate media,
195,E,The majority of Supplemental Nutrition Assistance Program recipients are not U.S. citizens.,usda.gov,Local organization,
195,E,The majority of Supplemental Nutrition Assistance Program recipients are not U.S. citizens.,ers.usda.gov,Unclear website,Partially relevant
195,E,The majority of Supplemental Nutrition Assistance Program recipients are not U.S. citizens.,cmsny.org,Intermediate media,
196,F,La majorité des bénéficiaires du programme SNAP ne seraient pas des citoyens américains.,sciencedirect.com,Unclear website,Partially relevant
196,F,La majorité des bénéficiaires du programme SNAP ne seraient pas des citoyens américains.,bretagne.bzh,Unclear website,Out of context
196,F,La majorité des bénéficiaires du programme SNAP ne seraient pas des citoyens américains.,ofb.gouv.fr,Government / public institution,Out of context
196,F,La majorité des bénéficiaires du programme SNAP ne seraient pas des citoyens américains.,canada.ca,Unclear website,Relevant
196,F,La majorité des bénéficiaires du programme SNAP ne seraient pas des citoyens américains.,bourgognefranchecomte.f...,Unclear website,Out of context
196,F,La majorité des bénéficiaires du programme SNAP ne seraient pas des citoyens américains.,documents1.worldbank.org,Unclear website,Relevant
196,F,La majorité des bénéficiaires du programme SNAP ne seraient pas des citoyens américains.,www2.assemblee-nationale.fr...,Local organization,
196,F,La majorité des bénéficiaires du programme SNAP ne seraient pas des citoyens américains.,assemblee-nationale.fr,Journalistic source,Partially relevant
196,F,La majorité des bénéficiaires du programme SNAP ne seraient pas des citoyens américains.,regionreunion.com,Intermediate media,
196,F,La majorité des bénéficiaires du programme SNAP ne seraient pas des citoyens américains.,fao.org,Journalistic source,Partially relevant
196,F,La majorité des bénéficiaires du programme SNAP ne seraient pas des citoyens américains.,scholars.wlu.ca,Journalistic source,Relevant
197,E,"Video shows Hurricane Melissa hitting Jamaica on Oct. 26, 2025.",apnews.com,Journalistic source,
197,E,"Video shows Hurricane Melissa hitting Jamaica on Oct. 26, 2025.",factcheck.afp.com,Journalistic source,
197,E,"Video shows Hurricane Melissa hitting Jamaica on Oct. 26, 2025.",npr.org,Journalistic source,
197,E,"Video shows Hurricane Melissa hitting Jamaica on Oct. 26, 2025.",theconversation.com,Intermediate media,
197,E,"Video shows Hurricane Melissa hitting Jamaica on Oct. 26, 2025.",nhc.noaa.gov,Local organization,
197,E,"Video shows Hurricane Melissa hitting Jamaica on Oct. 26, 2025.",thehill.com,Journalistic source,
197,E,"Video shows Hurricane Melissa hitting Jamaica on Oct. 26, 2025.",bbc.com,Journalistic source,
197,E,"Video shows Hurricane Melissa hitting Jamaica on Oct. 26, 2025.",bbc.com,Journalistic source,
197,E,"Video shows Hurricane Melissa hitting Jamaica on Oct. 26, 2025.",politico.com,Journalistic source,
197,E,"Video shows Hurricane Melissa hitting Jamaica on Oct. 26, 2025.",cnbc.com,Journalistic source,
197,E,"Video shows Hurricane Melissa hitting Jamaica on Oct. 26, 2025.",nbcnews.com,Journalistic source,
197,E,"Video shows Hurricane Melissa hitting Jamaica on Oct. 26, 2025.",en.wikipedia.org,Intermediate media,
197,E,"Video shows Hurricane Melissa hitting Jamaica on Oct. 26, 2025.",weather.com,Intermediate media,
197,E,"Video shows Hurricane Melissa hitting Jamaica on Oct. 26, 2025.",aljazeera.com,Journalistic source,
197,E,"Video shows Hurricane Melissa hitting Jamaica on Oct. 26, 2025.",wmo.int,Mondial organization,
197,E,"Video shows Hurricane Melissa hitting Jamaica on Oct. 26, 2025.",abcnews.com,Journalistic source,
197,E,"Video shows Hurricane Melissa hitting Jamaica on Oct. 26, 2025.",baynews9.com,Intermediate media,
197,E,"Video shows Hurricane Melissa hitting Jamaica on Oct. 26, 2025.",foxweather.com,Journalistic source,
197,E,"Video shows Hurricane Melissa hitting Jamaica on Oct. 26, 2025.",fox5ny.com,Journalistic source,
197,E,"Video shows Hurricane Melissa hitting Jamaica on Oct. 26, 2025.",care.org,Intermediate media,
197,E,"Video shows Hurricane Melissa hitting Jamaica on Oct. 26, 2025.",jm.usembassy.gov,Local organization,
197,E,"Video shows Hurricane Melissa hitting Jamaica on Oct. 26, 2025.",reliefweb.int,Mondial organization,
197,E,"Video shows Hurricane Melissa hitting Jamaica on Oct. 26, 2025.",yaleclimateconnections.org,Intermediate media,
197,E,"Video shows Hurricane Melissa hitting Jamaica on Oct. 26, 2025.",earth.org,Intermediate media,
197,E,"Video shows Hurricane Melissa hitting Jamaica on Oct. 26, 2025.",worldvision.org,Intermediate media,
197,E,"Video shows Hurricane Melissa hitting Jamaica on Oct. 26, 2025.",worldweatherattribution...,Intermediate media,
197,E,"Video shows Hurricane Melissa hitting Jamaica on Oct. 26, 2025.",reliefweb.int,Mondial organization,
197,E,"Video shows Hurricane Melissa hitting Jamaica on Oct. 26, 2025.",disasterphilanthropy.org,Intermediate media,
197,E,"Video shows Hurricane Melissa hitting Jamaica on Oct. 26, 2025.",ag.ny.gov,Local organization,
198,F,Une vidéo montrerait l'ouragan Melissa frappant la Jamaïque le 26 octobre 2025.,factuel.afp.com,Journalistic source,
198,F,Une vidéo montrerait l'ouragan Melissa frappant la Jamaïque le 26 octobre 2025.,france24.com,Journalistic source,
198,F,Une vidéo montrerait l'ouragan Melissa frappant la Jamaïque le 26 octobre 2025.,france24.com,Journalistic source,
198,F,Une vidéo montrerait l'ouragan Melissa frappant la Jamaïque le 26 octobre 2025.,ledevoir.com,Journalistic source,
198,F,Une vidéo montrerait l'ouragan Melissa frappant la Jamaïque le 26 octobre 2025.,lapresse.ca,Journalistic source,
198,F,Une vidéo montrerait l'ouragan Melissa frappant la Jamaïque le 26 octobre 2025.,ici.radio-canada.ca,Local organization,
198,F,Une vidéo montrerait l'ouragan Melissa frappant la Jamaïque le 26 octobre 2025.,ouest-france.fr,Journalistic source,
198,F,Une vidéo montrerait l'ouragan Melissa frappant la Jamaïque le 26 octobre 2025.,ouest-france.fr,Journalistic source,
198,F,Une vidéo montrerait l'ouragan Melissa frappant la Jamaïque le 26 octobre 2025.,ouest-france.fr,Journalistic source,
198,F,Une vidéo montrerait l'ouragan Melissa frappant la Jamaïque le 26 octobre 2025.,noovo.info,Journalistic source,
198,F,Une vidéo montrerait l'ouragan Melissa frappant la Jamaïque le 26 octobre 2025.,tf1info.fr,Journalistic source,
198,F,Une vidéo montrerait l'ouragan Melissa frappant la Jamaïque le 26 octobre 2025.,tf1info.fr,Journalistic source,
198,F,Une vidéo montrerait l'ouragan Melissa frappant la Jamaïque le 26 octobre 2025.,tf1info.fr,Journalistic source,
198,F,Une vidéo montrerait l'ouragan Melissa frappant la Jamaïque le 26 octobre 2025.,lemonde.fr,Journalistic source,
198,F,Une vidéo montrerait l'ouragan Melissa frappant la Jamaïque le 26 octobre 2025.,reliefweb.int,Mondial organization,
198,F,Une vidéo montrerait l'ouragan Melissa frappant la Jamaïque le 26 octobre 2025.,echternach-et-moselle.rotar...,Intermediate media,
198,F,Une vidéo montrerait l'ouragan Melissa frappant la Jamaïque le 26 octobre 2025.,echternach-et-moselle.rotar...,Intermediate media,
198,F,Une vidéo montrerait l'ouragan Melissa frappant la Jamaïque le 26 octobre 2025.,schengen-mondorf-les-bains....,Intermediate media,
198,F,Une vidéo montrerait l'ouragan Melissa frappant la Jamaïque le 26 octobre 2025.,esch-bassin-minier.rotary21...,Intermediate media,
198,F,Une vidéo montrerait l'ouragan Melissa frappant la Jamaïque le 26 octobre 2025.,journaldesaintbarth.com...,Intermediate media,
198,F,Une vidéo montrerait l'ouragan Melissa frappant la Jamaïque le 26 octobre 2025.,svn.spraakdata.gu.se,Intermediate media,
198,F,Une vidéo montrerait l'ouragan Melissa frappant la Jamaïque le 26 octobre 2025.,chateau-rouge.net,Journalistic source,Partially relevant
198,F,Une vidéo montrerait l'ouragan Melissa frappant la Jamaïque le 26 octobre 2025.,lactualite.com,Journalistic source,
198,F,Une vidéo montrerait l'ouragan Melissa frappant la Jamaïque le 26 octobre 2025.,ifaw.org,Intermediate media,
198,F,Une vidéo montrerait l'ouragan Melissa frappant la Jamaïque le 26 octobre 2025.,ifrc.org,Mondial organization,
198,F,Une vidéo montrerait l'ouragan Melissa frappant la Jamaïque le 26 octobre 2025.,dpa-factchecking.com,Intermediate media,
198,F,Une vidéo montrerait l'ouragan Melissa frappant la Jamaïque le 26 octobre 2025.,courrierdesameriques.com,Intermediate media,
198,F,Une vidéo montrerait l'ouragan Melissa frappant la Jamaïque le 26 octobre 2025.,antilla-martinique.com,Intermediate media,
198,F,Une vidéo montrerait l'ouragan Melissa frappant la Jamaïque le 26 octobre 2025.,antilla-martinique.com,Intermediate media,
198,F,Une vidéo montrerait l'ouragan Melissa frappant la Jamaïque le 26 octobre 2025.,solayiti.com,Intermediate media,
198,F,Une vidéo montrerait l'ouragan Melissa frappant la Jamaïque le 26 octobre 2025.,casten.house.gov,Local organization,
198,F,Une vidéo montrerait l'ouragan Melissa frappant la Jamaïque le 26 octobre 2025.,cfr.org,Local organization,
198,F,Une vidéo montrerait l'ouragan Melissa frappant la Jamaïque le 26 octobre 2025.,brookings.edu,Journalistic source,Partially relevant
198,F,Une vidéo montrerait l'ouragan Melissa frappant la Jamaïque le 26 octobre 2025.,americasquarterly.org,Intermediate media,
198,F,Une vidéo montrerait l'ouragan Melissa frappant la Jamaïque le 26 octobre 2025.,bipartisanpolicy.org,Local organization,
198,F,Une vidéo montrerait l'ouragan Melissa frappant la Jamaïque le 26 octobre 2025.,cgdev.org,Intermediate media,
198,F,Une vidéo montrerait l'ouragan Melissa frappant la Jamaïque le 26 octobre 2025.,whitehouse.gov,Local organization,
198,F,Une vidéo montrerait l'ouragan Melissa frappant la Jamaïque le 26 octobre 2025.,whitehouse.gov,Local organization,
198,F,Une vidéo montrerait l'ouragan Melissa frappant la Jamaïque le 26 octobre 2025.,federalregister.gov,Local organization,
198,F,Une vidéo montrerait l'ouragan Melissa frappant la Jamaïque le 26 octobre 2025.,banking.senate.gov,Local organization,
198,F,Une vidéo montrerait l'ouragan Melissa frappant la Jamaïque le 26 octobre 2025.,sanctionsnews.bakermckenzie...,Intermediate media,
198,F,Une vidéo montrerait l'ouragan Melissa frappant la Jamaïque le 26 octobre 2025.,lawfaremedia.org,Local organization,
198,F,Une vidéo montrerait l'ouragan Melissa frappant la Jamaïque le 26 octobre 2025.,mayerbrown.com,Local organization,
198,F,Une vidéo montrerait l'ouragan Melissa frappant la Jamaïque le 26 octobre 2025.,uscc.gov,Local organization,
198,F,Une vidéo montrerait l'ouragan Melissa frappant la Jamaïque le 26 octobre 2025.,globalwitness.org,Journalistic source,Partially relevant
198,F,Une vidéo montrerait l'ouragan Melissa frappant la Jamaïque le 26 octobre 2025.,yaleclimateconnections.org,Unclear website,Partially relevant
198,F,Une vidéo montrerait l'ouragan Melissa frappant la Jamaïque le 26 octobre 2025.,venezuelanalysis.com,Intermediate media,
199,E,"In Venezuela, “We’re making hundreds of billions of dollars (in oil revenue), and so are they.”",casten.house.gov,Local organization,
199,E,"In Venezuela, “We’re making hundreds of billions of dollars (in oil revenue), and so are they.”",cfr.org,Scientific source,
199,E,"In Venezuela, “We’re making hundreds of billions of dollars (in oil revenue), and so are they.”",brookings.edu,Scientific source,
199,E,"In Venezuela, “We’re making hundreds of billions of dollars (in oil revenue), and so are they.”",americasquarterly.org,Intermediate media,
199,E,"In Venezuela, “We’re making hundreds of billions of dollars (in oil revenue), and so are they.”",bipartisanpolicy.org,Scientific source,
199,E,"In Venezuela, “We’re making hundreds of billions of dollars (in oil revenue), and so are they.”",cgdev.org,Scientific source,
199,E,"In Venezuela, “We’re making hundreds of billions of dollars (in oil revenue), and so are they.”",whitehouse.gov,Local organization,
199,E,"In Venezuela, “We’re making hundreds of billions of dollars (in oil revenue), and so are they.”",whitehouse.gov,Local organization,
199,E,"In Venezuela, “We’re making hundreds of billions of dollars (in oil revenue), and so are they.”",federalregister.gov,Local organization,
199,E,"In Venezuela, “We’re making hundreds of billions of dollars (in oil revenue), and so are they.”",banking.senate.gov,Intermediate media,
199,E,"In Venezuela, “We’re making hundreds of billions of dollars (in oil revenue), and so are they.”",sanctionsnews.bakermckenzie...,Intermediate media,
199,E,"In Venezuela, “We’re making hundreds of billions of dollars (in oil revenue), and so are they.”",lawfaremedia.org,Intermediate media,
199,E,"In Venezuela, “We’re making hundreds of billions of dollars (in oil revenue), and so are they.”",mayerbrown.com,Local organization,
199,E,"In Venezuela, “We’re making hundreds of billions of dollars (in oil revenue), and so are they.”",uscc.gov,Mondial organization,
199,E,"In Venezuela, “We’re making hundreds of billions of dollars (in oil revenue), and so are they.”",globalwitness.org,Journalistic source,
199,E,"In Venezuela, “We’re making hundreds of billions of dollars (in oil revenue), and so are they.”",yaleclimateconnections.org,Journalistic source,
199,E,"In Venezuela, “We’re making hundreds of billions of dollars (in oil revenue), and so are they.”",venezuelanalysis.com,Intermediate media,
200,F,"Au Venezuela, « nous engrangeons des centaines de milliards de dollars (de recettes pétrolières), et eux aussi. »",theconversation.com,Scientific source,
200,F,"Au Venezuela, « nous engrangeons des centaines de milliards de dollars (de recettes pétrolières), et eux aussi. »",bbc.com,Journalistic source,
200,F,"Au Venezuela, « nous engrangeons des centaines de milliards de dollars (de recettes pétrolières), et eux aussi. »",fr.wikipedia.org,Journalistic source,Relevant
200,F,"Au Venezuela, « nous engrangeons des centaines de milliards de dollars (de recettes pétrolières), et eux aussi. »",fr.wikipedia.org,Journalistic source,
200,F,"Au Venezuela, « nous engrangeons des centaines de milliards de dollars (de recettes pétrolières), et eux aussi. »",bfmtv.com,Scientific source,
200,F,"Au Venezuela, « nous engrangeons des centaines de milliards de dollars (de recettes pétrolières), et eux aussi. »",iris-france.org,Intermediate media,
200,F,"Au Venezuela, « nous engrangeons des centaines de milliards de dollars (de recettes pétrolières), et eux aussi. »",coface.com,Scientific source,
200,F,"Au Venezuela, « nous engrangeons des centaines de milliards de dollars (de recettes pétrolières), et eux aussi. »",connaissancedesenergies...,Local organization,
200,F,"Au Venezuela, « nous engrangeons des centaines de milliards de dollars (de recettes pétrolières), et eux aussi. »",coface.com,Scientific source,
200,F,"Au Venezuela, « nous engrangeons des centaines de milliards de dollars (de recettes pétrolières), et eux aussi. »",coface.com,Intermediate media,
200,F,"Au Venezuela, « nous engrangeons des centaines de milliards de dollars (de recettes pétrolières), et eux aussi. »",tresor.economie.gouv.fr...,Local organization,
200,F,"Au Venezuela, « nous engrangeons des centaines de milliards de dollars (de recettes pétrolières), et eux aussi. »",institutmontaigne.org,Journalistic source,Relevant
200,F,"Au Venezuela, « nous engrangeons des centaines de milliards de dollars (de recettes pétrolières), et eux aussi. »",coface.com,Scientific source,
200,F,"Au Venezuela, « nous engrangeons des centaines de milliards de dollars (de recettes pétrolières), et eux aussi. »",lemoci.com,Scientific source,
200,F,"Au Venezuela, « nous engrangeons des centaines de milliards de dollars (de recettes pétrolières), et eux aussi. »",coface.com,Unclear website,Partially relevant
200,F,"Au Venezuela, « nous engrangeons des centaines de milliards de dollars (de recettes pétrolières), et eux aussi. »",ccfranco-arabe.fr,Journalistic source,
200,F,"Au Venezuela, « nous engrangeons des centaines de milliards de dollars (de recettes pétrolières), et eux aussi. »",sumauma.com,Local organization,
200,F,"Au Venezuela, « nous engrangeons des centaines de milliards de dollars (de recettes pétrolières), et eux aussi. »",dx.doi.org,Scientific source,
200,F,"Au Venezuela, « nous engrangeons des centaines de milliards de dollars (de recettes pétrolières), et eux aussi. »",sciencespo.hal.science,Scientific source,
200,F,"Au Venezuela, « nous engrangeons des centaines de milliards de dollars (de recettes pétrolières), et eux aussi. »",gabrielzucman.substack.com,Local organization,
200,F,"Au Venezuela, « nous engrangeons des centaines de milliards de dollars (de recettes pétrolières), et eux aussi. »",lerevenu.com,Scientific source,
200,F,"Au Venezuela, « nous engrangeons des centaines de milliards de dollars (de recettes pétrolières), et eux aussi. »",tresor.economie.gouv.fr...,Intermediate media,
200,F,"Au Venezuela, « nous engrangeons des centaines de milliards de dollars (de recettes pétrolières), et eux aussi. »",legrandcontinent.eu,Mondial organization,
200,F,"Au Venezuela, « nous engrangeons des centaines de milliards de dollars (de recettes pétrolières), et eux aussi. »",mordorintelligence.com,Scientific source,
200,F,"Au Venezuela, « nous engrangeons des centaines de milliards de dollars (de recettes pétrolières), et eux aussi. »",totalenergies.com,Local organization,
200,F,"Au Venezuela, « nous engrangeons des centaines de milliards de dollars (de recettes pétrolières), et eux aussi. »",iadllaw.org,Intermediate media,
200,F,"Au Venezuela, « nous engrangeons des centaines de milliards de dollars (de recettes pétrolières), et eux aussi. »",assets.kpmg.com,Local organization,
200,F,"Au Venezuela, « nous engrangeons des centaines de milliards de dollars (de recettes pétrolières), et eux aussi. »",undp.org,Intermediate media,
200,F,"Au Venezuela, « nous engrangeons des centaines de milliards de dollars (de recettes pétrolières), et eux aussi. »",theshiftproject.org,Journalistic source,Partially relevant
200,F,"Au Venezuela, « nous engrangeons des centaines de milliards de dollars (de recettes pétrolières), et eux aussi. »",senat.fr,Unclear website,Partially relevant
200,F,"Au Venezuela, « nous engrangeons des centaines de milliards de dollars (de recettes pétrolières), et eux aussi. »",lesclesdumoyenorient.co...,Scientific source,
200,F,"Au Venezuela, « nous engrangeons des centaines de milliards de dollars (de recettes pétrolières), et eux aussi. »",iedom.fr,Mondial organization,
200,F,"Au Venezuela, « nous engrangeons des centaines de milliards de dollars (de recettes pétrolières), et eux aussi. »",xpert.digital,Unclear website,Partially relevant
200,F,"Au Venezuela, « nous engrangeons des centaines de milliards de dollars (de recettes pétrolières), et eux aussi. »",monvoyageencolombie.com,Intermediate media,
200,F,"Au Venezuela, « nous engrangeons des centaines de milliards de dollars (de recettes pétrolières), et eux aussi. »",ccacoalition.org,Intermediate media,
200,F,"Au Venezuela, « nous engrangeons des centaines de milliards de dollars (de recettes pétrolières), et eux aussi. »",ifpenergiesnouvelles.fr...,Unclear website,Relevant
200,F,"Au Venezuela, « nous engrangeons des centaines de milliards de dollars (de recettes pétrolières), et eux aussi. »",openknowledge.worldbank.org...,Local organization,
200,F,"Au Venezuela, « nous engrangeons des centaines de milliards de dollars (de recettes pétrolières), et eux aussi. »",tresor.economie.gouv.fr...,Local organization,
200,F,"Au Venezuela, « nous engrangeons des centaines de milliards de dollars (de recettes pétrolières), et eux aussi. »",cafedutrading.com,Local organization,
,,,,,
,,,,,
,,,,,
,,,,,
,,,,,
,,,,,
,,,,,
,,,,,
,,,,,
,,,,,
,,,,,
,,,,,
,,,,,
,,,,,
,,,,,
,,,,,
,,,,,
,,,,,
,,,,,
,,,,,
,,,,,
,,,,,
,,,,,
,,,,,
,,,,,
,,,,,
,,,,,
,,,,,
,,,,,
,,,,,
,,,,,
,,,,,
,,,,,
,,,,,
,,,,,
,,,,,
,,,,,
,,,,,
,,,,,
,,,,,
,,,,,
,,,,,
,,,,,
,,,,,
,,,,,
,,,,,
,,,,,
,,,,,
,,,,,
,,,,,
,,,,,
,,,,,
,,,,,
,,,,,
,,,,,
,,,,,
,,,,,
,,,,,
,,,,,
,,,,,
,,,,,
,,,,,
,,,,,
,,,,,
,,,,,
,,,,,
,,,,,
,,,,,
,,,,,
,,,,,
,,,,,
,,,,,
,,,,,
,,,,,
,,,,,
,,,,,
,,,,,
,,,,,
,,,,,
,,,,,
,,,,,
,,,,,
,,,,,
,,,,,
,,,,,
,,,,,
,,,,,
,,,,,
,,,,,
,,,,,
,,,,,
,,,,,
,,,,,
,,,,,
,,,,,
,,,,,
,,,,,
,,,,,
,,,,,
,,,,,
,,,,,
,,,,,
,,,,,
,,,,,
,,,,,
,,,,,
,,,,,
,,,,,
,,,,,
,,,,,
,,,,,
,,,,,
,,,,,
,,,,,
,,,,,
,,,,,
,,,,,
,,,,,
,,,,,
,,,,,
,,,,,
,,,,,
,,,,,
,,,,,
,,,,,
,,,,,
,,,,,
,,,,,
,,,,,
,,,,,
,,,,,
,,,,,
,,,,,
,,,,,
,,,,,
,,,,,
,,,,,
,,,,,
,,,,,
,,,,,
,,,,,
,,,,,
,,,,,
,,,,,
,,,,,
,,,,,
,,,,,
,,,,,
,,,,,
,,,,,
,,,,,
,,,,,
,,,,,
,,,,,
,,,,,
,,,,,
,,,,,
,,,,,
,,,,,
,,,,,
,,,,,
,,,,,
,,,,,
,,,,,
,,,,,
,,,,,
,,,,,
,,,,,
,,,,,
,,,,,
,,,,,
,,,,,
,,,,,
,,,,,
,,,,,
,,,,,
,,,,,
,,,,,
,,,,,
,,,,,
,,,,,
,,,,,
,,,,,
,,,,,
,,,,,
,,,,,
,,,,,
,,,,,
,,,,,
,,,,,
,,,,,
,,,,,
,,,,,
,,,,,
,,,,,
,,,,,
,,,,,
,,,,,
,,,,,
,,,,,
,,,,,
,,,,,
,,,,,
,,,,,
,,,,,
,,,,,
,,,,,
,,,,,
,,,,,
,,,,,
,,,,,
,,,,,
,,,,,
,,,,,
,,,,,
,,,,,
,,,,,
,,,,,
,,,,,
,,,,,
,,,,,
,,,,Unclear website,Partially relevant
,,,,Unclear website,Partially relevant
,,,,Unclear website,Relevant
,,,,Journalistic source,Partially relevant
,,,,Government / public institution,Partially relevant
,,,,Unclear website,Relevant
,,,,Unclear website,Out of context
,,,,Unclear website,Partially relevant
,,,,Unclear website,Partially relevant
,,,,Unclear website,Out of context
,,,,Unclear website,Out of context
,,,,Unclear website,Out of context
,,,,Unclear website,Out of context
,,,,Scientific source,Out of context
,,,,Unclear website,Out of context
,,,,Scientific source,Out of context
,,,,Unclear website,Out of context
,,,,Government / public institution,Out of context
,,,,Unclear website,Partially relevant
,,,,Unclear website,Partially relevant
,,,,Government / public institution,Out of context
,,,,Government / public institution,Out of context
,,,,Unclear website,Out of context
,,,,Unclear website,Relevant
,,,,Unclear website,Relevant
,,,,Journalistic source,Partially relevant
,,,,Journalistic source,Partially relevant
,,,,Journalistic source,Partially relevant
,,,,Journalistic source,Relevant
,,,,Journalistic source,Out of context
,,,,Journalistic source,Partially relevant
,,,,Unclear website,Out of context
,,,,Government / public institution,Out of context
,,,,Government / public institution,Out of context
,,,,Journalistic source,Out of context
,,,,Government / public institution,Out of context
,,,,Unclear website,Out of context
,,,,Government / public institution,Out of context
,,,,Unclear website,Out of context
,,,,Unclear website,Out of context
,,,,Unclear website,Out of context
,,,,Government / public institution,Out of context
,,,,Government / public institution,Out of context
,,,,Government / public institution,Out of context
,,,,Unclear website,Out of context
,,,,Government / public institution,Out of context
,,,,Unclear website,Out of context
,,,,Government / public institution,Out of context
,,,,Unclear website,Out of context
,,,,Unclear website,Out of context
,,,,International organization,Out of context
,,,,International organization,Out of context
,,,,International organization,Out of context
,,,,International organization,Out of context
,,,,Unclear website,Out of context
,,,,International organization,Out of context
,,,,Unclear website,Out of context
,,,,International organization,Out of context
,,,,Unclear website,Out of context
,,,,International organization,Out of context
,,,,International organization,Out of context
,,,,Unclear website,Out of context
,,,,Unclear website,Out of context
,,,,Unclear website,Out of context
,,,,Unclear website,Out of context
,,,,Government / public institution,Out of context
,,,,Government / public institution,Out of context
,,,,Unclear website,Out of context
,,,,Government / public institution,Out of context
,,,,Government / public institution,Out of context
,,,,Government / public institution,Out of context
,,,,Unclear website,Out of context
,,,,International organization,Out of context
,,,,Unclear website,Out of context
,,,,Unclear website,Out of context
,,,,Scientific source,Out of context
,,,,Unclear website,Partially relevant
,,,,Unclear website,Out of context
,,,,Unclear website,Out of context
,,,,Journalistic source,Partially relevant
,,,,Journalistic source,Relevant
,,,,Journalistic source,Partially relevant
,,,,Journalistic source,Partially relevant
,,,,Journalistic source,Partially relevant
,,,,Unclear website,Partially relevant
,,,,Journalistic source,Partially relevant
,,,,Unclear website,Partially relevant
,,,,Journalistic source,Partially relevant
,,,,Unclear website,Relevant
,,,,Unclear website,Partially relevant
,,,,Unclear website,Relevant
,,,,Unclear website,Partially relevant
,,,,Unclear website,Partially relevant
,,,,Unclear website,Partially relevant
,,,,Government / public institution,Partially relevant
,,,,Journalistic source,Out of context
,,,,Unclear website,Out of context
,,,,Unclear website,Out of context
,,,,Unclear website,Out of context
,,,,Unclear website,Out of context
,,,,International organization,Out of context
,,,,Government / public institution,Out of context
,,,,Unclear website,Partially relevant
,,,,Unclear website,Out of context
,,,,Scientific source,Out of context
,,,,Unclear website,Out of context
,,,,Unclear website,Out of context
,,,,Unclear website,Out of context
,,,,Unclear website,Out of context
,,,,Unclear website,Out of context
,,,,Journalistic source,Partially relevant
,,,,Government / public institution,Partially relevant
,,,,Unclear website,Relevant
,,,,Journalistic source,Partially relevant
,,,,Journalistic source,Partially relevant
,,,,Journalistic source,Partially relevant
,,,,Journalistic source,Relevant
,,,,Unclear website,Relevant
,,,,Intermediate media,Partially relevant
,,,,Journalistic source,Partially relevant
,,,,Unclear website,Partially relevant
,,,,Journalistic source,Partially relevant
,,,,Unclear website,Partially relevant
,,,,Unclear website,Relevant
,,,,Journalistic source,Partially relevant
,,,,Unclear website,Partially relevant
,,,,Unclear website,Partially relevant
,,,,Unclear website,Partially relevant
,,,,Unclear website,Partially relevant
,,,,Unclear website,Partially relevant
,,,,Unclear website,Partially relevant
,,,,Unclear website,Partially relevant
,,,,Government / public institution,Partially relevant
,,,,Unclear website,Partially relevant
,,,,Unclear website,Out of context
,,,,International organization,Out of context
,,,,Unclear website,Out of context
,,,,Journalistic source,Out of context
,,,,Government / public institution,Out of context
,,,,Journalistic source,Out of context
,,,,Scientific source,Out of context
,,,,Scientific source,Out of context
,,,,Scientific source,Out of context
,,,,Government / public institution,Out of context
,,,,Government / public institution,Out of context
,,,,Government / public institution,Out of context
,,,,Government / public institution,Out of context
,,,,Government / public institution,Out of context
,,,,Government / public institution,Out of context
,,,,Government / public institution,Out of context
,,,,Unclear website,Out of context
,,,,International organization,Out of context
,,,,Scientific source,Out of context
,,,,Scientific source,Out of context
,,,,Journalistic source,Partially relevant
,,,,Unclear website,Out of context
,,,,Scientific source,Out of context
,,,,Scientific source,Out of context
,,,,Unclear website,Out of context
,,,,Unclear website,Partially relevant
,,,,Unclear website,Out of context
,,,,Journalistic source,Relevant
,,,,Unclear website,Out of context
,,,,Government / public institution,Out of context
,,,,Journalistic source,Partially relevant
,,,,Journalistic source,Relevant
,,,,Journalistic source,Out of context
,,,,Journalistic source,Partially relevant
,,,,Unclear website,Relevant
,,,,Unclear website,Out of context
,,,,Government / public institution,Relevant
,,,,Unclear website,Partially relevant
,,,,Unclear website,Out of context
,,,,Unclear website,Out of context
,,,,Unclear website,Partially relevant
,,,,International organization,Out of context
,,,,Scientific source,Partially relevant
,,,,Unclear website,Out of context
,,,,Scientific source,Out of context
,,,,Government / public institution,Out of context
,,,,Journalistic source,Relevant
,,,,Unclear website,Relevant
,,,,Government / public institution,Out of context
,,,,Government / public institution,Out of context
,,,,Government / public institution,Out of context
,,,,Unclear website,Out of context
,,,,Government / public institution,Out of context
,,,,Government / public institution,Out of context
,,,,Government / public institution,Out of context
,,,,Government / public institution,Out of context
,,,,Government / public institution,Out of context
,,,,Government / public institution,Partially relevant
,,,,Government / public institution,Relevant
,,,,Unclear website,Partially relevant
,,,,Unclear website,Out of context
,,,,Government / public institution,Relevant
,,,,Unclear website,Relevant
,,,,Unclear website,Partially relevant
,,,,Government / public institution,Relevant
,,,,Government / public institution,Out of context
,,,,Government / public institution,Out of context
,,,,Unclear website,Out of context
,,,,Government / public institution,Out of context
,,,,Unclear website,Out of context
,,,,Government / public institution,Out of context
,,,,Government / public institution,Out of context
,,,,Unclear website,Out of context
,,,,Government / public institution,Partially relevant
,,,,Unclear website,Relevant
,,,,Government / public institution,Out of context
,,,,Government / public institution,Out of context
,,,,Unclear website,Out of context
,,,,Government / public institution,Partially relevant
,,,,Unclear website,Out of context
,,,,Unclear website,Out of context
,,,,Unclear website,Partially relevant
,,,,Intermediate media,Out of context
,,,,Intermediate media,Out of context
,,,,Intermediate media,Out of context
,,,,Intermediate media,Out of context
,,,,Scientific source,Out of context
,,,,Unclear website,Out of context
,,,,Unclear website,Out of context
,,,,Unclear website,Out of context
,,,,Unclear website,Out of context
,,,,Unclear website,Out of context
,,,,Scientific source,Out of context
,,,,Unclear website,Out of context
,,,,Unclear website,Out of context
,,,,Scientific source,Out of context
,,,,Unclear website,Out of context
,,,,Journalistic source,Out of context
,,,,Unclear website,Out of context
,,,,Unclear website,Out of context
,,,,Unclear website,Out of context
,,,,Unclear website,Out of context
,,,,Unclear website,Partially relevant
,,,,Unclear website,Out of context
,,,,Scientific source,Out of context
,,,,Unclear website,Partially relevant
,,,,Scientific source,Partially relevant
,,,,Intermediate media,Out of context
,,,,Scientific source,Out of context
,,,,Unclear website,Out of context
,,,,Scientific source,Out of context
,,,,Scientific source,Out of context
,,,,Unclear website,Out of context
,,,,Intermediate media,Out of context
,,,,Intermediate media,Out of context
,,,,Journalistic source,Partially relevant
,,,,Unclear website,Out of context
,,,,Unclear website,Out of context
,,,,Journalistic source,Out of context
,,,,Government / public institution,Out of context
,,,,Unclear website,Partially relevant
,,,,Unclear website,Out of context
,,,,Government / public institution,Out of context
,,,,Government / public institution,Out of context
,,,,Government / public institution,Out of context
,,,,Unclear website,Partially relevant
,,,,Government / public institution,Out of context
,,,,Unclear website,Out of context
,,,,Scientific source,Partially relevant
,,,,Journalistic source,Partially relevant
,,,,Unclear website,Out of context
,,,,Unclear website,Out of context
,,,,Unclear website,Out of context
,,,,Unclear website,Out of context
,,,,Unclear website,Out of context
,,,,Unclear website,Partially relevant
,,,,Government / public institution,Out of context
,,,,Government / public institution,Out of context
,,,,Government / public institution,Partially relevant
,,,,Unclear website,Out of context
,,,,Unclear website,Out of context
,,,,Government / public institution,Partially relevant
,,,,Government / public institution,Out of context
,,,,Unclear website,Partially relevant
,,,,Government / public institution,Out of context
,,,,Unclear website,Out of context
,,,,Government / public institution,Out of context
,,,,Unclear website,Out of context
,,,,Government / public institution,Out of context
,,,,Journalistic source,Partially relevant
,,,,Journalistic source,Partially relevant
,,,,Journalistic source,Partially relevant
,,,,Journalistic source,Out of context
,,,,Unclear website,Partially relevant
,,,,Journalistic source,Partially relevant
,,,,Journalistic source,Partially relevant
,,,,Journalistic source,Relevant
,,,,Journalistic source,Partially relevant
,,,,Journalistic source,Partially relevant
,,,,Unclear website,Out of context
,,,,Unclear website,Partially relevant
,,,,Unclear website,Partially relevant
,,,,Unclear website,Partially relevant
,,,,Unclear website,Out of context
,,,,Unclear website,Partially relevant
,,,,Unclear website,Out of context
,,,,Journalistic source,Partially relevant
,,,,Unclear website,Out of context
,,,,Unclear website,Partially relevant
,,,,Unclear website,Partially relevant
,,,,Unclear website,Partially relevant
,,,,Unclear website,Partially relevant
,,,,Unclear website,Partially relevant
,,,,Unclear website,Partially relevant
,,,,Unclear website,Partially relevant
,,,,Government / public institution,Out of context
,,,,Government / public institution,Out of context
,,,,Unclear website,Out of context
,,,,Unclear website,Partially relevant
,,,,Unclear website,Out of context
,,,,Unclear website,Out of context
,,,,Scientific source,Out of context
,,,,Unclear website,Partially relevant
,,,,Unclear website,Out of context
,,,,Scientific source,Out of context
,,,,Scientific source,Out of context
,,,,Government / public institution,Out of context
,,,,Government / public institution,Partially relevant
,,,,Unclear website,Partially relevant
,,,,Unclear website,Partially relevant
,,,,Government / public institution,Out of context
,,,,Unclear website,Relevant
,,,,Unclear website,Partially relevant
,,,,Scientific source,Out of context
,,,,Government / public institution,Out of context
,,,,Government / public institution,Out of context
,,,,Scientific source,Out of context
,,,,Scientific source,Out of context
,,,,Scientific source,Out of context
,,,,Unclear website,Out of context
,,,,Unclear website,Out of context
,,,,Unclear website,Out of context
,,,,Unclear website,Out of context
,,,,Unclear website,Out of context
,,,,International organization,Out of context
,,,,Unclear website,Out of context
,,,,Unclear website,Out of context
,,,,Scientific source,Out of context
,,,,Unclear website,Out of context
,,,,Scientific source,Out of context
,,,,Unclear website,Out of context
,,,,Unclear website,Partially relevant
,,,,Scientific source,Out of context
,,,,Scientific source,Out of context
,,,,Unclear website,Out of context
,,,,Scientific source,Out of context
,,,,Unclear website,Partially relevant
,,,,Unclear website,Out of context
,,,,Scientific source,Out of context
,,,,Scientific source,Out of context
,,,,Unclear website,Out of context
,,,,Scientific source,Out of context
,,,,Unclear website,Relevant
,,,,Journalistic source,Relevant
,,,,Unclear website,Partially relevant
,,,,Unclear website,Partially relevant
,,,,Unclear website,Out of context
,,,,Unclear website,Out of context
,,,,Unclear website,Out of context
,,,,Government / public institution,Out of context
,,,,Government / public institution,Out of context
,,,,Government / public institution,Out of context
,,,,Government / public institution,Out of context
,,,,Government / public institution,Out of context
,,,,Government / public institution,Out of context
,,,,Unclear website,Out of context
,,,,Government / public institution,Out of context
,,,,Unclear website,Out of context
,,,,Government / public institution,Out of context
,,,,Government / public institution,Out of context
,,,,Government / public institution,Out of context
,,,,Government / public institution,Out of context
,,,,Government / public institution,Out of context
,,,,Intermediate media,Partially relevant
,,,,Intermediate media,Out of context
,,,,Intermediate media,Partially relevant
,,,,Journalistic source,Partially relevant
,,,,Unclear website,Partially relevant
,,,,Unclear website,Partially relevant
,,,,Unclear website,Partially relevant
,,,,Unclear website,Partially relevant
,,,,Unclear website,Partially relevant
,,,,International organization,Partially relevant
,,,,Government / public institution,Partially relevant
,,,,Unclear website,Out of context
,,,,Unclear website,Partially relevant
,,,,Journalistic source,Partially relevant
,,,,Unclear website,Out of context
,,,,Unclear website,Out of context
,,,,Unclear website,Partially relevant
,,,,Unclear website,Out of context
,,,,Unclear website,Partially relevant
,,,,Unclear website,Partially relevant
,,,,Unclear website,Partially relevant
,,,,Unclear website,Partially relevant
,,,,Unclear website,Out of context
,,,,Unclear website,Out of context
,,,,Unclear website,Out of context
,,,,Unclear website,Partially relevant
,,,,Unclear website,Relevant
,,,,Unclear website,Relevant
,,,,Unclear website,Relevant
,,,,Unclear website,Relevant
,,,,Scientific source,Partially relevant
,,,,Unclear website,Relevant
,,,,International organization,Relevant
,,,,Unclear website,Partially relevant
,,,,Unclear website,Relevant
,,,,Unclear website,Relevant
,,,,Unclear website,Relevant
,,,,Government / public institution,Partially relevant
,,,,Government / public institution,Partially relevant
,,,,Unclear website,Partially relevant
,,,,Unclear website,Relevant
,,,,Unclear website,Relevant
,,,,Unclear website,Relevant
,,,,International organization,Partially relevant
,,,,International organization,Out of context
,,,,Government / public institution,Partially relevant
,,,,Unclear website,Out of context
,,,,International organization,Out of context
,,,,International organization,Out of context
,,,,Government / public institution,Out of context
,,,,Unclear website,Partially relevant
,,,,Unclear website,Out of context
,,,,Unclear website,Out of context
,,,,Unclear website,Partially relevant
,,,,Unclear website,Partially relevant
,,,,International organization,Partially relevant
,,,,Unclear website,Partially relevant
,,,,Government / public institution,Partially relevant
,,,,Unclear website,Partially relevant
,,,,Unclear website,Partially relevant
,,,,Unclear website,Partially relevant
,,,,Unclear website,Partially relevant
,,,,International organization,Out of context
,,,,Unclear website,Out of context
,,,,International organization,Out of context
,,,,Scientific source,Out of context
,,,,Unclear website,Out of context
,,,,Unclear website,Out of context
,,,,Journalistic source,Partially relevant
,,,,Journalistic source,Out of context
,,,,Unclear website,Partially relevant
,,,,Government / public institution,Partially relevant
,,,,Government / public institution,Partially relevant
,,,,Government / public institution,Partially relevant
,,,,Unclear website,Partially relevant
,,,,Unclear website,Partially relevant
,,,,Unclear website,Partially relevant
,,,,Unclear website,Out of context
,,,,Intermediate media,Out of context
,,,,Unclear website,Partially relevant
,,,,Unclear website,Out of context
,,,,Unclear website,Partially relevant
,,,,Scientific source,Out of context
,,,,Scientific source,Partially relevant
,,,,Scientific source,Out of context
,,,,Unclear website,Out of context
,,,,Unclear website,Out of context
,,,,Government / public institution,Partially relevant
,,,,Unclear website,Out of context
,,,,Unclear website,Out of context
,,,,Unclear website,Partially relevant
,,,,Government / public institution,Out of context
,,,,Unclear website,Partially relevant
,,,,Unclear website,Partially relevant
,,,,Unclear website,Relevant
,,,,Scientific source,Partially relevant
,,,,Unclear website,Out of context
,,,,Scientific source,Out of context
,,,,Unclear website,Out of context
,,,,Unclear website,Out of context
,,,,Intermediate media,Out of context
,,,,Unclear website,Out of context
,,,,Scientific source,Out of context
,,,,Intermediate media,Out of context
,,,,Intermediate media,Out of context
,,,,Intermediate media,Out of context
,,,,International organization,Out of context
,,,,Unclear website,Out of context
,,,,International organization,Out of context
,,,,Government / public institution,Out of context
,,,,Unclear website,Out of context
,,,,International organization,Out of context
,,,,Unclear website,Out of context
,,,,International organization,Out of context
,,,,Government / public institution,Out of context
,,,,Unclear website,Out of context
,,,,Unclear website,Out of context
,,,,Government / public institution,Out of context
,,,,Unclear website,Out of context
,,,,Unclear website,Out of context
,,,,International organization,Out of context
,,,,Journalistic source,Partially relevant
,,,,Journalistic source,Out of context
,,,,Unclear website,Out of context
,,,,Government / public institution,Out of context
,,,,Government / public institution,Out of context
,,,,Government / public institution,Out of context
,,,,Unclear website,Out of context
,,,,Unclear website,Out of context
,,,,Unclear website,Partially relevant
,,,,Unclear website,Out of context
,,,,Intermediate media,Out of context
,,,,Unclear website,Out of context
,,,,Unclear website,Out of context
,,,,Unclear website,Out of context
,,,,Scientific source,Out of context
,,,,Scientific source,Out of context
,,,,Scientific source,Out of context
,,,,Unclear website,Partially relevant
,,,,Unclear website,Out of context
,,,,Government / public institution,Out of context
,,,,Unclear website,Out of context
,,,,Unclear website,Cannot determine
,,,,Unclear website,Cannot determine
,,,,Government / public institution,Cannot determine
,,,,Unclear website,Cannot determine
,,,,Unclear website,Cannot determine
,,,,Unclear website,Cannot determine
,,,,Scientific source,Cannot determine
,,,,Unclear website,Out of context
,,,,Scientific source,Out of context
,,,,Unclear website,Out of context
,,,,Unclear website,Partially relevant
,,,,Intermediate media,Out of context
,,,,Unclear website,Out of context
,,,,Scientific source,Out of context
,,,,Intermediate media,Partially relevant
,,,,Intermediate media,Out of context
,,,,Intermediate media,Out of context
,,,,International organization,Out of context
,,,,Unclear website,Out of context
,,,,International organization,Partially relevant
,,,,Government / public institution,Out of context
,,,,Unclear website,Out of context
,,,,International organization,Partially relevant
,,,,Unclear website,Out of context
,,,,International organization,Out of context
,,,,Government / public institution,Out of context
,,,,Unclear website,Out of context
,,,,Unclear website,Out of context
,,,,Government / public institution,Partially relevant
,,,,Unclear website,Partially relevant
,,,,Unclear website,Partially relevant
,,,,International organization,Cannot determine
,,,,Unclear website,Partially relevant
,,,,Unclear website,Out of context
,,,,Government / public institution,Partially relevant
,,,,Government / public institution,Partially relevant
,,,,Government / public institution,Out of context
,,,,Journalistic source,Out of context
,,,,Unclear website,Partially relevant
,,,,Government / public institution,Out of context
,,,,Unclear website,Partially relevant
,,,,Unclear website,Partially relevant
,,,,Government / public institution,Out of context
,,,,Government / public institution,Out of context
,,,,Unclear website,Out of context
,,,,Government / public institution,Out of context
,,,,Government / public institution,Out of context
,,,,Unclear website,Out of context
,,,,Government / public institution,Out of context
,,,,Government / public institution,Out of context
,,,,Government / public institution,Partially relevant
,,,,Government / public institution,Out of context
,,,,Government / public institution,Out of context
,,,,Government / public institution,Out of context
,,,,Government / public institution,Out of context
,,,,Unclear website,Out of context
,,,,Unclear website,Out of context
,,,,Government / public institution,Out of context
,,,,Unclear website,Out of context
,,,,Government / public institution,Out of context
,,,,International organization,Out of context
,,,,Unclear website,Out of context
,,,,Unclear website,Out of context
,,,,International organization,Out of context
,,,,International organization,Out of context
,,,,International organization,Out of context
,,,,Government / public institution,Out of context
,,,,Government / public institution,Out of context
,,,,Government / public institution,Out of context
,,,,Unclear website,Out of context
,,,,Unclear website,Out of context
,,,,Government / public institution,Out of context
,,,,International organization,Out of context
,,,,Government / public institution,Out of context
,,,,Unclear website,Out of context
,,,,Unclear website,Out of context
,,,,Unclear website,Out of context
,,,,Unclear website,Out of context
,,,,Government / public institution,Out of context
,,,,Unclear website,Out of context
,,,,Unclear website,Out of context
,,,,Government / public institution,Out of context
,,,,Unclear website,Out of context
,,,,Government / public institution,Out of context
,,,,Government / public institution,Out of context
,,,,Unclear website,Out of context
,,,,Unclear website,Out of context
,,,,International organization,Out of context
,,,,Government / public institution,Out of context
,,,,Unclear website,Out of context
,,,,Scientific source,Out of context
,,,,Government / public institution,Out of context
,,,,International organization,Out of context
,,,,International organization,Out of context
,,,,Journalistic source,Partially relevant
,,,,Journalistic source,Relevant
,,,,Unclear website,Relevant
,,,,Journalistic source,Partially relevant
,,,,Journalistic source,Partially relevant
,,,,Unclear website,Relevant
,,,,Unclear website,Relevant
,,,,Journalistic source,Partially relevant
,,,,Journalistic source,Partially relevant
,,,,Journalistic source,Partially relevant
,,,,Journalistic source,Relevant
,,,,Journalistic source,Relevant
,,,,Journalistic source,Relevant
,,,,Journalistic source,Relevant
,,,,Journalistic source,Partially relevant
,,,,Journalistic source,Relevant
,,,,Intermediate media,Relevant
,,,,Unclear website,Relevant
,,,,Intermediate media,Relevant
,,,,Unclear website,Relevant
,,,,Journalistic source,Relevant
,,,,Journalistic source,Relevant
,,,,Unclear website,Partially relevant
,,,,Journalistic source,Out of context
,,,,Government / public institution,Partially relevant
,,,,Unclear website,Out of context
,,,,Intermediate media,Out of context
,,,,Unclear website,Partially relevant
,,,,Unclear website,Out of context
,,,,Unclear website,Partially relevant
,,,,Unclear website,Partially relevant
,,,,Unclear website,Partially relevant
,,,,Unclear website,Out of context
,,,,Government / public institution,Out of context
,,,,Scientific source,Out of context
,,,,Unclear website,Out of context
,,,,Government / public institution,Out of context
,,,,Journalistic source,Out of context
,,,,Journalistic source,Partially relevant
,,,,Journalistic source,Partially relevant
,,,,Journalistic source,Out of context
,,,,Journalistic source,Partially relevant
,,,,Journalistic source,Out of context
,,,,Unclear website,Partially relevant
,,,,Journalistic source,Out of context
,,,,Journalistic source,Partially relevant
,,,,Unclear website,Out of context
,,,,Journalistic source,Out of context
,,,,Unclear website,Partially relevant
,,,,Journalistic source,Out of context
,,,,Journalistic source,Out of context
,,,,Journalistic source,Out of context
,,,,Journalistic source,Partially relevant
,,,,Journalistic source,Partially relevant
,,,,Journalistic source,Out of context
,,,,Journalistic source,Partially relevant
,,,,Journalistic source,Partially relevant
,,,,Government / public institution,Out of context
,,,,Journalistic source,Partially relevant
,,,,Journalistic source,Partially relevant
,,,,Journalistic source,Partially relevant
,,,,Unclear website,Partially relevant
,,,,Journalistic source,Partially relevant
,,,,Journalistic source,Out of context
,,,,Unclear website,Partially relevant
,,,,Unclear website,Partially relevant
,,,,Journalistic source,Partially relevant
,,,,Journalistic source,Partially relevant
,,,,Journalistic source,Partially relevant
,,,,Journalistic source,Partially relevant
,,,,Journalistic source,Partially relevant
,,,,Journalistic source,Partially relevant
,,,,Unclear website,Partially relevant
,,,,Unclear website,Partially relevant
,,,,Unclear website,Partially relevant
,,,,Unclear website,Partially relevant
,,,,Journalistic source,Partially relevant
,,,,Journalistic source,Partially relevant
,,,,Unclear website,Partially relevant
,,,,Unclear website,Partially relevant
,,,,Unclear website,Partially relevant
,,,,Unclear website,Partially relevant
,,,,Journalistic source,Relevant
,,,,Journalistic source,Relevant
,,,,Journalistic source,Relevant
,,,,Journalistic source,Relevant
,,,,Journalistic source,Out of context
,,,,Journalistic source,Relevant
,,,,Journalistic source,Relevant
,,,,Journalistic source,Relevant
,,,,Journalistic source,Relevant
,,,,Unclear website,Relevant
,,,,Journalistic source,Relevant
,,,,Unclear website,Relevant
,,,,Government / public institution,Relevant
,,,,Journalistic source,Relevant
,,,,Journalistic source,Relevant
,,,,Journalistic source,Relevant
,,,,Journalistic source,Relevant
,,,,Unclear website,Relevant
,,,,Unclear website,Relevant
,,,,Unclear website,Relevant
,,,,Unclear website,Relevant
,,,,Unclear website,Relevant
,,,,Scientific source,Relevant
,,,,Unclear website,Relevant
,,,,Intermediate media,Out of context
,,,,Intermediate media,Out of context
,,,,Unclear website,Partially relevant
,,,,Intermediate media,Partially relevant
,,,,Intermediate media,Partially relevant
,,,,Government / public institution,Relevant
,,,,Unclear website,Relevant
,,,,Unclear website,Relevant
,,,,Unclear website,Relevant
,,,,Unclear website,Out of context
,,,,Unclear website,Out of context
,,,,Unclear website,Out of context
,,,,Unclear website,Out of context
,,,,Unclear website,Out of context
,,,,Scientific source,Out of context
,,,,Unclear website,Out of context
,,,,Unclear website,Out of context
,,,,Unclear website,Out of context
,,,,Unclear website,Partially relevant
,,,,Journalistic source,Relevant
,,,,Journalistic source,Relevant
,,,,Journalistic source,Relevant
,,,,Unclear website,Partially relevant
,,,,Journalistic source,Relevant
,,,,Journalistic source,Relevant
,,,,Journalistic source,Relevant
,,,,Journalistic source,Relevant
,,,,Journalistic source,Partially relevant
,,,,Journalistic source,Partially relevant
,,,,Unclear website,Partially relevant
,,,,Journalistic source,Partially relevant
,,,,Journalistic source,Relevant
,,,,Journalistic source,Partially relevant
,,,,Journalistic source,Partially relevant
,,,,Unclear website,Partially relevant
,,,,Journalistic source,Partially relevant
,,,,Journalistic source,Relevant
,,,,Unclear website,Partially relevant
,,,,Unclear website,Partially relevant
,,,,Unclear website,Partially relevant
,,,,Journalistic source,Partially relevant
,,,,Journalistic source,Relevant
,,,,Journalistic source,Partially relevant
,,,,Unclear website,Partially relevant
,,,,Unclear website,Partially relevant
,,,,Unclear website,Partially relevant
,,,,Unclear website,Relevant
,,,,Unclear website,Relevant
,,,,Unclear website,Relevant
,,,,Unclear website,Relevant
,,,,Journalistic source,Relevant
,,,,Journalistic source,Partially relevant
,,,,Journalistic source,Relevant
,,,,Journalistic source,Partially relevant
,,,,Journalistic source,Partially relevant
,,,,Journalistic source,Relevant
,,,,Journalistic source,Relevant
,,,,Journalistic source,Relevant
,,,,Unclear website,Relevant
,,,,Unclear website,Partially relevant
,,,,Unclear website,Partially relevant
,,,,Journalistic source,Relevant
,,,,Unclear website,Partially relevant
,,,,Unclear website,Partially relevant
,,,,Intermediate media,Out of context
,,,,Intermediate media,Out of context
,,,,Unclear website,Partially relevant
,,,,Unclear website,Partially relevant
,,,,Unclear website,Partially relevant
,,,,Unclear website,Partially relevant
,,,,Unclear website,Partially relevant
,,,,Journalistic source,Out of context
,,,,Unclear website,Partially relevant
,,,,Scientific source,Out of context
,,,,Unclear website,Partially relevant
,,,,Unclear website,Partially relevant
,,,,Unclear website,Out of context
,,,,Scientific source,Out of context
,,,,Intermediate media,Out of context
,,,,Unclear website,Out of context
,,,,Scientific source,Out of context
,,,,Journalistic source,Partially relevant
,,,,Journalistic source,Partially relevant
,,,,Journalistic source,Partially relevant
,,,,Unclear website,Partially relevant
,,,,Unclear website,Partially relevant
,,,,Unclear website,Out of context
,,,,Journalistic source,Partially relevant
,,,,Journalistic source,Partially relevant
,,,,Journalistic source,Relevant
,,,,Unclear website,Relevant
,,,,Journalistic source,Partially relevant
,,,,Unclear website,Relevant
,,,,Journalistic source,Out of context
,,,,Journalistic source,Partially relevant
,,,,Unclear website,Partially relevant
,,,,Government / public institution,Relevant
,,,,Government / public institution,Relevant
,,,,Scientific source,Relevant
,,,,Government / public institution,Relevant
,,,,Government / public institution,Relevant
,,,,Government / public institution,Partially relevant
,,,,Government / public institution,Relevant
,,,,Government / public institution,Partially relevant
,,,,Government / public institution,Partially relevant
,,,,Unclear website,Relevant
,,,,Unclear website,Partially relevant
,,,,Government / public institution,Cannot determine
,,,,Journalistic source,Partially relevant
,,,,Intermediate media,Out of context
,,,,Intermediate media,Partially relevant
,,,,Journalistic source,Out of context
,,,,Journalistic source,Partially relevant
,,,,Journalistic source,Partially relevant
,,,,Journalistic source,Out of context
,,,,Intermediate media,Partially relevant
,,,,Government / public institution,Partially relevant
,,,,Unclear website,Partially relevant
,,,,Unclear website,Partially relevant
,,,,Journalistic source,Partially relevant
,,,,Unclear website,Out of context
,,,,Unclear website,Relevant
,,,,Unclear website,Relevant
,,,,Unclear website,Relevant
,,,,Unclear website,Relevant
,,,,Unclear website,Relevant
,,,,Unclear website,Partially relevant
,,,,Journalistic source,Relevant
,,,,Government / public institution,Out of context
,,,,Unclear website,Out of context
,,,,Unclear website,Relevant
,,,,Unclear website,Out of context
,,,,Unclear website,Partially relevant
,,,,Scientific source,Out of context
,,,,Government / public institution,Out of context
,,,,Government / public institution,Partially relevant
,,,,Government / public institution,Partially relevant
,,,,Government / public institution,Partially relevant
,,,,Government / public institution,Relevant
,,,,Journalistic source,Out of context
,,,,Scientific source,Out of context
,,,,Government / public institution,Out of context
,,,,Government / public institution,Out of context
,,,,Government / public institution,Out of context
,,,,Government / public institution,Out of context
,,,,Unclear website,Relevant
,,,,Journalistic source,Partially relevant
,,,,Journalistic source,Partially relevant
,,,,Unclear website,Relevant
,,,,Unclear website,Partially relevant
,,,,Government / public institution,Relevant
,,,,Unclear website,Relevant
,,,,Scientific source,Out of context
,,,,Government / public institution,Out of context
,,,,Scientific source,Out of context
,,,,Scientific source,Out of context
,,,,Unclear website,Out of context
,,,,Unclear website,Out of context
,,,,Journalistic source,Partially relevant
,,,,Intermediate media,Out of context
,,,,Journalistic source,Out of context
,,,,Unclear website,Partially relevant
,,,,Government / public institution,Partially relevant
,,,,Journalistic source,Partially relevant
,,,,Unclear website,Out of context
,,,,Government / public institution,Relevant
,,,,Unclear website,Partially relevant
,,,,Unclear website,Partially relevant
,,,,Government / public institution,Relevant
,,,,Unclear website,Partially relevant
,,,,Unclear website,Partially relevant
,,,,Unclear website,Partially relevant
,,,,Government / public institution,Partially relevant
,,,,Government / public institution,Out of context
,,,,Unclear website,Out of context
,,,,Unclear website,Out of context
,,,,Scientific source,Out of context
,,,,Unclear website,Partially relevant
,,,,Journalistic source,Out of context
,,,,Journalistic source,Relevant
,,,,Journalistic source,Out of context
,,,,Journalistic source,Out of context
,,,,Journalistic source,Out of context
,,,,Journalistic source,Out of context
,,,,Unclear website,Partially relevant
,,,,Unclear website,Partially relevant
,,,,Unclear website,Out of context
,,,,Unclear website,Out of context
,,,,Unclear website,Out of context
,,,,Unclear website,Out of context
,,,,Unclear website,Out of context
,,,,Unclear website,Partially relevant
,,,,Unclear website,Out of context
,,,,Unclear website,Out of context
,,,,Unclear website,Out of context
,,,,Unclear website,Out of context
,,,,Unclear website,Out of context
,,,,Journalistic source,Out of context
,,,,Journalistic source,Out of context
,,,,Unclear website,Out of context
,,,,Unclear website,Partially relevant
,,,,Journalistic source,Partially relevant
,,,,Unclear website,Out of context
,,,,Unclear website,Out of context
,,,,Unclear website,Out of context
,,,,Unclear website,Out of context
,,,,Unclear website,Out of context
,,,,Unclear website,Out of context
,,,,Unclear website,Out of context
,,,,Unclear website,Out of context
,,,,Unclear website,Out of context
,,,,Unclear website,Out of context
,,,,Unclear website,Out of context
,,,,Government / public institution,Out of context
,,,,Journalistic source,Out of context
,,,,Unclear website,Out of context
,,,,Unclear website,Out of context
,,,,Unclear website,Out of context
,,,,Unclear website,Out of context
,,,,Intermediate media,Relevant
,,,,Journalistic source,Partially relevant
,,,,Government / public institution,Out of context
,,,,Government / public institution,Partially relevant
,,,,Government / public institution,Out of context
,,,,Unclear website,Out of context
,,,,Government / public institution,Out of context
,,,,Government / public institution,Out of context
,,,,Government / public institution,Out of context
,,,,Government / public institution,Out of context
,,,,Government / public institution,Out of context
,,,,Government / public institution,Out of context
,,,,Government / public institution,Out of context
,,,,Government / public institution,Out of context
,,,,Government / public institution,Out of context
,,,,Unclear website,Out of context
,,,,Unclear website,Out of context
,,,,Intermediate media,Out of context
,,,,Government / public institution,Out of context
,,,,Unclear website,Out of context
,,,,Unclear website,Out of context
,,,,Scientific source,Out of context
,,,,Unclear website,Out of context
,,,,Scientific source,Out of context
,,,,International organization,Out of context
,,,,Scientific source,Out of context
,,,,Scientific source,Out of context
,,,,Unclear website,Out of context
,,,,Government / public institution,Out of context
,,,,Government / public institution,Out of context
,,,,Unclear website,Out of context
,,,,Scientific source,Out of context
,,,,Unclear website,Out of context
,,,,International organization,Out of context
,,,,Unclear website,Out of context
,,,,International organization,Out of context
,,,,Journalistic source,Relevant
,,,,Journalistic source,Relevant
,,,,Unclear website,Partially relevant
,,,,Journalistic source,Partially relevant
,,,,Journalistic source,Partially relevant
,,,,Intermediate media,Relevant
,,,,Intermediate media,Partially relevant
,,,,Intermediate media,Partially relevant
,,,,Intermediate media,Partially relevant
,,,,Unclear website,Partially relevant
,,,,Unclear website,Partially relevant
,,,,Unclear website,Out of context
,,,,Unclear website,Out of context
,,,,Unclear website,Out of context
,,,,Unclear website,Out of context
,,,,Unclear website,Out of context
,,,,Unclear website,Out of context
,,,,Unclear website,Out of context
,,,,Intermediate media,Out of context
,,,,Intermediate media,Out of context
,,,,Scientific source,Out of context
,,,,Unclear website,Out of context
,,,,Unclear website,Out of context
,,,,Journalistic source,Out of context
,,,,Journalistic source,Out of context
,,,,Journalistic source,Out of context
,,,,Journalistic source,Out of context
,,,,Journalistic source,Relevant
,,,,Journalistic source,Out of context
,,,,Journalistic source,Out of context
,,,,Unclear website,Out of context
,,,,Journalistic source,Out of context
,,,,Journalistic source,Out of context
,,,,Journalistic source,Out of context
,,,,Intermediate media,Relevant
,,,,Unclear website,Out of context
,,,,Journalistic source,Relevant
,,,,Journalistic source,Partially relevant
,,,,Unclear website,Partially relevant
,,,,International organization,Out of context
,,,,Government / public institution,Out of context
,,,,Unclear website,Partially relevant
,,,,Unclear website,Relevant
,,,,Journalistic source,Out of context
,,,,Unclear website,Partially relevant
,,,,Unclear website,Partially relevant
,,,,Intermediate media,Out of context
,,,,Journalistic source,Out of context
,,,,Journalistic source,Out of context
,,,,Journalistic source,Partially relevant
,,,,Unclear website,Out of context
,,,,Unclear website,Partially relevant
,,,,International organization,Out of context
,,,,Unclear website,Out of context
,,,,Unclear website,Partially relevant
,,,,International organization,Partially relevant
,,,,Government / public institution,Out of context
,,,,Unclear website,Out of context
,,,,Unclear website,Out of context
,,,,Unclear website,Partially relevant
,,,,Unclear website,Partially relevant
,,,,Unclear website,Partially relevant
,,,,Unclear website,Partially relevant
,,,,Scientific source,Out of context
,,,,Scientific source,Out of context
,,,,International organization,Out of context
,,,,Unclear website,Out of context
,,,,Unclear website,Partially relevant
,,,,Unclear website,Out of context
,,,,Unclear website,Out of context
,,,,Unclear website,Partially relevant
,,,,Unclear website,Partially relevant
,,,,Unclear website,Out of context
,,,,Scientific source,Out of context
,,,,Unclear website,Out of context
,,,,Unclear website,Out of context
,,,,International organization,Out of context
,,,,Unclear website,Out of context
,,,,Unclear website,Partially relevant
,,,,Unclear website,Partially relevant
,,,,Unclear website,Out of context
,,,,Unclear website,Partially relevant
,,,,Government / public institution,Out of context
,,,,Unclear website,Out of context
,,,,Journalistic source,Partially relevant
,,,,Journalistic source,Partially relevant
,,,,Unclear website,Out of context
,,,,Unclear website,Out of context
,,,,Unclear website,Partially relevant
,,,,Unclear website,Out of context
,,,,Unclear website,Partially relevant
,,,,Unclear website,Out of context
,,,,Unclear website,Out of context
,,,,Government / public institution,Out of context
,,,,Unclear website,Out of context
,,,,Unclear website,Out of context
,,,,Unclear website,Out of context
,,,,International organization,Out of context
,,,,Government / public institution,Out of context
,,,,Government / public institution,Out of context
,,,,Government / public institution,Out of context
,,,,Unclear website,Out of context
,,,,Unclear website,Partially relevant
,,,,Journalistic source,Partially relevant
,,,,Unclear website,Partially relevant
,,,,International organization,Partially relevant
,,,,Unclear website,Out of context
,,,,Journalistic source,Partially relevant
,,,,Unclear website,Out of context
,,,,Unclear website,Out of context
,,,,Unclear website,Partially relevant
,,,,Unclear website,Partially relevant
,,,,Government / public institution,Partially relevant
,,,,Unclear website,Out of context
,,,,Unclear website,Partially relevant
,,,,Unclear website,Out of context
,,,,Journalistic source,Partially relevant
,,,,Unclear website,Partially relevant
,,,,Unclear website,Out of context
,,,,International organization,Partially relevant
,,,,Government / public institution,Out of context
,,,,Unclear website,Out of context
,,,,Unclear website,Partially relevant
,,,,Journalistic source,Partially relevant
,,,,Journalistic source,Out of context
,,,,Unclear website,Relevant
,,,,Journalistic source,Out of context
,,,,Journalistic source,Relevant
,,,,Journalistic source,Out of context
,,,,Journalistic source,Out of context
,,,,Journalistic source,Out of context
,,,,Journalistic source,Partially relevant
,,,,Government / public institution,Partially relevant
,,,,Journalistic source,Out of context
,,,,Journalistic source,Out of context
,,,,Unclear website,Out of context
,,,,Journalistic source,Partially relevant
,,,,Unclear website,Partially relevant
,,,,Scientific source,Relevant
,,,,Journalistic source,Out of context
,,,,Journalistic source,Out of context
,,,,Unclear website,Out of context
,,,,Unclear website,Out of context
,,,,Journalistic source,Out of context
,,,,Unclear website,Out of context
,,,,Unclear website,Partially relevant
,,,,Unclear website,Partially relevant
,,,,Unclear website,Out of context
,,,,Journalistic source,Out of context
,,,,Unclear website,Out of context
,,,,Unclear website,Out of context
,,,,Scientific source,Out of context
,,,,Journalistic source,Out of context
,,,,Scientific source,Out of context
,,,,Unclear website,Out of context
,,,,Unclear website,Out of context
,,,,Unclear website,Out of context
,,,,Unclear website,Out of context
,,,,Journalistic source,Partially relevant
,,,,Journalistic source,Partially relevant
,,,,Journalistic source,Partially relevant
,,,,Scientific source,Partially relevant
,,,,Unclear website,Partially relevant
,,,,Unclear website,Partially relevant
,,,,Journalistic source,Out of context
,,,,Unclear website,Partially relevant
,,,,Journalistic source,Partially relevant
,,,,Journalistic source,Partially relevant
,,,,Journalistic source,Out of context
,,,,Journalistic source,Partially relevant
,,,,Unclear website,Out of context
,,,,Unclear website,Out of context
,,,,Scientific source,Partially relevant
,,,,Scientific source,Partially relevant
,,,,Unclear website,Out of context
,,,,Scientific source,Out of context
,,,,Journalistic source,Partially relevant
,,,,Journalistic source,Out of context
,,,,Intermediate media,Out of context
,,,,Unclear website,Out of context
,,,,Journalistic source,Partially relevant
,,,,Unclear website,Partially relevant
,,,,Journalistic source,Partially relevant
,,,,International organization,Out of context
,,,,Unclear website,Out of context
,,,,Unclear website,Partially relevant
,,,,Unclear website,Out of context
,,,,Unclear website,Partially relevant
,,,,Unclear website,Out of context
,,,,Scientific source,Out of context
,,,,Unclear website,Out of context
,,,,Journalistic source,Out of context
,,,,Journalistic source,Out of context
,,,,Journalistic source,Partially relevant
,,,,Journalistic source,Out of context
,,,,Journalistic source,Relevant
,,,,Journalistic source,Out of context
,,,,Journalistic source,Out of context
,,,,Journalistic source,Out of context
,,,,Intermediate media,Relevant
,,,,Unclear website,Out of context
,,,,Unclear website,Partially relevant
,,,,Journalistic source,Out of context
,,,,Unclear website,Partially relevant
,,,,Unclear website,Out of context
,,,,Journalistic source,Out of context
,,,,Unclear website,Out of context
,,,,Journalistic source,Out of context
,,,,Journalistic source,Partially relevant
,,,,Unclear website,Out of context
,,,,Unclear website,Out of context
,,,,Unclear website,Out of context
,,,,Journalistic source,Out of context
,,,,Journalistic source,Out of context
,,,,Unclear website,Out of context
,,,,Unclear website,Out of context
,,,,Unclear website,Out of context
,,,,Unclear website,Partially relevant
,,,,Unclear website,Partially relevant
,,,,Unclear website,Out of context
,,,,Unclear website,Out of context
,,,,Unclear website,Out of context
,,,,Unclear website,Out of context
,,,,Unclear website,Out of context
,,,,Unclear website,Out of context
,,,,Journalistic source,Partially relevant
,,,,Journalistic source,Out of context
,,,,Unclear website,Partially relevant
,,,,Unclear website,Partially relevant
,,,,Unclear website,Out of context
,,,,Journalistic source,Out of context
,,,,Journalistic source,Partially relevant
,,,,Journalistic source,Partially relevant
,,,,Journalistic source,Out of context
,,,,Journalistic source,Out of context
,,,,Unclear website,Out of context
,,,,Unclear website,Out of context
,,,,Journalistic source,Partially relevant
,,,,Journalistic source,Partially relevant
,,,,Unclear website,Partially relevant
,,,,Unclear website,Out of context
,,,,Unclear website,Out of context
,,,,Journalistic source,Out of context
,,,,Journalistic source,Out of context
,,,,Journalistic source,Partially relevant
,,,,Journalistic source,Partially relevant
,,,,Journalistic source,Partially relevant
,,,,Unclear website,Relevant
,,,,Unclear website,Relevant
,,,,Unclear website,Out of context
,,,,Unclear website,Partially relevant
,,,,Unclear website,Out of context
,,,,Unclear website,Partially relevant
,,,,Unclear website,Out of context
,,,,Unclear website,Relevant
,,,,Unclear website,Out of context
,,,,Unclear website,Out of context
,,,,Scientific source,Out of context
,,,,Unclear website,Out of context
,,,,Unclear website,Out of context
,,,,Unclear website,Out of context
,,,,Journalistic source,Relevant
,,,,Government / public institution,Partially relevant
,,,,Unclear website,Partially relevant
,,,,Journalistic source,Relevant
,,,,Unclear website,Partially relevant
,,,,Unclear website,Out of context
,,,,Unclear website,Out of context
,,,,Unclear website,Partially relevant
,,,,Journalistic source,Relevant
,,,,Journalistic source,Relevant
,,,,Unclear website,Partially relevant
,,,,Unclear website,Relevant
,,,,Unclear website,Out of context
,,,,Unclear website,Partially relevant
,,,,Government / public institution,Out of context
,,,,Scientific source,Out of context
,,,,Government / public institution,Relevant
,,,,Scientific source,Relevant
,,,,Scientific source,Partially relevant
,,,,Government / public institution,Partially relevant
,,,,Journalistic source,Partially relevant
,,,,Journalistic source,Partially relevant
,,,,Journalistic source,Partially relevant
,,,,Unclear website,Partially relevant
,,,,Intermediate media,Out of context
,,,,Unclear website,Out of context
,,,,Government / public institution,Relevant
,,,,Unclear website,Partially relevant
,,,,Unclear website,Partially relevant
,,,,Unclear website,Out of context
,,,,Unclear website,Partially relevant
,,,,Unclear website,Partially relevant
,,,,Unclear website,Partially relevant
,,,,Unclear website,Partially relevant
,,,,Unclear website,Out of context
,,,,Unclear website,Partially relevant
,,,,International organization,Out of context
,,,,International organization,Out of context
,,,,International organization,Out of context
,,,,Unclear website,Out of context
,,,,Unclear website,Out of context
,,,,Unclear website,Partially relevant
,,,,Unclear website,Out of context
,,,,Unclear website,Out of context
,,,,Unclear website,Out of context
,,,,Journalistic source,Relevant
,,,,Government / public institution,Partially relevant
,,,,Unclear website,Relevant
,,,,Journalistic source,Out of context
,,,,Journalistic source,Out of context
,,,,Journalistic source,Out of context
,,,,Unclear website,Partially relevant
,,,,Unclear website,Out of context
,,,,Journalistic source,Out of context
,,,,Journalistic source,Partially relevant
,,,,Journalistic source,Relevant
,,,,Government / public institution,Out of context
,,,,Government / public institution,Partially relevant
,,,,Government / public institution,Out of context
,,,,Government / public institution,Out of context
,,,,Government / public institution,Out of context
,,,,Unclear website,Out of context
,,,,Journalistic source,Partially relevant
,,,,Unclear website,Out of context
,,,,Journalistic source,Out of context
,,,,Unclear website,Partially relevant
,,,,Unclear website,Partially relevant
,,,,Journalistic source,Out of context
,,,,Journalistic source,Out of context
,,,,Government / public institution,Out of context
,,,,Unclear website,Out of context
,,,,Unclear website,Out of context
,,,,Unclear website,Partially relevant
,,,,International organization,Out of context
,,,,International organization,Out of context
,,,,Scientific source,Partially relevant
,,,,International organization,Out of context
,,,,Unclear website,Out of context
,,,,Unclear website,Out of context
,,,,Unclear website,Partially relevant
,,,,Journalistic source,Partially relevant
,,,,International organization,Out of context
,,,,Journalistic source,Out of context
,,,,Government / public institution,Out of context
,,,,Government / public institution,Out of context
,,,,Journalistic source,Out of context
,,,,Journalistic source,Out of context
,,,,Unclear website,Out of context
,,,,Journalistic source,Partially relevant
,,,,Unclear website,Out of context
,,,,Unclear website,Out of context
,,,,Unclear website,Out of context
,,,,Unclear website,Out of context
,,,,Unclear website,Out of context
,,,,Unclear website,Out of context
,,,,Unclear website,Partially relevant
,,,,Unclear website,Out of context
,,,,Unclear website,Out of context
,,,,Unclear website,Out of context
,,,,Unclear website,Out of context
,,,,Unclear website,Out of context
,,,,Unclear website,Out of context
,,,,Unclear website,Out of context
,,,,Unclear website,Out of context
,,,,Government / public institution,Out of context
,,,,Government / public institution,Out of context
,,,,Unclear website,Out of context
,,,,Government / public institution,Out of context
,,,,Unclear website,Out of context
,,,,Unclear website,Out of context
,,,,Unclear website,Out of context
,,,,Unclear website,Out of context
,,,,Unclear website,Out of context
,,,,International organization,Out of context
,,,,Scientific source,Out of context
,,,,Unclear website,Out of context
,,,,International organization,Out of context
,,,,Government / public institution,Out of context
,,,,Government / public institution,Out of context
,,,,Unclear website,Out of context
,,,,Unclear website,Out of context
,,,,Government / public institution,Out of context
,,,,International organization,Out of context
,,,,International organization,Out of context
,,,,Government / public institution,Out of context
,,,,Unclear website,Out of context
,,,,Journalistic source,Partially relevant
,,,,Unclear website,Out of context
,,,,Unclear website,Out of context
,,,,Unclear website,Partially relevant
,,,,Scientific source,Out of context
,,,,Unclear website,Partially relevant
,,,,Government / public institution,Partially relevant
,,,,Journalistic source,Partially relevant
,,,,Unclear website,Partially relevant
,,,,Unclear website,Partially relevant
,,,,Unclear website,Partially relevant
,,,,Government / public institution,Out of context
,,,,Unclear website,Out of context
,,,,International organization,Partially relevant
,,,,Unclear website,Out of context
,,,,Unclear website,Out of context
,,,,International organization,Partially relevant
,,,,Intermediate media,Partially relevant
,,,,Intermediate media,Relevant
,,,,Unclear website,Partially relevant
,,,,Unclear website,Relevant
,,,,Government / public institution,Partially relevant
,,,,Journalistic source,Partially relevant
,,,,Intermediate media,Out of context
,,,,Intermediate media,Out of context
,,,,Government / public institution,Out of context
,,,,Unclear website,Partially relevant
,,,,Unclear website,Out of context
,,,,Scientific source,Out of context
,,,,Unclear website,Out of context
,,,,Scientific source,Out of context
,,,,Unclear website,Out of context
,,,,Scientific source,Out of context
,,,,Scientific source,Out of context
,,,,Scientific source,Out of context
,,,,International organization,Out of context
,,,,Unclear website,Partially relevant
,,,,Unclear website,Out of context
,,,,Unclear website,Partially relevant
,,,,Journalistic source,Partially relevant
,,,,Journalistic source,Partially relevant
,,,,Journalistic source,Partially relevant
,,,,Journalistic source,Partially relevant
,,,,Journalistic source,Partially relevant
,,,,Journalistic source,Relevant
,,,,Journalistic source,Partially relevant
,,,,Journalistic source,Partially relevant
,,,,Journalistic source,Out of context
,,,,Journalistic source,Partially relevant
,,,,Journalistic source,Out of context
,,,,Unclear website,Relevant
,,,,Intermediate media,Partially relevant
,,,,Journalistic source,Partially relevant
,,,,Journalistic source,Partially relevant
,,,,Journalistic source,Relevant
,,,,Unclear website,Relevant
,,,,Unclear website,Out of context
,,,,Unclear website,Out of context
,,,,Unclear website,Out of context
,,,,Unclear website,Out of context
,,,,Unclear website,Out of context
,,,,Journalistic source,Partially relevant
,,,,Journalistic source,Out of context
,,,,Journalistic source,Relevant
,,,,Unclear website,Out of context
,,,,Journalistic source,Partially relevant
,,,,Unclear website,Relevant
,,,,Unclear website,Out of context
,,,,Unclear website,Out of context
,,,,Unclear website,Out of context
,,,,Scientific source,Partially relevant
,,,,Scientific source,Out of context
,,,,Unclear website,Partially relevant
,,,,Government / public institution,Partially relevant
,,,,Government / public institution,Partially relevant
,,,,Scientific source,Partially relevant
,,,,Journalistic source,Partially relevant
,,,,Journalistic source,Relevant
,,,,Unclear website,Out of context
,,,,Journalistic source,Partially relevant
,,,,Unclear website,Out of context
,,,,Unclear website,Partially relevant
,,,,Unclear website,Partially relevant
,,,,Government / public institution,Partially relevant
,,,,Unclear website,Out of context
,,,,Unclear website,Partially relevant
,,,,Scientific source,Partially relevant
,,,,Unclear website,Partially relevant
,,,,Unclear website,Partially relevant
,,,,Scientific source,Partially relevant
,,,,Scientific source,Partially relevant
,,,,Unclear website,Partially relevant
,,,,Government / public institution,Out of context
,,,,Journalistic source,Partially relevant
,,,,Unclear website,Out of context
,,,,Unclear website,Out of context
,,,,Journalistic source,Partially relevant
,,,,Journalistic source,Out of context
,,,,Government / public institution,Partially relevant
,,,,Government / public institution,Partially relevant
,,,,Unclear website,Out of context
,,,,Unclear website,Partially relevant
,,,,Unclear website,Partially relevant
,,,,Journalistic source,Partially relevant
,,,,Journalistic source,Out of context
,,,,Journalistic source,Out of context
,,,,Unclear website,Out of context
,,,,Unclear website,Out of context
,,,,Unclear website,Partially relevant
,,,,Unclear website,Partially relevant
,,,,Unclear website,Out of context
,,,,Journalistic source,Out of context
,,,,Journalistic source,Out of context
,,,,Unclear website,Out of context
,,,,Journalistic source,Out of context
,,,,Unclear website,Out of context
,,,,Journalistic source,Out of context
,,,,Unclear website,Out of context
,,,,Unclear website,Out of context
,,,,Journalistic source,Partially relevant
,,,,Journalistic source,Relevant
,,,,Journalistic source,Partially relevant
,,,,Intermediate media,Relevant
,,,,Journalistic source,Partially relevant
,,,,Unclear website,Partially relevant
,,,,Unclear website,Relevant
,,,,Journalistic source,Relevant
,,,,Unclear website,Partially relevant
,,,,Unclear website,Partially relevant
,,,,Journalistic source,Relevant
,,,,Journalistic source,Partially relevant
,,,,Journalistic source,Relevant
,,,,Journalistic source,Partially relevant
,,,,Journalistic source,Relevant
,,,,Unclear website,Out of context
,,,,Government / public institution,Relevant
,,,,Unclear website,Partially relevant
,,,,Journalistic source,Relevant
,,,,Intermediate media,Out of context
,,,,Intermediate media,Out of context
,,,,Intermediate media,Out of context
,,,,Unclear website,Partially relevant
,,,,Unclear website,Out of context
,,,,Unclear website,Relevant
,,,,Unclear website,Out of context
,,,,Unclear website,Relevant
,,,,Unclear website,Out of context
,,,,Journalistic source,Out of context
,,,,Unclear website,Relevant
,,,,Unclear website,Relevant
,,,,Unclear website,Relevant
,,,,Unclear website,Out of context
,,,,Unclear website,Out of context
,,,,Unclear website,Out of context
,,,,Unclear website,Out of context
,,,,Unclear website,Out of context
,,,,Intermediate media,Out of context
,,,,Unclear website,Out of context
,,,,Unclear website,Out of context
,,,,Unclear website,Relevant
,,,,Unclear website,Partially relevant
,,,,Unclear website,Out of context
,,,,Scientific source,Out of context
,,,,Government / public institution,Out of context
,,,,Government / public institution,Out of context
,,,,Journalistic source,Relevant
,,,,App,Out of context
,,,,Unclear website,Out of context
,,,,Unclear website,Out of context
,,,,Unclear website,Out of context
,,,,Unclear website,Out of context
,,,,Unclear website,Out of context
,,,,Unclear website,Out of context
,,,,Unclear website,Out of context
,,,,Government / public institution,Out of context
,,,,Unclear website,Out of context
,,,,Scientific source,Out of context
,,,,Government / public institution,Out of context
,,,,Unclear website,Out of context
,,,,Unclear website,Out of context
,,,,Unclear website,Partially relevant
,,,,Unclear website,Out of context
,,,,Unclear website,Out of context
,,,,Unclear website,Partially relevant
,,,,Unclear website,Out of context
,,,,Unclear website,Out of context
,,,,Unclear website,Out of context
,,,,Unclear website,Out of context
,,,,Unclear website,Out of context
,,,,Unclear website,Out of context
,,,,Unclear website,Out of context
,,,,Journalistic source,Out of context
,,,,Government / public institution,Out of context
,,,,Government / public institution,Out of context
,,,,Government / public institution,Out of context
,,,,Unclear website,Relevant
,,,,Unclear website,Partially relevant
,,,,Unclear website,Out of context
,,,,Journalistic source,Relevant
,,,,Journalistic source,Partially relevant
,,,,Unclear website,Out of context
,,,,Journalistic source,Out of context
,,,,Unclear website,Out of context
,,,,Unclear website,Out of context
,,,,Unclear website,Out of context
,,,,Unclear website,Partially relevant
,,,,Unclear website,Partially relevant
,,,,Unclear website,Partially relevant
,,,,Government / public institution,Out of context
,,,,Government / public institution,Out of context
,,,,Government / public institution,Out of context
,,,,Unclear website,Out of context
,,,,Unclear website,Out of context
,,,,Government / public institution,Out of context
,,,,Government / public institution,Out of context
,,,,Scientific source,Out of context
,,,,Unclear website,Out of context
,,,,Scientific source,Out of context
,,,,Government / public institution,Out of context
,,,,Government / public institution,Out of context
,,,,Government / public institution,Out of context
,,,,Journalistic source,Out of context
,,,,Unclear website,Out of context
,,,,Journalistic source,Out of context
,,,,Scientific source,Out of context
,,,,Government / public institution,Out of context
,,,,Government / public institution,Out of context
,,,,Government / public institution,Out of context
,,,,Unclear website,Out of context
,,,,Unclear website,Out of context
,,,,Unclear website,Out of context
,,,,Government / public institution,Out of context
,,,,Unclear website,Out of context
,,,,Unclear website,Out of context
,,,,Unclear website,Out of context
,,,,Unclear website,Out of context
,,,,International organization,Out of context
,,,,International organization,Out of context
,,,,Unclear website,Out of context
,,,,Journalistic source,Out of context
,,,,Journalistic source,Out of context
,,,,Journalistic source,Relevant
,,,,Journalistic source,Partially relevant
,,,,Journalistic source,Partially relevant
,,,,Journalistic source,Relevant
,,,,Journalistic source,Partially relevant
,,,,Unclear website,Partially relevant
,,,,Journalistic source,Partially relevant
,,,,Journalistic source,Relevant
,,,,Unclear website,Partially relevant
,,,,Journalistic source,Relevant
,,,,Unclear website,Relevant
,,,,Unclear website,Partially relevant
,,,,Journalistic source,Partially relevant
,,,,Journalistic source,Partially relevant
,,,,Journalistic source,Partially relevant
,,,,Unclear website,Partially relevant
,,,,Unclear website,Partially relevant
,,,,Unclear website,Partially relevant
,,,,Unclear website,Out of context
,,,,Scientific source,Out of context
,,,,Unclear website,Out of context
,,,,Unclear website,Out of context
,,,,Unclear website,Partially relevant
,,,,Journalistic source,Partially relevant
,,,,Journalistic source,Partially relevant
,,,,Journalistic source,Partially relevant
,,,,Journalistic source,Partially relevant
,,,,Intermediate media,Partially relevant
,,,,Journalistic source,Partially relevant
,,,,Unclear website,Relevant
,,,,Government / public institution,Partially relevant
,,,,Unclear website,Partially relevant
,,,,Unclear website,Partially relevant
,,,,Journalistic source,Partially relevant
,,,,Journalistic source,Partially relevant
,,,,Government / public institution,Partially relevant
,,,,Journalistic source,Partially relevant
,,,,Unclear website,Partially relevant
,,,,Government / public institution,Out of context
,,,,Government / public institution,Out of context
,,,,Government / public institution,Partially relevant
,,,,Government / public institution,Out of context
,,,,Government / public institution,Out of context
,,,,Government / public institution,Out of context
,,,,Government / public institution,Out of context
,,,,Government / public institution,Out of context
,,,,Government / public institution,Out of context
,,,,Government / public institution,Out of context
,,,,Government / public institution,Out of context
,,,,Government / public institution,Out of context
,,,,Government / public institution,Out of context
,,,,Government / public institution,Out of context
,,,,Journalistic source,Out of context
,,,,Journalistic source,Partially relevant
,,,,Government / public institution,Out of context
,,,,Unclear website,Out of context
,,,,Unclear website,Out of context
,,,,Government / public institution,Out of context
,,,,Unclear website,Out of context
,,,,Government / public institution,Partially relevant
,,,,Unclear website,Out of context
,,,,Government / public institution,Out of context
,,,,Government / public institution,Out of context
,,,,Government / public institution,Out of context
,,,,Unclear website,Out of context
,,,,International organization,Out of context
,,,,Government / public institution,Out of context
,,,,Government / public institution,Out of context
,,,,Government / public institution,Out of context
,,,,Journalistic source,Out of context
,,,,Journalistic source,Out of context
,,,,Unclear website,Out of context
,,,,Unclear website,Partially relevant
,,,,Journalistic source,Partially relevant
,,,,Journalistic source,Partially relevant
,,,,Unclear website,Partially relevant
,,,,Intermediate media,Out of context
,,,,Journalistic source,Partially relevant
,,,,Unclear website,Partially relevant
,,,,Unclear website,Partially relevant
,,,,Government / public institution,Partially relevant
,,,,Government / public institution,Partially relevant
,,,,Unclear website,Out of context
,,,,Unclear website,Out of context
,,,,Unclear website,Out of context
,,,,Unclear website,Out of context
,,,,Unclear website,Out of context
,,,,International organization,Out of context
,,,,Unclear website,Partially relevant
,,,,Unclear website,Out of context
,,,,Unclear website,Out of context
,,,,Scientific source,Partially relevant
,,,,International organization,Out of context
,,,,Unclear website,Out of context
,,,,International organization,Partially relevant
,,,,Journalistic source,Out of context
,,,,Journalistic source,Partially relevant
,,,,Journalistic source,Relevant
,,,,Journalistic source,Partially relevant
,,,,Journalistic source,Partially relevant
,,,,Journalistic source,Partially relevant
,,,,Unclear website,Partially relevant
,,,,Journalistic source,Partially relevant
,,,,Journalistic source,Partially relevant
,,,,Journalistic source,Partially relevant
,,,,Journalistic source,Partially relevant
,,,,Journalistic source,Partially relevant
,,,,Unclear website,Partially relevant
,,,,Journalistic source,Partially relevant
,,,,Journalistic source,Partially relevant
,,,,Journalistic source,Partially relevant
,,,,Unclear website,Partially relevant
,,,,Journalistic source,Partially relevant
,,,,Journalistic source,Partially relevant
,,,,Unclear website,Partially relevant
,,,,Journalistic source,Relevant
,,,,Journalistic source,Partially relevant
,,,,Journalistic source,Partially relevant
,,,,Journalistic source,Partially relevant
,,,,Journalistic source,Partially relevant
,,,,Journalistic source,Partially relevant
,,,,Journalistic source,Partially relevant
,,,,Journalistic source,Partially relevant
,,,,Journalistic source,Out of context
,,,,Journalistic source,Partially relevant
,,,,Government / public institution,Partially relevant
,,,,Government / public institution,Partially relevant
,,,,Unclear website,Partially relevant
,,,,Unclear website,Partially relevant
,,,,Unclear website,Partially relevant
,,,,Unclear website,Partially relevant
,,,,Unclear website,Relevant
,,,,Journalistic source,Partially relevant
,,,,Unclear website,Partially relevant
,,,,Government / public institution,Partially relevant
,,,,Government / public institution,Relevant
,,,,Government / public institution,Out of context
,,,,Government / public institution,Partially relevant
,,,,Scientific source,Out of context
,,,,Government / public institution,Partially relevant
,,,,Government / public institution,Partially relevant
,,,,Government / public institution,Out of context
,,,,Government / public institution,Partially relevant
,,,,Government / public institution,Partially relevant
,,,,Unclear website,Out of context
,,,,International organization,Partially relevant
,,,,Unclear website,Partially relevant
,,,,Unclear website,Relevant
,,,,Unclear website,Partially relevant
,,,,Unclear website,Partially relevant
,,,,Unclear website,Partially relevant
,,,,Unclear website,Partially relevant
,,,,Unclear website,Relevant
,,,,Unclear website,Out of context
,,,,Government / public institution,Partially relevant
,,,,Government / public institution,Out of context
,,,,Unclear website,Partially relevant
,,,,Government / public institution,Out of context
,,,,International organization,Relevant
,,,,International organization,Out of context
,,,,International organization,Partially relevant
,,,,International organization,Partially relevant
,,,,International organization,Out of context
,,,,International organization,Out of context
,,,,International organization,Partially relevant
,,,,International organization,Partially relevant
,,,,International organization,Partially relevant
,,,,International organization,Partially relevant
,,,,International organization,Out of context
,,,,International organization,Out of context
,,,,International organization,Partially relevant
,,,,Unclear website,Partially relevant
,,,,International organization,Out of context
,,,,Unclear website,Partially relevant
,,,,Unclear website,Partially relevant
,,,,International organization,Partially relevant
,,,,Unclear website,Out of context
,,,,Unclear website,Out of context
,,,,International organization,Out of context
,,,,Scientific source,Partially relevant
,,,,Unclear website,Partially relevant
,,,,Unclear website,Partially relevant
,,,,Journalistic source,Partially relevant
,,,,Unclear website,Partially relevant
,,,,International organization,Out of context
,,,,International organization,Partially relevant
,,,,International organization,Partially relevant
,,,,International organization,Out of context
,,,,Unclear website,Out of context
,,,,International organization,Out of context
,,,,International organization,Out of context
,,,,Unclear website,Partially relevant
,,,,Unclear website,Out of context
,,,,Unclear website,Partially relevant
,,,,Journalistic source,Out of context
,,,,Journalistic source,Out of context
,,,,Journalistic source,Out of context
,,,,Journalistic source,Partially relevant
,,,,Government / public institution,Out of context
,,,,Journalistic source,Out of context
,,,,Journalistic source,Out of context
,,,,Journalistic source,Out of context
,,,,Unclear website,Partially relevant
,,,,Unclear website,Partially relevant
,,,,Journalistic source,Out of context
,,,,Journalistic source,Partially relevant
,,,,Journalistic source,Out of context
,,,,Journalistic source,Out of context
,,,,Journalistic source,Partially relevant
,,,,Journalistic source,Relevant
,,,,Journalistic source,Out of context
,,,,Journalistic source,Out of context
,,,,Unclear website,Out of context
,,,,Journalistic source,Partially relevant
,,,,Journalistic source,Out of context
,,,,Journalistic source,Out of context
,,,,Journalistic source,Out of context
,,,,Government / public institution,Out of context
,,,,Unclear website,Out of context
,,,,Unclear website,Relevant
,,,,Unclear website,Out of context
,,,,Unclear website,Out of context
,,,,Unclear website,Out of context
,,,,Unclear website,Out of context
,,,,Scientific source,Out of context
,,,,Intermediate media,Out of context
,,,,Scientific source,Out of context
,,,,Unclear website,Out of context
,,,,Unclear website,Out of context
,,,,Intermediate media,Out of context
,,,,Unclear website,Out of context
,,,,Journalistic source,Partially relevant
,,,,Journalistic source,Partially relevant
,,,,Journalistic source,Relevant
,,,,Journalistic source,Partially relevant
,,,,Journalistic source,Relevant
,,,,Journalistic source,Partially relevant
,,,,Journalistic source,Relevant
,,,,Unclear website,Partially relevant
,,,,Unclear website,Partially relevant
,,,,Unclear website,Partially relevant
,,,,Unclear website,Partially relevant
,,,,Unclear website,Relevant
,,,,Journalistic source,Partially relevant
,,,,Journalistic source,Partially relevant
,,,,Unclear website,Partially relevant
,,,,Unclear website,Partially relevant
,,,,Unclear website,Partially relevant
,,,,Unclear website,Partially relevant
,,,,Unclear website,Partially relevant
,,,,Unclear website,Partially relevant
,,,,Unclear website,Partially relevant
,,,,Unclear website,Relevant
,,,,Government / public institution,Partially relevant
,,,,Unclear website,Partially relevant
,,,,Unclear website,Partially relevant
,,,,Unclear website,Partially relevant
,,,,Unclear website,Out of context
,,,,Unclear website,Partially relevant
,,,,Unclear website,Out of context
,,,,Unclear website,Partially relevant
,,,,Unclear website,Relevant
,,,,Unclear website,Relevant
,,,,Unclear website,Out of context
,,,,Unclear website,Partially relevant
,,,,Journalistic source,Partially relevant
,,,,Journalistic source,Partially relevant
,,,,Journalistic source,Relevant
,,,,Journalistic source,Partially relevant
,,,,Journalistic source,Relevant
,,,,Journalistic source,Partially relevant
,,,,Unclear website,Partially relevant
,,,,Journalistic source,Relevant
,,,,Unclear website,Partially relevant
,,,,Unclear website,Partially relevant
,,,,Unclear website,Relevant
,,,,Unclear website,Relevant
,,,,Journalistic source,Relevant
,,,,Unclear website,Relevant
,,,,Unclear website,Partially relevant
,,,,Unclear website,Partially relevant
,,,,Unclear website,Relevant
,,,,Unclear website,Partially relevant
,,,,Journalistic source,Relevant
,,,,Government / public institution,Partially relevant
,,,,Unclear website,Partially relevant
,,,,Unclear website,Out of context
,,,,Unclear website,Partially relevant
,,,,Unclear website,Out of context
,,,,Unclear website,Partially relevant
,,,,Unclear website,Relevant
,,,,Unclear website,Relevant
,,,,Unclear website,Partially relevant
,,,,Unclear website,Partially relevant
,,,,Journalistic source,Out of context
,,,,Scientific source,Out of context
,,,,Journalistic source,Out of context
,,,,Unclear website,Out of context
,,,,Unclear website,Out of context
,,,,Unclear website,Out of context
,,,,Unclear website,Out of context
,,,,Unclear website,Out of context
,,,,Unclear website,Out of context
,,,,Unclear website,Out of context
,,,,Unclear website,Out of context
,,,,Government / public institution,Out of context
,,,,Government / public institution,Out of context
,,,,Unclear website,Out of context
,,,,Government / public institution,Out of context
,,,,Government / public institution,Out of context
,,,,Unclear website,Out of context
,,,,Unclear website,Out of context
,,,,Unclear website,Out of context
,,,,International organization,Out of context
,,,,Government / public institution,Out of context
,,,,Unclear website,Out of context
,,,,Unclear website,Out of context
,,,,Journalistic source,Out of context
,,,,Unclear website,Out of context
,,,,Scientific source,Out of context
,,,,Unclear website,Out of context
,,,,Scientific source,Out of context
,,,,Scientific source,Out of context
,,,,Scientific source,Out of context
,,,,Government / public institution,Out of context
,,,,Unclear website,Out of context
,,,,International organization,Out of context
,,,,Unclear website,Out of context
,,,,Unclear website,Out of context
,,,,Unclear website,Out of context
,,,,Unclear website,Out of context
,,,,International organization,Out of context
,,,,International organization,Out of context
,,,,Government / public institution,Out of context
,,,,Unclear website,Out of context
,,,,Unclear website,Out of context
,,,,International organization,Out of context
,,,,Scientific source,Out of context
,,,,Government / public institution,Out of context
,,,,International organization,Out of context
,,,,Journalistic source,Partially relevant
,,,,Journalistic source,Relevant
,,,,Journalistic source,Partially relevant
,,,,Journalistic source,Relevant
,,,,Journalistic source,Partially relevant
,,,,Journalistic source,Partially relevant
,,,,Journalistic source,Relevant
,,,,Journalistic source,Out of context
,,,,Journalistic source,Out of context
,,,,Unclear website,Partially relevant
,,,,Journalistic source,Partially relevant
,,,,Unclear website,Out of context
,,,,Journalistic source,Out of context
,,,,Journalistic source,Partially relevant
,,,,Unclear website,Partially relevant
,,,,Journalistic source,Partially relevant
,,,,Journalistic source,Partially relevant
,,,,Government / public institution,Out of context
,,,,Government / public institution,Partially relevant
,,,,Unclear website,Out of context
,,,,Journalistic source,Partially relevant
,,,,Journalistic source,Out of context
,,,,Unclear website,Partially relevant
,,,,Unclear website,Out of context
,,,,Unclear website,Out of context
,,,,Unclear website,Out of context
,,,,Unclear website,Out of context
,,,,Unclear website,Out of context
,,,,Journalistic source,Out of context
,,,,Journalistic source,Out of context
,,,,Journalistic source,Partially relevant
,,,,Journalistic source,Partially relevant
,,,,Journalistic source,Out of context
,,,,Journalistic source,Partially relevant
,,,,Journalistic source,Out of context
,,,,Journalistic source,Out of context
,,,,Scientific source,Partially relevant
,,,,Journalistic source,Partially relevant
,,,,Journalistic source,Partially relevant
,,,,Journalistic source,Relevant
,,,,Journalistic source,Partially relevant
,,,,Journalistic source,Out of context
,,,,Journalistic source,Partially relevant
,,,,Journalistic source,Out of context
,,,,Journalistic source,Out of context
,,,,Journalistic source,Out of context
,,,,Unclear website,Out of context
,,,,Journalistic source,Partially relevant
,,,,Journalistic source,Partially relevant
,,,,Journalistic source,Out of context
,,,,Unclear website,Out of context
,,,,Intermediate media,Out of context
,,,,Intermediate media,Out of context
,,,,Unclear website,Out of context
,,,,Unclear website,Out of context
,,,,Scientific source,Out of context
,,,,Unclear website,Out of context
,,,,Unclear website,Out of context
,,,,Unclear website,Out of context
,,,,Intermediate media,Out of context
,,,,Unclear website,Out of context
,,,,Unclear website,Out of context
,,,,Unclear website,Out of context
,,,,Scientific source,Out of context
,,,,Scientific source,Out of context
,,,,Unclear website,Out of context
,,,,Unclear website,Out of context
,,,,Unclear website,Out of context
,,,,Unclear website,Out of context
,,,,Scientific source,Out of context
,,,,Unclear website,Out of context
,,,,Unclear website,Out of context
,,,,Intermediate media,Out of context
,,,,Journalistic source,Relevant
,,,,Journalistic source,Partially relevant
,,,,Journalistic source,Partially relevant
,,,,Journalistic source,Partially relevant
,,,,Unclear website,Partially relevant
,,,,Unclear website,Partially relevant
,,,,Unclear website,Partially relevant
,,,,Journalistic source,Partially relevant
,,,,Journalistic source,Partially relevant
,,,,Journalistic source,Out of context
,,,,Journalistic source,Partially relevant
,,,,Unclear website,Partially relevant
,,,,Journalistic source,Partially relevant
,,,,Unclear website,Partially relevant
,,,,Unclear website,Out of context
,,,,Journalistic source,Partially relevant
,,,,Journalistic source,Partially relevant
,,,,Unclear website,Partially relevant
,,,,Unclear website,Partially relevant
,,,,Unclear website,Partially relevant
,,,,Scientific source,Partially relevant
,,,,Government / public institution,Out of context
,,,,Government / public institution,Out of context
,,,,Unclear website,Out of context
,,,,Unclear website,Partially relevant
,,,,Unclear website,Out of context
,,,,Unclear website,Out of context
,,,,Journalistic source,Out of context
,,,,Journalistic source,Out of context
,,,,Unclear website,Out of context
,,,,Unclear website,Out of context
,,,,Unclear website,Out of context
,,,,Unclear website,Out of context
,,,,Unclear website,Out of context
,,,,Unclear website,Out of context
,,,,Government / public institution,Out of context
,,,,Unclear website,Out of context
,,,,Government / public institution,Out of context
,,,,Unclear website,Out of context
,,,,Unclear website,Out of context
,,,,Unclear website,Out of context
,,,,Unclear website,Out of context
,,,,Unclear website,Out of context
,,,,Unclear website,Out of context
,,,,Government / public institution,Out of context
,,,,Unclear website,Out of context
,,,,Government / public institution,Out of context
,,,,Unclear website,Out of context
,,,,Government / public institution,Out of context
,,,,Government / public institution,Out of context
,,,,Government / public institution,Out of context
,,,,Government / public institution,Out of context
,,,,Government / public institution,Out of context
,,,,Unclear website,Out of context
,,,,Unclear website,Partially relevant
,,,,Journalistic source,Relevant
,,,,Unclear website,Out of context
,,,,Government / public institution,Out of context
,,,,Government / public institution,Out of context
,,,,Unclear website,Out of context
,,,,Government / public institution,Out of context
,,,,Government / public institution,Out of context
,,,,Government / public institution,Out of context
,,,,Government / public institution,Out of context
,,,,Government / public institution,Out of context
,,,,Government / public institution,Out of context
,,,,Government / public institution,Out of context
,,,,Government / public institution,Out of context
,,,,Government / public institution,Out of context
,,,,Government / public institution,Out of context
,,,,Unclear website,Relevant
,,,,Unclear website,Partially relevant
,,,,Unclear website,Out of context
,,,,Government / public institution,Out of context
,,,,Unclear website,Cannot determine
,,,,Government / public institution,Out of context
,,,,Government / public institution,Out of context
,,,,Government / public institution,Out of context
,,,,Government / public institution,Out of context
,,,,Government / public institution,Out of context
,,,,Government / public institution,Out of context
,,,,Government / public institution,Out of context
,,,,Journalistic source,Partially relevant
,,,,Scientific source,Out of context
,,,,Scientific source,Out of context
,,,,Government / public institution,Out of context
,,,,Government / public institution,Partially relevant
,,,,Government / public institution,Out of context
,,,,Government / public institution,Out of context
,,,,Journalistic source,Out of context
,,,,Unclear website,Out of context
,,,,Scientific source,Partially relevant
,,,,Scientific source,Partially relevant
,,,,Scientific source,Partially relevant
,,,,Unclear website,Partially relevant
,,,,Unclear website,Out of context
,,,,Journalistic source,Partially relevant
,,,,Unclear website,Partially relevant
,,,,Unclear website,Out of context
,,,,Government / public institution,Out of context
,,,,Unclear website,Out of context
,,,,Unclear website,Out of context
,,,,Unclear website,Partially relevant
,,,,Unclear website,Partially relevant
,,,,Scientific source,Partially relevant
,,,,Scientific source,Partially relevant
,,,,Unclear website,Out of context
,,,,Scientific source,Out of context
,,,,Scientific source,Out of context
,,,,Government / public institution,Out of context
,,,,Unclear website,Out of context
,,,,Government / public institution,Out of context
,,,,Government / public institution,Out of context
,,,,Government / public institution,Out of context
,,,,Unclear website,Out of context
,,,,Scientific source,Out of context
,,,,Scientific source,Partially relevant
,,,,Government / public institution,Out of context
,,,,Government / public institution,Out of context
,,,,Government / public institution,Out of context
,,,,Government / public institution,Out of context
,,,,Government / public institution,Out of context
,,,,International organization,Out of context
,,,,International organization,Out of context
,,,,International organization,Out of context
,,,,Unclear website,Out of context
,,,,Unclear website,Out of context
,,,,Unclear website,Out of context
,,,,Unclear website,Out of context
,,,,Government / public institution,Out of context
,,,,International organization,Out of context
,,,,Unclear website,Out of context
,,,,Unclear website,Out of context
,,,,Unclear website,Out of context
,,,,Unclear website,Out of context
,,,,Unclear website,Out of context
,,,,Unclear website,Out of context
,,,,Unclear website,Out of context
,,,,Government / public institution,Out of context
,,,,Unclear website,Out of context
,,,,Government / public institution,Out of context
,,,,Unclear website,Out of context
,,,,Unclear website,Partially relevant
,,,,Government / public institution,Out of context
,,,,Unclear website,Out of context
,,,,Unclear website,Out of context
,,,,Unclear website,Out of context
,,,,Government / public institution,Out of context
,,,,Unclear website,Out of context
,,,,Journalistic source,Partially relevant
,,,,Unclear website,Out of context
,,,,Government / public institution,Out of context
,,,,Unclear website,Out of context
,,,,Unclear website,Out of context
,,,,Journalistic source,Relevant
,,,,Unclear website,Out of context
,,,,Unclear website,Out of context
,,,,Government / public institution,Out of context
,,,,Government / public institution,Out of context
,,,,Government / public institution,Out of context
,,,,Government / public institution,Out of context
,,,,Government / public institution,Out of context
,,,,Unclear website,Out of context
,,,,Unclear website,Out of context
,,,,Unclear website,Out of context
,,,,Unclear website,Out of context
,,,,Unclear website,Out of context
,,,,Government / public institution,Out of context
,,,,Scientific source,Out of context
,,,,Unclear website,Out of context
,,,,Unclear website,Out of context
,,,,Unclear website,Out of context
,,,,Scientific source,Out of context
,,,,Government / public institution,Out of context
,,,,Unclear website,Out of context
,,,,Unclear website,Out of context
,,,,Unclear website,Out of context
,,,,Unclear website,Out of context
,,,,Unclear website,Out of context
,,,,Unclear website,Out of context
,,,,Government / public institution,Out of context
,,,,Unclear website,Out of context
,,,,Unclear website,Out of context
,,,,Government / public institution,Partially relevant
,,,,Unclear website,Out of context
,,,,Unclear website,Out of context
,,,,Unclear website,Out of context
,,,,Government / public institution,Out of context
,,,,Unclear website,Out of context
,,,,Unclear website,Out of context
,,,,Government / public institution,Out of context
,,,,Government / public institution,Out of context
,,,,Government / public institution,Out of context
,,,,Unclear website,Partially relevant
,,,,Government / public institution,Partially relevant
,,,,Government / public institution,Out of context
,,,,Government / public institution,Out of context
,,,,Government / public institution,Out of context
,,,,Unclear website,Out of context
,,,,Government / public institution,Out of context
,,,,Unclear website,Out of context
,,,,Government / public institution,Out of context
,,,,Government / public institution,Out of context
,,,,Unclear website,Out of context
,,,,Government / public institution,Out of context
,,,,Government / public institution,Partially relevant
,,,,Government / public institution,Out of context
,,,,Unclear website,Out of context
,,,,Scientific source,Out of context
,,,,Unclear website,Out of context
,,,,Unclear website,Out of context
,,,,Scientific source,Out of context
,,,,Unclear website,Out of context
,,,,Unclear website,Out of context
,,,,Unclear website,Out of context
,,,,Unclear website,Out of context
,,,,Scientific source,Out of context
,,,,Intermediate media,Out of context
,,,,Unclear website,Out of context
,,,,Unclear website,Out of context
,,,,Unclear website,Out of context
,,,,Intermediate media,Out of context
,,,,Unclear website,Out of context
,,,,Unclear website,Out of context
,,,,Unclear website,Out of context
,,,,Unclear website,Out of context
,,,,Scientific source,Out of context
,,,,Unclear website,Out of context
,,,,Unclear website,Out of context
,,,,Government / public institution,Out of context
,,,,Government / public institution,Out of context
,,,,Government / public institution,Out of context
,,,,Government / public institution,Out of context
,,,,Government / public institution,Out of context
,,,,Government / public institution,Partially relevant
,,,,Unclear website,Out of context
,,,,Unclear website,Out of context
,,,,Government / public institution,Out of context
,,,,Government / public institution,Out of context
,,,,Scientific source,Out of context
,,,,Unclear website,Partially relevant
,,,,Unclear website,Partially relevant
,,,,Unclear website,Partially relevant
,,,,Unclear website,Out of context
,,,,Government / public institution,Out of context
,,,,Government / public institution,Out of context
,,,,Government / public institution,Out of context
,,,,Unclear website,Out of context
,,,,Government / public institution,Out of context
,,,,Government / public institution,Out of context
,,,,Government / public institution,Out of context
,,,,Government / public institution,Out of context
,,,,Unclear website,Out of context
,,,,Unclear website,Partially relevant
,,,,International organization,Out of context
,,,,Unclear website,Out of context
,,,,Government / public institution,Out of context
,,,,International organization,Out of context
,,,,International organization,Out of context
,,,,International organization,Out of context
,,,,Unclear website,Out of context
,,,,Scientific source,Out of context
,,,,Government / public institution,Partially relevant
,,,,Unclear website,Out of context
,,,,Unclear website,Out of context
,,,,Unclear website,Out of context
,,,,Scientific source,Out of context
,,,,International organization,Out of context
,,,,Government / public institution,Out of context
,,,,International organization,Out of context
,,,,Unclear website,Partially relevant
,,,,International organization,Partially relevant
,,,,Unclear website,Partially relevant
,,,,International organization,Out of context
,,,,Unclear website,Partially relevant
,,,,Unclear website,Partially relevant
,,,,Unclear website,Partially relevant
,,,,Government / public institution,Partially relevant
,,,,Unclear website,Out of context
,,,,Unclear website,Partially relevant
,,,,International organization,Partially relevant
,,,,Journalistic source,Partially relevant
,,,,Journalistic source,Partially relevant
,,,,Unclear website,Partially relevant
,,,,Unclear website,Partially relevant
,,,,Journalistic source,Partially relevant
,,,,Journalistic source,Out of context
,,,,Journalistic source,Partially relevant
,,,,Unclear website,Out of context
,,,,Unclear website,Out of context
,,,,Unclear website,Out of context
,,,,Journalistic source,Relevant
,,,,Journalistic source,Partially relevant
,,,,Journalistic source,Out of context
,,,,Unclear website,Relevant
,,,,Journalistic source,Partially relevant
,,,,Journalistic source,Partially relevant
,,,,Journalistic source,Partially relevant
,,,,Unclear website,Out of context
,,,,Unclear website,Out of context
,,,,Government / public institution,Partially relevant
,,,,Government / public institution,Out of context
,,,,Unclear website,Partially relevant
,,,,Intermediate media,Out of context
,,,,Unclear website,Out of context
,,,,Journalistic source,Out of context
,,,,Unclear website,Out of context
,,,,Scientific source,Out of context
,,,,Unclear website,Out of context
,,,,Scientific source,Out of context
,,,,International organization,Out of context
,,,,Scientific source,Out of context
,,,,Unclear website,Out of context
,,,,Unclear website,Out of context
,,,,Scientific source,Out of context
,,,,Unclear website,Out of context
,,,,Unclear website,Out of context
,,,,Unclear website,Out of context
,,,,Unclear website,Out of context
,,,,Unclear website,Out of context
,,,,Unclear website,Out of context
,,,,Scientific source,Out of context
,,,,Scientific source,Out of context
,,,,Unclear website,Out of context
,,,,Unclear website,Out of context
,,,,Unclear website,Out of context
,,,,Unclear website,Out of context
,,,,Journalistic source,Relevant
,,,,Journalistic source,Relevant
,,,,Government / public institution,Partially relevant
,,,,Journalistic source,Relevant
,,,,Journalistic source,Relevant
,,,,Journalistic source,Relevant
,,,,Journalistic source,Relevant
,,,,Journalistic source,Relevant
,,,,Unclear website,Relevant
,,,,Government / public institution,Relevant
,,,,Unclear website,Relevant
,,,,Unclear website,Relevant
,,,,Unclear website,Relevant
,,,,Unclear website,Relevant
,,,,Scientific source,Relevant
,,,,Unclear website,Relevant
,,,,Unclear website,Relevant
,,,,Government / public institution,Relevant
,,,,Unclear website,Relevant
,,,,Unclear website,Out of context
,,,,International organization,Partially relevant
,,,,Unclear website,Partially relevant
,,,,Government / public institution,Partially relevant
,,,,Government / public institution,Out of context
,,,,Unclear website,Partially relevant
,,,,Unclear website,Out of context
,,,,Government / public institution,Out of context
,,,,Unclear website,Out of context
,,,,Unclear website,Out of context
,,,,Unclear website,Out of context
,,,,Unclear website,Partially relevant
,,,,Unclear website,Out of context
,,,,Government / public institution,Out of context
,,,,Unclear website,Out of context
,,,,Unclear website,Out of context
,,,,Unclear website,Out of context
,,,,Unclear website,Out of context
,,,,Government / public institution,Partially relevant
,,,,Unclear website,Out of context
,,,,Unclear website,Out of context
,,,,Government / public institution,Out of context
,,,,Unclear website,Partially relevant
,,,,Government / public institution,Out of context
,,,,Unclear website,Out of context
,,,,Unclear website,Out of context
,,,,Unclear website,Partially relevant
,,,,Journalistic source,Relevant
,,,,Journalistic source,Relevant
,,,,Journalistic source,Partially relevant
,,,,Journalistic source,Partially relevant
,,,,Unclear website,Partially relevant
,,,,Journalistic source,Relevant
,,,,Journalistic source,Relevant
,,,,Unclear website,Partially relevant
,,,,Journalistic source,Relevant
,,,,Unclear website,Relevant
,,,,Journalistic source,Relevant
,,,,Unclear website,Relevant
,,,,Unclear website,Partially relevant
,,,,Journalistic source,Partially relevant
,,,,Journalistic source,Relevant
,,,,Unclear website,Relevant
,,,,Unclear website,Relevant
,,,,Journalistic source,Partially relevant
,,,,Government / public institution,Partially relevant
,,,,Journalistic source,Partially relevant
,,,,Journalistic source,Partially relevant
,,,,Journalistic source,Partially relevant
,,,,Journalistic source,Partially relevant
,,,,Journalistic source,Partially relevant
,,,,Unclear website,Partially relevant
,,,,Journalistic source,Partially relevant
,,,,Journalistic source,Relevant
,,,,Journalistic source,Partially relevant
,,,,Journalistic source,Partially relevant
,,,,Journalistic source,Out of context
,,,,Unclear website,Relevant
,,,,Unclear website,Relevant
,,,,Unclear website,Partially relevant
,,,,Unclear website,Relevant
,,,,Unclear website,Partially relevant
,,,,Unclear website,Out of context
,,,,Unclear website,Partially relevant
,,,,Journalistic source,Relevant
,,,,Unclear website,Partially relevant
,,,,Unclear website,Relevant
,,,,Unclear website,Out of context
,,,,Unclear website,Cannot determine
,,,,Unclear website,Cannot determine
,,,,Unclear website,Cannot determine
,,,,Unclear website,Cannot determine
,,,,Unclear website,Cannot determine
,,,,Government / public institution,Out of context
,,,,Journalistic source,Out of context
,,,,Unclear website,Out of context
,,,,Unclear website,Out of context
,,,,Unclear website,Out of context
,,,,Unclear website,Out of context
,,,,Government / public institution,Out of context
,,,,Journalistic source,Out of context
,,,,Journalistic source,Out of context
,,,,Journalistic source,Partially relevant
,,,,Unclear website,Out of context
,,,,Journalistic source,Relevant
,,,,Journalistic source,Partially relevant
,,,,Scientific source,Out of context
,,,,Government / public institution,Out of context
,,,,Government / public institution,Out of context
,,,,Unclear website,Out of context
,,,,Government / public institution,Out of context
,,,,Government / public institution,Out of context
,,,,Government / public institution,Partially relevant
,,,,Scientific source,Out of context
,,,,Scientific source,Out of context
,,,,Journalistic source,Out of context
,,,,Journalistic source,Partially relevant
,,,,Journalistic source,Partially relevant
,,,,Journalistic source,Out of context
,,,,Unclear website,Out of context
,,,,Unclear website,Out of context
,,,,Intermediate media,Out of context
,,,,Unclear website,Out of context
,,,,Government / public institution,Out of context
,,,,Journalistic source,Out of context
,,,,Unclear website,Out of context
,,,,Unclear website,Out of context
,,,,Unclear website,Out of context
,,,,Scientific source,Out of context
,,,,Unclear website,Out of context
,,,,Unclear website,Out of context
,,,,Unclear website,Out of context
,,,,Unclear website,Out of context
,,,,Unclear website,Out of context
,,,,Unclear website,Out of context
,,,,Unclear website,Relevant
,,,,Unclear website,Partially relevant
,,,,Journalistic source,Partially relevant
,,,,Journalistic source,Out of context
,,,,Government / public institution,Out of context
,,,,Unclear website,Out of context
,,,,Government / public institution,Partially relevant
,,,,Government / public institution,Out of context
,,,,Journalistic source,Out of context
,,,,Journalistic source,Relevant
,,,,Unclear website,Out of context
,,,,Unclear website,Out of context
,,,,Unclear website,Out of context
,,,,Unclear website,Out of context
,,,,Government / public institution,Out of context
,,,,Unclear website,Partially relevant
,,,,Unclear website,Partially relevant
,,,,Unclear website,Out of context
,,,,Government / public institution,Out of context
,,,,Government / public institution,Out of context
,,,,Unclear website,Out of context
,,,,Government / public institution,Out of context
,,,,Government / public institution,Out of context
,,,,Government / public institution,Out of context
,,,,Unclear website,Partially relevant
,,,,Government / public institution,Out of context
,,,,Unclear website,Out of context
,,,,Government / public institution,Out of context
,,,,Unclear website,Partially relevant
,,,,Unclear website,Out of context
,,,,Unclear website,Out of context
,,,,Unclear website,Out of context
,,,,Unclear website,Out of context
,,,,Intermediate media,Out of context
,,,,Unclear website,Partially relevant
,,,,Unclear website,Out of context
,,,,Unclear website,Out of context
,,,,Unclear website,Out of context
,,,,Scientific source,Out of context
,,,,Unclear website,Out of context
,,,,Scientific source,Out of context
,,,,Scientific source,Out of context
,,,,Unclear website,Out of context
,,,,Unclear website,Out of context
,,,,Government / public institution,Out of context
,,,,Scientific source,Out of context
,,,,Unclear website,Out of context
,,,,Journalistic source,Partially relevant
,,,,Unclear website,Out of context
,,,,Journalistic source,Out of context
,,,,Unclear website,Out of context
,,,,Journalistic source,Relevant
,,,,Journalistic source,Partially relevant
,,,,Unclear website,Partially relevant
,,,,Government / public institution,Partially relevant
,,,,Intermediate media,Relevant
,,,,Unclear website,Out of context
,,,,Journalistic source,Out of context
,,,,Journalistic source,Partially relevant
,,,,Unclear website,Out of context
,,,,Unclear website,Partially relevant
,,,,Unclear website,Out of context
,,,,Journalistic source,Out of context
,,,,Journalistic source,Out of context
,,,,Unclear website,Partially relevant
,,,,Journalistic source,Partially relevant
,,,,Unclear website,Out of context
,,,,Unclear website,Partially relevant
,,,,Unclear website,Partially relevant
,,,,Unclear website,Partially relevant
,,,,Unclear website,Partially relevant
,,,,Unclear website,Out of context
,,,,Unclear website,Out of context
,,,,Unclear website,Out of context
,,,,Unclear website,Out of context
,,,,Unclear website,Partially relevant
,,,,Unclear website,Out of context
,,,,Unclear website,Partially relevant
,,,,Journalistic source,Partially relevant
,,,,Journalistic source,Partially relevant
,,,,Journalistic source,Relevant
,,,,Journalistic source,Relevant
,,,,Unclear website,Partially relevant
,,,,Unclear website,Relevant
,,,,Journalistic source,Relevant
,,,,Unclear website,Relevant
,,,,Unclear website,Relevant
,,,,Journalistic source,Relevant
,,,,Journalistic source,Relevant
,,,,Journalistic source,Relevant
,,,,Journalistic source,Relevant
,,,,Journalistic source,Relevant
,,,,Unclear website,Relevant
,,,,Government / public institution,Relevant
,,,,Journalistic source,Relevant
,,,,Intermediate media,Out of context
,,,,Unclear website,Out of context
,,,,Unclear website,Out of context
,,,,Scientific source,Out of context
,,,,Unclear website,Partially relevant
,,,,Journalistic source,Partially relevant
,,,,Government / public institution,Out of context
,,,,Journalistic source,Out of context
,,,,Journalistic source,Partially relevant
,,,,Journalistic source,Partially relevant
,,,,Scientific source,Partially relevant
,,,,Journalistic source,Partially relevant
,,,,Journalistic source,Out of context
,,,,Unclear website,Out of context
,,,,Journalistic source,Out of context
,,,,Unclear website,Out of context
,,,,Journalistic source,Out of context
,,,,Unclear website,Out of context
,,,,Intermediate media,Out of context
,,,,Journalistic source,Out of context
,,,,Journalistic source,Out of context
,,,,Journalistic source,Partially relevant
,,,,Intermediate media,Partially relevant
,,,,Journalistic source,Out of context
,,,,Government / public institution,Out of context
,,,,Unclear website,Out of context
,,,,Unclear website,Partially relevant
,,,,Unclear website,Partially relevant
,,,,Unclear website,Out of context
,,,,Journalistic source,Out of context
,,,,Unclear website,Out of context
,,,,Unclear website,Out of context
,,,,Journalistic source,Out of context
,,,,Journalistic source,Out of context
,,,,Journalistic source,Out of context
,,,,Journalistic source,Out of context
,,,,Unclear website,Out of context
,,,,Unclear website,Out of context
,,,,Journalistic source,Out of context
,,,,Unclear website,Out of context
,,,,Unclear website,Out of context
,,,,Unclear website,Out of context
,,,,Scientific source,Out of context
,,,,Scientific source,Out of context
,,,,Scientific source,Out of context
,,,,Unclear website,Out of context
,,,,Government / public institution,Out of context
,,,,Unclear website,Out of context
,,,,Unclear website,Out of context
,,,,Unclear website,Out of context
,,,,Unclear website,Out of context
,,,,Unclear website,Out of context
,,,,Unclear website,Out of context
,,,,Unclear website,Out of context
,,,,Unclear website,Out of context
,,,,Unclear website,Out of context
,,,,Unclear website,Out of context
,,,,Unclear website,Relevant
,,,,Journalistic source,Partially relevant
,,,,Journalistic source,Partially relevant
,,,,Government / public institution,Out of context
,,,,Journalistic source,Partially relevant
,,,,Journalistic source,Partially relevant
,,,,Journalistic source,Out of context
,,,,Journalistic source,Partially relevant
,,,,Journalistic source,Partially relevant
,,,,Journalistic source,Partially relevant
,,,,Journalistic source,Relevant
,,,,Unclear website,Partially relevant
,,,,Journalistic source,Relevant
,,,,Journalistic source,Partially relevant
,,,,Journalistic source,Relevant
,,,,Journalistic source,Partially relevant
,,,,Journalistic source,Partially relevant
,,,,Unclear website,Partially relevant
,,,,Unclear website,Relevant
,,,,Scientific source,Partially relevant
,,,,Journalistic source,Partially relevant
,,,,Government / public institution,Out of context
,,,,Government / public institution,Out of context
,,,,Government / public institution,Out of context
,,,,Government / public institution,Out of context
,,,,Unclear website,Out of context
,,,,Scientific source,Out of context
,,,,Intermediate media,Out of context
,,,,Intermediate media,Partially relevant
,,,,Government / public institution,Out of context
,,,,Journalistic source,Partially relevant
,,,,Unclear website,Out of context
,,,,Unclear website,Out of context
,,,,Unclear website,Out of context
,,,,Unclear website,Out of context
,,,,Unclear website,Out of context
,,,,Unclear website,Out of context
,,,,Unclear website,Out of context
,,,,Scientific source,Out of context
,,,,Unclear website,Partially relevant
,,,,Social media,Out of context
,,,,Unclear website,Out of context
,,,,International organization,Out of context
,,,,Journalistic source,Partially relevant
,,,,Journalistic source,Out of context
,,,,Unclear website,Relevant
,,,,Journalistic source,Partially relevant
,,,,Journalistic source,Partially relevant
,,,,Unclear website,Out of context
,,,,Scientific source,Out of context
,,,,Unclear website,Partially relevant
,,,,Intermediate media,Relevant
,,,,Unclear website,Out of context
,,,,Unclear website,Relevant
,,,,Intermediate media,Out of context
,,,,Intermediate media,Out of context
,,,,Intermediate media,Out of context
,,,,Journalistic source,Out of context
,,,,Unclear website,Out of context
,,,,Unclear website,Out of context
,,,,Journalistic source,Out of context
,,,,Journalistic source,Out of context
,,,,Unclear website,Out of context
,,,,Unclear website,Out of context
,,,,Unclear website,Partially relevant
,,,,Unclear website,Out of context
,,,,Unclear website,Out of context
,,,,International organization,Out of context
,,,,Journalistic source,Partially relevant
,,,,Unclear website,Out of context
,,,,Unclear website,Out of context
,,,,Unclear website,Out of context
,,,,Unclear website,Out of context
,,,,Unclear website,Out of context
,,,,Unclear website,Out of context
,,,,Unclear website,Out of context
,,,,Scientific source,Out of context
,,,,Journalistic source,Partially relevant
,,,,Journalistic source,Out of context
,,,,Journalistic source,Partially relevant
,,,,Journalistic source,Partially relevant
,,,,Journalistic source,Partially relevant
,,,,Journalistic source,Out of context
,,,,Unclear website,Relevant
,,,,Journalistic source,Partially relevant
,,,,Journalistic source,Relevant
,,,,Unclear website,Partially relevant
,,,,Unclear website,Out of context
,,,,Journalistic source,Partially relevant
,,,,Journalistic source,Relevant
,,,,Government / public institution,Partially relevant
,,,,Government / public institution,Out of context
,,,,Government / public institution,Partially relevant
,,,,Journalistic source,Out of context
,,,,Journalistic source,Partially relevant
,,,,Government / public institution,Out of context
,,,,Government / public institution,Partially relevant
,,,,Government / public institution,Out of context
,,,,Unclear website,Out of context
,,,,Government / public institution,Out of context
,,,,Government / public institution,Out of context
,,,,Government / public institution,Out of context
,,,,Government / public institution,Out of context
,,,,Journalistic source,Partially relevant
,,,,Government / public institution,Out of context
,,,,Unclear website,Partially relevant
,,,,Unclear website,Out of context
,,,,Unclear website,Out of context
,,,,Unclear website,Out of context
,,,,Unclear website,Partially relevant
,,,,International organization,Out of context
,,,,International organization,Out of context
,,,,Government / public institution,Out of context
,,,,Unclear website,Out of context
,,,,Unclear website,Out of context
,,,,International organization,Out of context
,,,,International organization,Out of context
,,,,Unclear website,Out of context
,,,,Government / public institution,Out of context
,,,,Unclear website,Out of context
,,,,Unclear website,Out of context
,,,,Unclear website,Out of context
,,,,Government / public institution,Out of context
,,,,Unclear website,Out of context
,,,,International organization,Out of context
,,,,International organization,Out of context
,,,,Unclear website,Out of context
,,,,International organization,Out of context
,,,,Unclear website,Out of context
,,,,Government / public institution,Out of context
,,,,Government / public institution,Partially relevant
,,,,Government / public institution,Out of context
,,,,Government / public institution,Out of context
,,,,Unclear website,Partially relevant
,,,,Journalistic source,Out of context
,,,,Journalistic source,Out of context
,,,,Journalistic source,Partially relevant
,,,,Government / public institution,Out of context
,,,,Government / public institution,Out of context
,,,,Unclear website,Relevant
,,,,Journalistic source,Out of context
,,,,Government / public institution,Out of context
,,,,Journalistic source,Partially relevant
,,,,Unclear website,Out of context
,,,,Government / public institution,Partially relevant
,,,,Government / public institution,Out of context
,,,,Government / public institution,Out of context
,,,,Government / public institution,Out of context
,,,,Government / public institution,Out of context
,,,,Journalistic source,Partially relevant
,,,,Unclear website,Out of context
,,,,Government / public institution,Out of context
,,,,Government / public institution,Out of context
,,,,Unclear website,Out of context
,,,,Unclear website,Partially relevant
,,,,Journalistic source,Out of context
,,,,Unclear website,Partially relevant
,,,,International organization,Partially relevant
,,,,Scientific source,Out of context
,,,,International organization,Out of context
,,,,Unclear website,Out of context
,,,,Unclear website,Partially relevant
,,,,Scientific source,Out of context
,,,,Unclear website,Out of context
,,,,Scientific source,Out of context
,,,,Unclear website,Out of context
,,,,Scientific source,Out of context
,,,,International organization,Out of context
,,,,Unclear website,Out of context
,,,,Unclear website,Out of context
,,,,International organization,Out of context
,,,,International organization,Out of context
,,,,Unclear website,Out of context
,,,,Journalistic source,Partially relevant
,,,,Government / public institution,Out of context
,,,,Government / public institution,Out of context
,,,,Journalistic source,Partially relevant
,,,,Journalistic source,Out of context
,,,,Journalistic source,Relevant
,,,,Journalistic source,Out of context
,,,,Journalistic source,Partially relevant
,,,,Journalistic source,Relevant
,,,,Journalistic source,Partially relevant
,,,,Journalistic source,Partially relevant
,,,,Journalistic source,Partially relevant
,,,,Unclear website,Out of context
,,,,Unclear website,Relevant
,,,,Unclear website,Partially relevant
,,,,Government / public institution,Out of context
,,,,Unclear website,Partially relevant
,,,,Government / public institution,Out of context
,,,,Unclear website,Relevant
,,,,Government / public institution,Out of context
,,,,Scientific source,Partially relevant
,,,,Scientific source,Out of context
,,,,Unclear website,Out of context
,,,,Unclear website,Out of context
,,,,Unclear website,Out of context
,,,,Journalistic source,Out of context
,,,,Unclear website,Out of context
,,,,Unclear website,Out of context
,,,,Government / public institution,Out of context
,,,,Scientific source,Partially relevant
,,,,Unclear website,Relevant
,,,,Unclear website,Out of context
,,,,Unclear website,Out of context
,,,,Government / public institution,Partially relevant
,,,,Unclear website,Relevant
,,,,Unclear website,Relevant
,,,,Government / public institution,Partially relevant
,,,,Scientific source,Partially relevant
,,,,Unclear website,Out of context
,,,,Unclear website,Partially relevant
,,,,Unclear website,Out of context
,,,,Scientific source,Out of context
,,,,Government / public institution,Out of context
,,,,Government / public institution,Out of context
,,,,Government / public institution,Out of context
,,,,Government / public institution,Out of context
,,,,Government / public institution,Out of context
,,,,Government / public institution,Out of context
,,,,Government / public institution,Out of context
,,,,Government / public institution,Out of context
,,,,Government / public institution,Out of context
,,,,Unclear website,Out of context
,,,,Government / public institution,Out of context
,,,,Government / public institution,Out of context
,,,,Government / public institution,Out of context
,,,,Government / public institution,Out of context
,,,,Government / public institution,Out of context
,,,,Government / public institution,Out of context
,,,,Unclear website,Out of context
,,,,Government / public institution,Out of context
,,,,Unclear website,Out of context
,,,,Scientific source,Partially relevant
,,,,Government / public institution,Out of context
,,,,Unclear website,Out of context
,,,,Unclear website,Out of context
,,,,Government / public institution,Out of context
,,,,Unclear website,Out of context
,,,,Unclear website,Out of context
,,,,Government / public institution,Out of context
,,,,Unclear website,Out of context
,,,,Unclear website,Out of context
,,,,Government / public institution,Out of context
,,,,Unclear website,Out of context
,,,,Unclear website,Out of context
,,,,Unclear website,Out of context
,,,,Unclear website,Out of context
,,,,Unclear website,Out of context
,,,,Journalistic source,Out of context
,,,,Government / public institution,Out of context
,,,,Unclear website,Out of context
,,,,Government / public institution,Out of context
,,,,International organization,Out of context
,,,,Unclear website,Out of context
,,,,International organization,Partially relevant
,,,,Journalistic source,Out of context
,,,,Journalistic source,Out of context
,,,,Unclear website,Relevant
,,,,Journalistic source,Relevant
,,,,Unclear website,Out of context
,,,,Unclear website,Out of context
,,,,Unclear website,Out of context
,,,,Unclear website,Relevant
,,,,Unclear website,Partially relevant
,,,,Unclear website,Relevant
,,,,Unclear website,Out of context
,,,,Unclear website,Partially relevant
,,,,International organization,Partially relevant
,,,,International organization,Partially relevant
,,,,Unclear website,Out of context
,,,,Unclear website,Out of context
,,,,Unclear website,Out of context
,,,,International organization,Out of context
,,,,International organization,Partially relevant
,,,,Unclear website,Out of context
,,,,Unclear website,Partially relevant
,,,,Government / public institution,Out of context
,,,,Unclear website,Partially relevant
,,,,Unclear website,Out of context
,,,,Unclear website,Out of context
,,,,International organization,Out of context
,,,,Government / public institution,Out of context
,,,,Unclear website,Out of context
,,,,Government / public institution,Out of context
,,,,International organization,Out of context
,,,,Unclear website,Out of context
,,,,Unclear website,Out of context
,,,,Unclear website,Out of context
,,,,Unclear website,Partially relevant
,,,,Unclear website,Out of context
,,,,Unclear website,Out of context
,,,,Unclear website,Out of context
,,,,Scientific source,Out of context
,,,,Unclear website,Out of context
,,,,Unclear website,Out of context
,,,,Unclear website,Out of context
,,,,Unclear website,Partially relevant
,,,,Unclear website,Out of context
,,,,International organization,Out of context
,,,,Unclear website,Out of context
,,,,Unclear website,Out of context
,,,,Unclear website,Out of context
,,,,Unclear website,Out of context
,,,,Unclear website,Out of context
,,,,International organization,Out of context
,,,,Journalistic source,Partially relevant
,,,,Journalistic source,Out of context
,,,,Unclear website,Out of context
,,,,Scientific source,Partially relevant
,,,,Unclear website,Out of context
,,,,Unclear website,Out of context
,,,,Government / public institution,Out of context
,,,,Government / public institution,Out of context
,,,,Government / public institution,Out of context
,,,,Government / public institution,Out of context
,,,,Government / public institution,Out of context
,,,,Government / public institution,Out of context
,,,,Government / public institution,Out of context
,,,,Government / public institution,Out of context
,,,,Government / public institution,Out of context
,,,,Government / public institution,Out of context
,,,,Government / public institution,Out of context
,,,,Government / public institution,Out of context
,,,,Government / public institution,Out of context
,,,,Unclear website,Out of context
,,,,Government / public institution,Out of context
,,,,Government / public institution,Out of context
,,,,Government / public institution,Out of context
,,,,Unclear website,Out of context
,,,,Unclear website,Out of context
,,,,Unclear website,Out of context
,,,,Government / public institution,Out of context
,,,,Government / public institution,Out of context
,,,,Unclear website,Out of context
,,,,Scientific source,Out of context
,,,,Journalistic source,Out of context
,,,,Unclear website,Out of context
,,,,Unclear website,Out of context
,,,,Intermediate media,Partially relevant
,,,,Unclear website,Out of context
,,,,Unclear website,Out of context
,,,,Unclear website,Out of context
,,,,Unclear website,Out of context
,,,,Unclear website,Out of context
,,,,Journalistic source,Out of context
,,,,Unclear website,Out of context
,,,,Unclear website,Out of context
,,,,Unclear website,Partially relevant
,,,,Unclear website,Out of context
,,,,Unclear website,Out of context
,,,,Unclear website,Out of context
,,,,Unclear website,Out of context
,,,,International organization,Out of context
,,,,Unclear website,Out of context
,,,,Unclear website,Out of context
,,,,Unclear website,Out of context
,,,,Unclear website,Out of context
,,,,Unclear website,Out of context
,,,,Unclear website,Out of context
,,,,Unclear website,Out of context
,,,,Unclear website,Out of context
,,,,Unclear website,Out of context
,,,,International organization,Out of context
,,,,Unclear website,Out of context
,,,,Unclear website,Out of context
,,,,Unclear website,Out of context
,,,,Unclear website,Out of context
,,,,Unclear website,Out of context
,,,,Government / public institution,Out of context
,,,,Unclear website,Relevant
,,,,Journalistic source,Out of context
,,,,Unclear website,Out of context
,,,,Journalistic source,Out of context
,,,,Unclear website,Out of context
,,,,Government / public institution,Relevant
,,,,Government / public institution,Partially relevant
,,,,Government / public institution,Partially relevant
,,,,Unclear website,Out of context
,,,,Government / public institution,Out of context
,,,,Government / public institution,Relevant
,,,,Government / public institution,Out of context
,,,,Government / public institution,Out of context
,,,,Government / public institution,Partially relevant
,,,,Government / public institution,Out of context
,,,,Government / public institution,Out of context
,,,,Unclear website,Out of context
,,,,Government / public institution,Out of context
,,,,Government / public institution,Partially relevant
,,,,Journalistic source,Out of context
,,,,Unclear website,Out of context
,,,,Intermediate media,Out of context
,,,,Unclear website,Out of context
,,,,Unclear website,Out of context
,,,,Unclear website,Out of context
,,,,Government / public institution,Out of context
,,,,Unclear website,Out of context
,,,,Government / public institution,Out of context
,,,,Unclear website,Out of context
,,,,Government / public institution,Out of context
,,,,Government / public institution,Out of context
,,,,Unclear website,Out of context
,,,,Unclear website,Out of context
,,,,Journalistic source,Out of context
,,,,Unclear website,Out of context
,,,,Unclear website,Out of context
,,,,Unclear website,Out of context
,,,,Government / public institution,Out of context
,,,,Scientific source,Out of context
,,,,Scientific source,Out of context
,,,,Scientific source,Out of context
,,,,Scientific source,Out of context
,,,,Unclear website,Out of context
,,,,Unclear website,Out of context
,,,,Unclear website,Partially relevant
,,,,Unclear website,Out of context
,,,,Unclear website,Out of context
,,,,Unclear website,Out of context
,,,,Unclear website,Out of context
,,,,Unclear website,Out of context
,,,,Unclear website,Out of context
,,,,Scientific source,Out of context
,,,,Government / public institution,Out of context
,,,,Government / public institution,Out of context
,,,,Government / public institution,Partially relevant
,,,,Government / public institution,Out of context
,,,,Unclear website,Out of context
,,,,Government / public institution,Relevant
,,,,Government / public institution,Out of context
,,,,Government / public institution,Out of context
,,,,Government / public institution,Out of context
,,,,Government / public institution,Out of context
,,,,Government / public institution,Out of context
,,,,Government / public institution,Out of context
,,,,Government / public institution,Out of context
,,,,Government / public institution,Out of context
,,,,Unclear website,Out of context
,,,,Unclear website,Partially relevant
,,,,Scientific source,Out of context
,,,,Unclear website,Out of context
,,,,Unclear website,Out of context
,,,,Government / public institution,Out of context
,,,,Unclear website,Partially relevant
,,,,Unclear website,Partially relevant
,,,,Scientific source,Partially relevant
,,,,Intermediate media,Out of context
,,,,Intermediate media,Out of context
,,,,Intermediate media,Out of context
,,,,Intermediate media,Out of context
,,,,Unclear website,Out of context
,,,,Government / public institution,Out of context
,,,,Scientific source,Partially relevant
,,,,International organization,Out of context
,,,,International organization,Out of context
,,,,Unclear website,Out of context
,,,,Scientific source,Out of context
,,,,International organization,Out of context
,,,,Unclear website,Out of context
,,,,Unclear website,Out of context
,,,,Unclear website,Out of context
,,,,Government / public institution,Out of context
,,,,Unclear website,Out of context
,,,,Unclear website,Out of context
,,,,Government / public institution,Partially relevant
,,,,Unclear website,Out of context
,,,,Unclear website,Out of context
,,,,Government / public institution,Out of context
,,,,Unclear website,Out of context
,,,,Scientific source,Out of context
,,,,Unclear website,Out of context
,,,,Unclear website,Out of context
,,,,Unclear website,Out of context
,,,,Unclear website,Out of context
,,,,Unclear website,Out of context
,,,,Journalistic source,Relevant
,,,,Unclear website,Partially relevant
,,,,Journalistic source,Out of context
,,,,Journalistic source,Out of context
,,,,Journalistic source,Partially relevant
,,,,Unclear website,Partially relevant
,,,,Unclear website,Out of context
,,,,Journalistic source,Relevant
,,,,Journalistic source,Relevant
,,,,Journalistic source,Partially relevant
,,,,Journalistic source,Partially relevant
,,,,Unclear website,Partially relevant
,,,,Government / public institution,Partially relevant
,,,,Government / public institution,Out of context
,,,,Intermediate media,Relevant
,,,,Unclear website,Partially relevant
,,,,Unclear website,Partially relevant
,,,,Journalistic source,Partially relevant
,,,,Journalistic source,Partially relevant
,,,,Journalistic source,Partially relevant
,,,,Journalistic source,Out of context
,,,,Unclear website,Partially relevant
,,,,Government / public institution,Partially relevant
,,,,Unclear website,Partially relevant
,,,,Unclear website,Partially relevant
,,,,Journalistic source,Partially relevant
,,,,Journalistic source,Partially relevant
,,,,Journalistic source,Partially relevant
,,,,Unclear website,Partially relevant
,,,,Unclear website,Partially relevant
,,,,Unclear website,Partially relevant
,,,,Unclear website,Out of context
,,,,Unclear website,Partially relevant
,,,,Unclear website,Partially relevant
,,,,Unclear website,Partially relevant
,,,,Intermediate media,Partially relevant
,,,,Unclear website,Out of context
,,,,Unclear website,Out of context
,,,,Intermediate media,Out of context
,,,,Unclear website,Out of context
,,,,Government / public institution,Out of context
,,,,Government / public institution,Out of context
,,,,Government / public institution,Out of context
,,,,Government / public institution,Out of context
,,,,Journalistic source,Partially relevant
,,,,Government / public institution,Out of context
,,,,Unclear website,Out of context
,,,,Unclear website,Partially relevant
,,,,Unclear website,Partially relevant
,,,,Unclear website,Out of context
,,,,Journalistic source,Partially relevant
,,,,Unclear website,Out of context
,,,,Unclear website,Partially relevant
,,,,Government / public institution,Partially relevant
,,,,Unclear website,Partially relevant
,,,,Scientific source,Out of context
,,,,Government / public institution,Out of context
,,,,Government / public institution,Out of context
,,,,Government / public institution,Out of context
,,,,Government / public institution,Out of context
,,,,Unclear website,Out of context
,,,,Unclear website,Relevant
,,,,Unclear website,Out of context
,,,,International organization,Out of context
,,,,Unclear website,Out of context
,,,,Unclear website,Out of context
,,,,Unclear website,Out of context
,,,,International organization,Out of context
,,,,Unclear website,Out of context
,,,,Unclear website,Out of context
,,,,Unclear website,Out of context
,,,,Unclear website,Out of context
,,,,International organization,Out of context
,,,,Government / public institution,Out of context
,,,,Unclear website,Partially relevant
,,,,Unclear website,Partially relevant
,,,,Scientific source,Partially relevant
,,,,Unclear website,Out of context
,,,,Unclear website,Partially relevant
,,,,Scientific source,Partially relevant
,,,,Scientific source,Out of context
,,,,Unclear website,Out of context
,,,,International organization,Out of context
,,,,Unclear website,Out of context
,,,,Scientific source,Out of context
,,,,Unclear website,Out of context
,,,,Unclear website,Out of context
,,,,Journalistic source,Out of context
,,,,Journalistic source,Partially relevant
,,,,Journalistic source,Relevant
,,,,Journalistic source,Out of context
,,,,Journalistic source,Partially relevant
,,,,Government / public institution,Out of context
,,,,Intermediate media,Relevant
,,,,Intermediate media,Partially relevant
,,,,Intermediate media,Partially relevant
,,,,Journalistic source,Partially relevant
,,,,Unclear website,Partially relevant
,,,,Unclear website,Partially relevant
,,,,Journalistic source,Out of context
,,,,Unclear website,Out of context
,,,,Unclear website,Partially relevant
,,,,Unclear website,Partially relevant
,,,,Unclear website,Out of context
,,,,Unclear website,Partially relevant
,,,,Unclear website,Out of context
,,,,Unclear website,Out of context
,,,,Unclear website,Out of context
,,,,Unclear website,Out of context
,,,,Unclear website,Out of context
,,,,Unclear website,Relevant
,,,,Unclear website,Relevant
,,,,Unclear website,Out of context
,,,,Journalistic source,Relevant
,,,,Journalistic source,Relevant
,,,,Unclear website,Out of context
,,,,Journalistic source,Partially relevant
,,,,Journalistic source,Relevant
,,,,Unclear website,Out of context
,,,,Unclear website,Partially relevant
,,,,Unclear website,Out of context
,,,,Unclear website,Out of context
,,,,Unclear website,Partially relevant
,,,,Unclear website,Out of context
,,,,Unclear website,Out of context
,,,,Government / public institution,Out of context
,,,,Government / public institution,Out of context
,,,,Unclear website,Out of context
,,,,Intermediate media,Out of context
,,,,Unclear website,Partially relevant
,,,,Journalistic source,Out of context
,,,,Scientific source,Partially relevant
,,,,Government / public institution,Out of context
,,,,Unclear website,Out of context
,,,,International organization,Out of context
,,,,Unclear website,Out of context
,,,,International organization,Out of context
,,,,Unclear website,Out of context
,,,,Unclear website,Out of context
,,,,International organization,Out of context
,,,,Government / public institution,Out of context
,,,,Unclear website,Out of context
,,,,Unclear website,Out of context
,,,,International organization,Out of context
,,,,Unclear website,Out of context
,,,,International organization,Out of context
,,,,Government / public institution,Out of context
,,,,International organization,Out of context
,,,,Government / public institution,Out of context
,,,,Unclear website,Out of context
,,,,Unclear website,Out of context
,,,,Journalistic source,Out of context
,,,,Journalistic source,Partially relevant
,,,,Journalistic source,Partially relevant
,,,,Journalistic source,Out of context
,,,,Unclear website,Partially relevant
,,,,Government / public institution,Out of context
,,,,Journalistic source,Partially relevant
,,,,Government / public institution,Out of context
,,,,Unclear website,Out of context
,,,,Unclear website,Out of context
,,,,Government / public institution,Out of context
,,,,Government / public institution,Out of context
,,,,Government / public institution,Out of context
,,,,Government / public institution,Partially relevant
,,,,Government / public institution,Out of context
,,,,Unclear website,Partially relevant
,,,,Government / public institution,Out of context
,,,,Government / public institution,Partially relevant
,,,,Government / public institution,Partially relevant
,,,,Government / public institution,Partially relevant
,,,,Government / public institution,Partially relevant
,,,,Government / public institution,Out of context
,,,,Unclear website,Partially relevant
,,,,Government / public institution,Out of context
,,,,Government / public institution,Out of context
,,,,Government / public institution,Out of context
,,,,Unclear website,Out of context
,,,,Unclear website,Out of context
,,,,Unclear website,Out of context
,,,,Unclear website,Out of context
,,,,Government / public institution,Out of context
,,,,Government / public institution,Out of context
,,,,Unclear website,Out of context
,,,,Unclear website,Out of context
,,,,Unclear website,Out of context
,,,,Unclear website,Out of context
,,,,Unclear website,Out of context
,,,,Unclear website,Out of context
,,,,Unclear website,Partially relevant
,,,,Unclear website,Out of context
,,,,Unclear website,Out of context
,,,,Unclear website,Out of context
,,,,Government / public institution,Out of context
,,,,Scientific source,Out of context
,,,,Government / public institution,Out of context
,,,,Government / public institution,Partially relevant
,,,,Unclear website,Partially relevant
,,,,Unclear website,Out of context
,,,,Unclear website,Out of context
,,,,Unclear website,Out of context
,,,,Unclear website,Out of context
,,,,Unclear website,Partially relevant
,,,,Unclear website,Out of context
,,,,Unclear website,Out of context
,,,,Unclear website,Out of context
,,,,Unclear website,Out of context
,,,,Unclear website,Out of context
,,,,Unclear website,Out of context
,,,,Unclear website,Out of context
,,,,Unclear website,Out of context
,,,,Government / public institution,Out of context
,,,,Government / public institution,Out of context
,,,,Government / public institution,Partially relevant
,,,,Government / public institution,Partially relevant
,,,,Unclear website,Out of context
,,,,Government / public institution,Partially relevant
,,,,Government / public institution,Partially relevant
,,,,Government / public institution,Out of context
,,,,Unclear website,Partially relevant
,,,,Government / public institution,Partially relevant
,,,,Government / public institution,Out of context
,,,,Unclear website,Out of context
,,,,Scientific source,Out of context
,,,,Unclear website,Out of context
,,,,Unclear website,Out of context
,,,,Government / public institution,Out of context
,,,,Unclear website,Out of context
,,,,International organization,Out of context
,,,,Government / public institution,Partially relevant
,,,,Government / public institution,Out of context
,,,,Unclear website,Out of context
,,,,International organization,Out of context
,,,,Unclear website,Out of context
,,,,Journalistic source,Relevant
,,,,Unclear website,Relevant
,,,,Journalistic source,Relevant
,,,,Journalistic source,Relevant
,,,,Government / public institution,Relevant
,,,,Journalistic source,Relevant
,,,,Journalistic source,Relevant
,,,,Journalistic source,Relevant
,,,,Journalistic source,Relevant
,,,,Journalistic source,Relevant
,,,,Journalistic source,Relevant
,,,,Intermediate media,Relevant
,,,,Unclear website,Relevant
,,,,Journalistic source,Relevant
,,,,Unclear website,Relevant
,,,,Journalistic source,Relevant
,,,,Unclear website,Relevant
,,,,Unclear website,Relevant
,,,,Unclear website,Relevant
,,,,Unclear website,Relevant
,,,,Government / public institution,Relevant
,,,,Unclear website,Relevant
,,,,Unclear website,Relevant
,,,,Unclear website,Relevant
,,,,Unclear website,Relevant
,,,,Unclear website,Relevant
,,,,Unclear website,Relevant
,,,,Unclear website,Relevant
,,,,Government / public institution,Relevant
,,,,Unclear website,Relevant
,,,,Journalistic source,Relevant
,,,,Journalistic source,Relevant
,,,,Journalistic source,Relevant
,,,,Journalistic source,Relevant
,,,,Government / public institution,Relevant
,,,,Unclear website,Relevant
,,,,Unclear website,Relevant
,,,,Unclear website,Relevant
,,,,Unclear website,Relevant
,,,,Unclear website,Relevant
,,,,Unclear website,Relevant
,,,,Unclear website,Relevant
,,,,Journalistic source,Partially relevant
,,,,Unclear website,Relevant
,,,,Unclear website,Relevant
,,,,Unclear website,Relevant
,,,,Unclear website,Relevant
,,,,Unclear website,Relevant
,,,,Unclear website,Relevant
,,,,Unclear website,Out of context
,,,,Unclear website,Out of context
,,,,Unclear website,Relevant
,,,,Unclear website,Relevant
,,,,Unclear website,Partially relevant
,,,,Unclear website,Relevant
,,,,Unclear website,Relevant
,,,,Unclear website,Relevant
,,,,Unclear website,Relevant
,,,,Unclear website,Relevant
,,,,Government / public institution,Cannot determine
,,,,Unclear website,Cannot determine
,,,,Scientific source,Cannot determine
,,,,Unclear website,Cannot determine
,,,,Unclear website,Cannot determine
,,,,Unclear website,Cannot determine
,,,,Government / public institution,Cannot determine
,,,,Government / public institution,Cannot determine
,,,,Government / public institution,Cannot determine
,,,,Government / public institution,Cannot determine
,,,,Journalistic source,Cannot determine
,,,,Unclear website,Cannot determine
,,,,Unclear website,Cannot determine
,,,,Government / public institution,Cannot determine
,,,,Unclear website,Cannot determine
,,,,Unclear website,Cannot determine
,,,,Unclear website,Cannot determine
,,,,Government / public institution,Out of context
,,,,Unclear website,Partially relevant
,,,,Scientific source,Partially relevant
,,,,Unclear website,Partially relevant
,,,,Unclear website,Partially relevant
,,,,Unclear website,Partially relevant
,,,,Government / public institution,Partially relevant
,,,,Government / public institution,Partially relevant
,,,,Government / public institution,Partially relevant
,,,,Government / public institution,Partially relevant
,,,,Journalistic source,Out of context
,,,,Unclear website,Partially relevant
,,,,Unclear website,Partially relevant
,,,,Government / public institution,Partially relevant
,,,,Unclear website,Out of context
,,,,Unclear website,Partially relevant
,,,,Unclear website,Partially relevant
,,,,Journalistic source,Out of context
,,,,Journalistic source,Partially relevant
,,,,Intermediate media,Out of context
,,,,Intermediate media,Out of context
,,,,Unclear website,Out of context
,,,,Unclear website,Out of context
,,,,Unclear website,Out of context
,,,,Unclear website,Out of context
,,,,Unclear website,Out of context
,,,,Unclear website,Out of context
,,,,Unclear website,Out of context
,,,,Unclear website,Out of context
,,,,Unclear website,Out of context
,,,,Unclear website,Out of context
,,,,Unclear website,Out of context
,,,,Unclear website,Out of context
,,,,Unclear website,Out of context
,,,,Unclear website,Out of context
,,,,Scientific source,Out of context
,,,,Unclear website,Out of context
,,,,Unclear website,Out of context
,,,,Unclear website,Out of context
,,,,Unclear website,Out of context
,,,,Unclear website,Out of context
,,,,Unclear website,Out of context
,,,,Unclear website,Partially relevant
,,,,Unclear website,Out of context
,,,,International organization,Out of context
,,,,Unclear website,Out of context
,,,,Unclear website,Out of context
,,,,Unclear website,Out of context
,,,,Unclear website,Out of context
,,,,Unclear website,Out of context
,,,,Unclear website,Out of context
,,,,Unclear website,Out of context
,,,,Unclear website,Out of context
,,,,Unclear website,Out of context
,,,,Unclear website,Out of context
,,,,Unclear website,Out of context